2026-08-21 18:10:26 [*] Codigo fonte mais recente que o .exe (MainWindow.g.cs 08/21/2026 18:07:18 > 08/21/2026 17:48:34). Recompilando...
2026-08-21 18:10:26 [*] Compilando Release (dotnet build -c Release)...

Compila├º├úo com ├¬xito.
    0 Aviso(s)
    0 Erro(s)

Tempo Decorrido 00:00:07.57
2026-08-21 18:10:34 [OK] Build Release concluido.
2026-08-21 18:10:34 [*] Iniciando C:\Killtech\src\NetworkDevice.UI\bin\Release\net8.0-windows\NetworkDevice.UI.exe
2026-08-21 18:13:49 [*] Nenhuma alteracao detectada. Usando build Release existente.
2026-08-21 18:13:49 [*] Iniciando C:\Killtech\src\NetworkDevice.UI\bin\Release\net8.0-windows\NetworkDevice.UI.exe
2026-08-21 18:14:58 [*] Nenhuma alteracao detectada. Usando build Release existente.
2026-08-21 18:14:58 [*] Iniciando C:\Killtech\src\NetworkDevice.UI\bin\Release\net8.0-windows\NetworkDevice.UI.exe
2026-08-21 18:16:27 [*] Nenhuma alteracao detectada. Usando build Release existente.
2026-08-21 18:16:27 [*] Iniciando C:\Killtech\src\NetworkDevice.UI\bin\Release\net8.0-windows\NetworkDevice.UI.exe
2026-08-21 18:18:29 [*] Nenhuma alteracao detectada. Usando build Release existente.
2026-08-21 18:18:29 [*] Iniciando C:\Killtech\src\NetworkDevice.UI\bin\Release\net8.0-windows\NetworkDevice.UI.exe
2026-08-21 18:21:20 [*] Nenhuma alteracao detectada. Usando build Release existente.
2026-08-21 18:21:20 [*] Iniciando C:\Killtech\src\NetworkDevice.UI\bin\Release\net8.0-windows\NetworkDevice.UI.exe
2026-08-21 18:27:26 [*] Nenhuma alteracao detectada. Usando build Release existente.
2026-08-21 18:27:26 [*] Iniciando C:\Killtech\src\NetworkDevice.UI\bin\Release\net8.0-windows\NetworkDevice.UI.exe
2026-08-21 18:36:47 [*] Nenhuma alteracao detectada. Usando build Release existente.
2026-08-21 18:36:47 [*] Iniciando C:\Killtech\src\NetworkDevice.UI\bin\Release\net8.0-windows\NetworkDevice.UI.exe
2026-08-21 18:39:00 [*] Nenhuma alteracao detectada. Usando build Release existente.
2026-08-21 18:39:01 [*] Iniciando C:\Killtech\src\NetworkDevice.UI\bin\Release\net8.0-windows\NetworkDevice.UI.exe
2026-08-21 18:40:34 [*] Nenhuma alteracao detectada. Usando build Release existente.
2026-08-21 18:40:34 [*] Iniciando C:\Killtech\src\NetworkDevice.UI\bin\Release\net8.0-windows\NetworkDevice.UI.exe
2026-08-21 18:45:46 [*] Nenhuma alteracao detectada. Usando build Release existente.
2026-08-21 18:45:46 [*] Iniciando C:\Killtech\src\NetworkDevice.UI\bin\Release\net8.0-windows\NetworkDevice.UI.exe
2026-08-21 18:53:55 [*] Nenhuma alteracao detectada. Usando build Release existente.
2026-08-21 18:53:55 [*] Iniciando C:\Killtech\src\NetworkDevice.UI\bin\Release\net8.0-windows\NetworkDevice.UI.exe
2026-08-21 18:55:10 [*] Nenhuma alteracao detectada. Usando build Release existente.
2026-08-21 18:55:10 [*] Iniciando C:\Killtech\src\NetworkDevice.UI\bin\Release\net8.0-windows\NetworkDevice.UI.exe
2026-08-21 18:58:58 [*] Nenhuma alteracao detectada. Usando build Release existente.
2026-08-21 18:58:58 [*] Iniciando C:\Killtech\src\NetworkDevice.UI\bin\Release\net8.0-windows\NetworkDevice.UI.exe
2026-08-21 19:01:15 [*] Nenhuma alteracao detectada. Usando build Release existente.
2026-08-21 19:01:15 [*] Iniciando C:\Killtech\src\NetworkDevice.UI\bin\Release\net8.0-windows\NetworkDevice.UI.exe
2026-08-21 19:05:15 [*] Nenhuma alteracao detectada. Usando build Release existente.
2026-08-21 19:05:15 [*] Iniciando C:\Killtech\src\NetworkDevice.UI\bin\Release\net8.0-windows\NetworkDevice.UI.exe
2026-08-21 19:10:17 [*] Nenhuma alteracao detectada. Usando build Release existente.
2026-08-21 19:10:17 [*] Iniciando C:\Killtech\src\NetworkDevice.UI\bin\Release\net8.0-windows\NetworkDevice.UI.exe
2026-08-21 19:11:45 [*] Nenhuma alteracao detectada. Usando build Release existente.
2026-08-21 19:11:45 [*] Iniciando C:\Killtech\src\NetworkDevice.UI\bin\Release\net8.0-windows\NetworkDevice.UI.exe
2026-08-21 19:13:33 [*] Nenhuma alteracao detectada. Usando build Release existente.
2026-08-21 19:13:33 [*] Iniciando C:\Killtech\src\NetworkDevice.UI\bin\Release\net8.0-windows\NetworkDevice.UI.exe
2026-08-21 19:18:06 [*] Nenhuma alteracao detectada. Usando build Release existente.
2026-08-21 19:18:06 [*] Iniciando C:\Killtech\src\NetworkDevice.UI\bin\Release\net8.0-windows\NetworkDevice.UI.exe
2026-08-21 19:24:26 [*] Nenhuma alteracao detectada. Usando build Release existente.
2026-08-21 19:24:26 [*] Iniciando C:\Killtech\src\NetworkDevice.UI\bin\Release\net8.0-windows\NetworkDevice.UI.exe
2026-08-24 09:51:09 [*] Nenhuma alteracao detectada. Usando build Release existente.
2026-08-24 09:51:09 [*] Iniciando C:\Killtech\src\NetworkDevice.UI\bin\Release\net8.0-windows\NetworkDevice.UI.exe
2026-08-24 10:06:30 [*] Codigo fonte mais recente que o .exe (HpeComwareUpgrader.cs 08/24/2026 10:04:15 > 08/21/2026 19:17:56). Recompilando...
2026-08-24 10:06:31 [*] Compilando Release (dotnet build -c Release)...
C:\Killtech\src\NetworkDevice.Core\Diagnostics\ConnectivityService.cs(288,17): warning CS0219: A vari├ível "portOpen" ├® atribu├¡da, mas seu valor nunca ├® usado [C:\Killtech\src\NetworkDevice.Core\NetworkDevice.Core.csproj]
C:\Killtech\src\NetworkDevice.Core\Provisioning\HostNetworkManager.cs(166,39): warning CA1416: Este site de chamada pode ser acessado em todas as plataformas. S├│ h├í suporte para 'WindowsBuiltInRole.Administrator' em: 'windows'. (https://learn.microsoft.com/dotnet/fundamentals/code-analysis/quality-rules/ca1416) [C:\Killtech\src\NetworkDevice.Core\NetworkDevice.Core.csproj]
C:\Killtech\src\NetworkDevice.Core\Provisioning\HostNetworkManager.cs(165,29): warning CA1416: Este site de chamada pode ser acessado em todas as plataformas. S├│ h├í suporte para 'WindowsPrincipal' em: 'windows'. (https://learn.microsoft.com/dotnet/fundamentals/code-analysis/quality-rules/ca1416) [C:\Killtech\src\NetworkDevice.Core\NetworkDevice.Core.csproj]
C:\Killtech\src\NetworkDevice.Core\Provisioning\HostNetworkManager.cs(164,28): warning CA1416: Este site de chamada pode ser acessado em todas as plataformas. S├│ h├í suporte para 'WindowsIdentity.GetCurrent()' em: 'windows'. (https://learn.microsoft.com/dotnet/fundamentals/code-analysis/quality-rules/ca1416) [C:\Killtech\src\NetworkDevice.Core\NetworkDevice.Core.csproj]
C:\Killtech\src\NetworkDevice.Core\Provisioning\HostNetworkManager.cs(166,20): warning CA1416: Este site de chamada pode ser acessado em todas as plataformas. S├│ h├í suporte para 'WindowsPrincipal.IsInRole(WindowsBuiltInRole)' em: 'windows'. (https://learn.microsoft.com/dotnet/fundamentals/code-analysis/quality-rules/ca1416) [C:\Killtech\src\NetworkDevice.Core\NetworkDevice.Core.csproj]
C:\Killtech\src\NetworkDevice.UI\MainWindow.xaml.cs(195,102): warning CS8602: Desrefer├¬ncia de uma refer├¬ncia possivelmente nula. [C:\Killtech\src\NetworkDevice.UI\NetworkDevice.UI.csproj]

Compila├º├úo com ├¬xito.

C:\Killtech\src\NetworkDevice.Core\Diagnostics\ConnectivityService.cs(288,17): warning CS0219: A vari├ível "portOpen" ├® atribu├¡da, mas seu valor nunca ├® usado [C:\Killtech\src\NetworkDevice.Core\NetworkDevice.Core.csproj]
C:\Killtech\src\NetworkDevice.Core\Provisioning\HostNetworkManager.cs(166,39): warning CA1416: Este site de chamada pode ser acessado em todas as plataformas. S├│ h├í suporte para 'WindowsBuiltInRole.Administrator' em: 'windows'. (https://learn.microsoft.com/dotnet/fundamentals/code-analysis/quality-rules/ca1416) [C:\Killtech\src\NetworkDevice.Core\NetworkDevice.Core.csproj]
C:\Killtech\src\NetworkDevice.Core\Provisioning\HostNetworkManager.cs(165,29): warning CA1416: Este site de chamada pode ser acessado em todas as plataformas. S├│ h├í suporte para 'WindowsPrincipal' em: 'windows'. (https://learn.microsoft.com/dotnet/fundamentals/code-analysis/quality-rules/ca1416) [C:\Killtech\src\NetworkDevice.Core\NetworkDevice.Core.csproj]
C:\Killtech\src\NetworkDevice.Core\Provisioning\HostNetworkManager.cs(164,28): warning CA1416: Este site de chamada pode ser acessado em todas as plataformas. S├│ h├í suporte para 'WindowsIdentity.GetCurrent()' em: 'windows'. (https://learn.microsoft.com/dotnet/fundamentals/code-analysis/quality-rules/ca1416) [C:\Killtech\src\NetworkDevice.Core\NetworkDevice.Core.csproj]
C:\Killtech\src\NetworkDevice.Core\Provisioning\HostNetworkManager.cs(166,20): warning CA1416: Este site de chamada pode ser acessado em todas as plataformas. S├│ h├í suporte para 'WindowsPrincipal.IsInRole(WindowsBuiltInRole)' em: 'windows'. (https://learn.microsoft.com/dotnet/fundamentals/code-analysis/quality-rules/ca1416) [C:\Killtech\src\NetworkDevice.Core\NetworkDevice.Core.csproj]
C:\Killtech\src\NetworkDevice.UI\MainWindow.xaml.cs(195,102): warning CS8602: Desrefer├¬ncia de uma refer├¬ncia possivelmente nula. [C:\Killtech\src\NetworkDevice.UI\NetworkDevice.UI.csproj]
    6 Aviso(s)
    0 Erro(s)

Tempo Decorrido 00:00:03.02
2026-08-24 10:06:34 [OK] Build Release concluido.
2026-08-24 10:06:34 [*] Iniciando C:\Killtech\src\NetworkDevice.UI\bin\Release\net8.0-windows\NetworkDevice.UI.exe
2026-08-24 10:13:08 [*] Codigo fonte mais recente que o .exe (HpeComwareUpgrader.cs 08/24/2026 10:12:22 > 08/24/2026 10:06:34). Recompilando...
2026-08-24 10:13:08 [*] Compilando Release (dotnet build -c Release)...
C:\Killtech\src\NetworkDevice.UI\MainWindow.xaml.cs(195,102): warning CS8602: Desrefer├¬ncia de uma refer├¬ncia possivelmente nula. [C:\Killtech\src\NetworkDevice.UI\NetworkDevice.UI.csproj]

Compila├º├úo com ├¬xito.

C:\Killtech\src\NetworkDevice.UI\MainWindow.xaml.cs(195,102): warning CS8602: Desrefer├¬ncia de uma refer├¬ncia possivelmente nula. [C:\Killtech\src\NetworkDevice.UI\NetworkDevice.UI.csproj]
    1 Aviso(s)
    0 Erro(s)

Tempo Decorrido 00:00:02.76
2026-08-24 10:13:12 [OK] Build Release concluido.
2026-08-24 10:13:12 [*] Iniciando C:\Killtech\src\NetworkDevice.UI\bin\Release\net8.0-windows\NetworkDevice.UI.exe
2026-08-24 10:25:06 [*] Codigo fonte mais recente que o .exe (HpeSaipConfigurator.cs 08/24/2026 10:17:23 > 08/24/2026 10:13:11). Recompilando...
2026-08-24 10:25:06 [*] Compilando Release (dotnet build -c Release)...
C:\Killtech\src\NetworkDevice.Core\Diagnostics\ConnectivityService.cs(288,17): warning CS0219: A vari├ível "portOpen" ├® atribu├¡da, mas seu valor nunca ├® usado [C:\Killtech\src\NetworkDevice.Core\NetworkDevice.Core.csproj]
C:\Killtech\src\NetworkDevice.Core\Provisioning\HpeSaipConfigurator.cs(191,21): error CS0826: N├úo foi encontrado nenhum tipo melhor para a matriz do tipo impl├¡cita [C:\Killtech\src\NetworkDevice.Core\NetworkDevice.Core.csproj]
C:\Killtech\src\NetworkDevice.Core\Provisioning\HpeSaipConfigurator.cs(214,29): error CS0826: N├úo foi encontrado nenhum tipo melhor para a matriz do tipo impl├¡cita [C:\Killtech\src\NetworkDevice.Core\NetworkDevice.Core.csproj]
C:\Killtech\src\NetworkDevice.Core\Provisioning\HostNetworkManager.cs(165,29): warning CA1416: Este site de chamada pode ser acessado em todas as plataformas. S├│ h├í suporte para 'WindowsPrincipal' em: 'windows'. (https://learn.microsoft.com/dotnet/fundamentals/code-analysis/quality-rules/ca1416) [C:\Killtech\src\NetworkDevice.Core\NetworkDevice.Core.csproj]
C:\Killtech\src\NetworkDevice.Core\Provisioning\HostNetworkManager.cs(164,28): warning CA1416: Este site de chamada pode ser acessado em todas as plataformas. S├│ h├í suporte para 'WindowsIdentity.GetCurrent()' em: 'windows'. (https://learn.microsoft.com/dotnet/fundamentals/code-analysis/quality-rules/ca1416) [C:\Killtech\src\NetworkDevice.Core\NetworkDevice.Core.csproj]
C:\Killtech\src\NetworkDevice.Core\Provisioning\HostNetworkManager.cs(166,39): warning CA1416: Este site de chamada pode ser acessado em todas as plataformas. S├│ h├í suporte para 'WindowsBuiltInRole.Administrator' em: 'windows'. (https://learn.microsoft.com/dotnet/fundamentals/code-analysis/quality-rules/ca1416) [C:\Killtech\src\NetworkDevice.Core\NetworkDevice.Core.csproj]
C:\Killtech\src\NetworkDevice.Core\Provisioning\HostNetworkManager.cs(166,20): warning CA1416: Este site de chamada pode ser acessado em todas as plataformas. S├│ h├í suporte para 'WindowsPrincipal.IsInRole(WindowsBuiltInRole)' em: 'windows'. (https://learn.microsoft.com/dotnet/fundamentals/code-analysis/quality-rules/ca1416) [C:\Killtech\src\NetworkDevice.Core\NetworkDevice.Core.csproj]

FALHA da compila├º├úo.

C:\Killtech\src\NetworkDevice.Core\Diagnostics\ConnectivityService.cs(288,17): warning CS0219: A vari├ível "portOpen" ├® atribu├¡da, mas seu valor nunca ├® usado [C:\Killtech\src\NetworkDevice.Core\NetworkDevice.Core.csproj]
C:\Killtech\src\NetworkDevice.Core\Provisioning\HostNetworkManager.cs(165,29): warning CA1416: Este site de chamada pode ser acessado em todas as plataformas. S├│ h├í suporte para 'WindowsPrincipal' em: 'windows'. (https://learn.microsoft.com/dotnet/fundamentals/code-analysis/quality-rules/ca1416) [C:\Killtech\src\NetworkDevice.Core\NetworkDevice.Core.csproj]
C:\Killtech\src\NetworkDevice.Core\Provisioning\HostNetworkManager.cs(164,28): warning CA1416: Este site de chamada pode ser acessado em todas as plataformas. S├│ h├í suporte para 'WindowsIdentity.GetCurrent()' em: 'windows'. (https://learn.microsoft.com/dotnet/fundamentals/code-analysis/quality-rules/ca1416) [C:\Killtech\src\NetworkDevice.Core\NetworkDevice.Core.csproj]
C:\Killtech\src\NetworkDevice.Core\Provisioning\HostNetworkManager.cs(166,39): warning CA1416: Este site de chamada pode ser acessado em todas as plataformas. S├│ h├í suporte para 'WindowsBuiltInRole.Administrator' em: 'windows'. (https://learn.microsoft.com/dotnet/fundamentals/code-analysis/quality-rules/ca1416) [C:\Killtech\src\NetworkDevice.Core\NetworkDevice.Core.csproj]
C:\Killtech\src\NetworkDevice.Core\Provisioning\HostNetworkManager.cs(166,20): warning CA1416: Este site de chamada pode ser acessado em todas as plataformas. S├│ h├í suporte para 'WindowsPrincipal.IsInRole(WindowsBuiltInRole)' em: 'windows'. (https://learn.microsoft.com/dotnet/fundamentals/code-analysis/quality-rules/ca1416) [C:\Killtech\src\NetworkDevice.Core\NetworkDevice.Core.csproj]
C:\Killtech\src\NetworkDevice.Core\Provisioning\HpeSaipConfigurator.cs(191,21): error CS0826: N├úo foi encontrado nenhum tipo melhor para a matriz do tipo impl├¡cita [C:\Killtech\src\NetworkDevice.Core\NetworkDevice.Core.csproj]
C:\Killtech\src\NetworkDevice.Core\Provisioning\HpeSaipConfigurator.cs(214,29): error CS0826: N├úo foi encontrado nenhum tipo melhor para a matriz do tipo impl├¡cita [C:\Killtech\src\NetworkDevice.Core\NetworkDevice.Core.csproj]
    5 Aviso(s)
    2 Erro(s)

Tempo Decorrido 00:00:03.72
2026-08-24 10:25:10 [ERRO] Falha na compilacao Release (exit 1). Tentando iniciar versao anterior se existir...
2026-08-24 10:25:10 [*] Iniciando C:\Killtech\src\NetworkDevice.UI\bin\Release\net8.0-windows\NetworkDevice.UI.exe
2026-08-24 10:32:42 [*] Codigo fonte mais recente que o .exe (HpeSaipConfigurator.cs 08/24/2026 10:30:23 > 08/24/2026 10:13:11). Recompilando...
2026-08-24 10:32:42 [*] Compilando Release (dotnet build -c Release)...
C:\Killtech\src\NetworkDevice.Core\Provisioning\HpeSaipConfigurator.cs(191,21): error CS0826: N├úo foi encontrado nenhum tipo melhor para a matriz do tipo impl├¡cita [C:\Killtech\src\NetworkDevice.Core\NetworkDevice.Core.csproj]
C:\Killtech\src\NetworkDevice.Core\Provisioning\HpeSaipConfigurator.cs(215,29): error CS0826: N├úo foi encontrado nenhum tipo melhor para a matriz do tipo impl├¡cita [C:\Killtech\src\NetworkDevice.Core\NetworkDevice.Core.csproj]
C:\Killtech\src\NetworkDevice.Core\Diagnostics\ConnectivityService.cs(288,17): warning CS0219: A vari├ível "portOpen" ├® atribu├¡da, mas seu valor nunca ├® usado [C:\Killtech\src\NetworkDevice.Core\NetworkDevice.Core.csproj]
C:\Killtech\src\NetworkDevice.Core\Provisioning\HostNetworkManager.cs(166,39): warning CA1416: Este site de chamada pode ser acessado em todas as plataformas. S├│ h├í suporte para 'WindowsBuiltInRole.Administrator' em: 'windows'. (https://learn.microsoft.com/dotnet/fundamentals/code-analysis/quality-rules/ca1416) [C:\Killtech\src\NetworkDevice.Core\NetworkDevice.Core.csproj]
C:\Killtech\src\NetworkDevice.Core\Provisioning\HostNetworkManager.cs(165,29): warning CA1416: Este site de chamada pode ser acessado em todas as plataformas. S├│ h├í suporte para 'WindowsPrincipal' em: 'windows'. (https://learn.microsoft.com/dotnet/fundamentals/code-analysis/quality-rules/ca1416) [C:\Killtech\src\NetworkDevice.Core\NetworkDevice.Core.csproj]
C:\Killtech\src\NetworkDevice.Core\Provisioning\HostNetworkManager.cs(166,20): warning CA1416: Este site de chamada pode ser acessado em todas as plataformas. S├│ h├í suporte para 'WindowsPrincipal.IsInRole(WindowsBuiltInRole)' em: 'windows'. (https://learn.microsoft.com/dotnet/fundamentals/code-analysis/quality-rules/ca1416) [C:\Killtech\src\NetworkDevice.Core\NetworkDevice.Core.csproj]
C:\Killtech\src\NetworkDevice.Core\Provisioning\HostNetworkManager.cs(164,28): warning CA1416: Este site de chamada pode ser acessado em todas as plataformas. S├│ h├í suporte para 'WindowsIdentity.GetCurrent()' em: 'windows'. (https://learn.microsoft.com/dotnet/fundamentals/code-analysis/quality-rules/ca1416) [C:\Killtech\src\NetworkDevice.Core\NetworkDevice.Core.csproj]

FALHA da compila├º├úo.

C:\Killtech\src\NetworkDevice.Core\Diagnostics\ConnectivityService.cs(288,17): warning CS0219: A vari├ível "portOpen" ├® atribu├¡da, mas seu valor nunca ├® usado [C:\Killtech\src\NetworkDevice.Core\NetworkDevice.Core.csproj]
C:\Killtech\src\NetworkDevice.Core\Provisioning\HostNetworkManager.cs(166,39): warning CA1416: Este site de chamada pode ser acessado em todas as plataformas. S├│ h├í suporte para 'WindowsBuiltInRole.Administrator' em: 'windows'. (https://learn.microsoft.com/dotnet/fundamentals/code-analysis/quality-rules/ca1416) [C:\Killtech\src\NetworkDevice.Core\NetworkDevice.Core.csproj]
C:\Killtech\src\NetworkDevice.Core\Provisioning\HostNetworkManager.cs(165,29): warning CA1416: Este site de chamada pode ser acessado em todas as plataformas. S├│ h├í suporte para 'WindowsPrincipal' em: 'windows'. (https://learn.microsoft.com/dotnet/fundamentals/code-analysis/quality-rules/ca1416) [C:\Killtech\src\NetworkDevice.Core\NetworkDevice.Core.csproj]
C:\Killtech\src\NetworkDevice.Core\Provisioning\HostNetworkManager.cs(166,20): warning CA1416: Este site de chamada pode ser acessado em todas as plataformas. S├│ h├í suporte para 'WindowsPrincipal.IsInRole(WindowsBuiltInRole)' em: 'windows'. (https://learn.microsoft.com/dotnet/fundamentals/code-analysis/quality-rules/ca1416) [C:\Killtech\src\NetworkDevice.Core\NetworkDevice.Core.csproj]
C:\Killtech\src\NetworkDevice.Core\Provisioning\HostNetworkManager.cs(164,28): warning CA1416: Este site de chamada pode ser acessado em todas as plataformas. S├│ h├í suporte para 'WindowsIdentity.GetCurrent()' em: 'windows'. (https://learn.microsoft.com/dotnet/fundamentals/code-analysis/quality-rules/ca1416) [C:\Killtech\src\NetworkDevice.Core\NetworkDevice.Core.csproj]
C:\Killtech\src\NetworkDevice.Core\Provisioning\HpeSaipConfigurator.cs(191,21): error CS0826: N├úo foi encontrado nenhum tipo melhor para a matriz do tipo impl├¡cita [C:\Killtech\src\NetworkDevice.Core\NetworkDevice.Core.csproj]
C:\Killtech\src\NetworkDevice.Core\Provisioning\HpeSaipConfigurator.cs(215,29): error CS0826: N├úo foi encontrado nenhum tipo melhor para a matriz do tipo impl├¡cita [C:\Killtech\src\NetworkDevice.Core\NetworkDevice.Core.csproj]
    5 Aviso(s)
    2 Erro(s)

Tempo Decorrido 00:00:01.71
2026-08-24 10:32:44 [ERRO] Falha na compilacao Release (exit 1). Tentando iniciar versao anterior se existir...
2026-08-24 10:32:44 [*] Iniciando C:\Killtech\src\NetworkDevice.UI\bin\Release\net8.0-windows\NetworkDevice.UI.exe
2026-08-24 10:37:47 [*] Codigo fonte mais recente que o .exe (MainWindow.g.cs 08/24/2026 10:35:43 > 08/24/2026 10:13:11). Recompilando...
2026-08-24 10:37:47 [*] Compilando Release (dotnet build -c Release)...
C:\Killtech\src\NetworkDevice.Core\Diagnostics\ConnectivityService.cs(288,17): warning CS0219: A vari├ível "portOpen" ├® atribu├¡da, mas seu valor nunca ├® usado [C:\Killtech\src\NetworkDevice.Core\NetworkDevice.Core.csproj]
C:\Killtech\src\NetworkDevice.Core\Provisioning\HostNetworkManager.cs(164,28): warning CA1416: Este site de chamada pode ser acessado em todas as plataformas. S├│ h├í suporte para 'WindowsIdentity.GetCurrent()' em: 'windows'. (https://learn.microsoft.com/dotnet/fundamentals/code-analysis/quality-rules/ca1416) [C:\Killtech\src\NetworkDevice.Core\NetworkDevice.Core.csproj]
C:\Killtech\src\NetworkDevice.Core\Provisioning\HostNetworkManager.cs(166,39): warning CA1416: Este site de chamada pode ser acessado em todas as plataformas. S├│ h├í suporte para 'WindowsBuiltInRole.Administrator' em: 'windows'. (https://learn.microsoft.com/dotnet/fundamentals/code-analysis/quality-rules/ca1416) [C:\Killtech\src\NetworkDevice.Core\NetworkDevice.Core.csproj]
C:\Killtech\src\NetworkDevice.Core\Provisioning\HostNetworkManager.cs(166,20): warning CA1416: Este site de chamada pode ser acessado em todas as plataformas. S├│ h├í suporte para 'WindowsPrincipal.IsInRole(WindowsBuiltInRole)' em: 'windows'. (https://learn.microsoft.com/dotnet/fundamentals/code-analysis/quality-rules/ca1416) [C:\Killtech\src\NetworkDevice.Core\NetworkDevice.Core.csproj]
C:\Killtech\src\NetworkDevice.Core\Provisioning\HostNetworkManager.cs(165,29): warning CA1416: Este site de chamada pode ser acessado em todas as plataformas. S├│ h├í suporte para 'WindowsPrincipal' em: 'windows'. (https://learn.microsoft.com/dotnet/fundamentals/code-analysis/quality-rules/ca1416) [C:\Killtech\src\NetworkDevice.Core\NetworkDevice.Core.csproj]
C:\Killtech\src\NetworkDevice.UI\MainWindow.xaml.cs(195,102): warning CS8602: Desrefer├¬ncia de uma refer├¬ncia possivelmente nula. [C:\Killtech\src\NetworkDevice.UI\NetworkDevice.UI.csproj]

Compila├º├úo com ├¬xito.

C:\Killtech\src\NetworkDevice.Core\Diagnostics\ConnectivityService.cs(288,17): warning CS0219: A vari├ível "portOpen" ├® atribu├¡da, mas seu valor nunca ├® usado [C:\Killtech\src\NetworkDevice.Core\NetworkDevice.Core.csproj]
C:\Killtech\src\NetworkDevice.Core\Provisioning\HostNetworkManager.cs(164,28): warning CA1416: Este site de chamada pode ser acessado em todas as plataformas. S├│ h├í suporte para 'WindowsIdentity.GetCurrent()' em: 'windows'. (https://learn.microsoft.com/dotnet/fundamentals/code-analysis/quality-rules/ca1416) [C:\Killtech\src\NetworkDevice.Core\NetworkDevice.Core.csproj]
C:\Killtech\src\NetworkDevice.Core\Provisioning\HostNetworkManager.cs(166,39): warning CA1416: Este site de chamada pode ser acessado em todas as plataformas. S├│ h├í suporte para 'WindowsBuiltInRole.Administrator' em: 'windows'. (https://learn.microsoft.com/dotnet/fundamentals/code-analysis/quality-rules/ca1416) [C:\Killtech\src\NetworkDevice.Core\NetworkDevice.Core.csproj]
C:\Killtech\src\NetworkDevice.Core\Provisioning\HostNetworkManager.cs(166,20): warning CA1416: Este site de chamada pode ser acessado em todas as plataformas. S├│ h├í suporte para 'WindowsPrincipal.IsInRole(WindowsBuiltInRole)' em: 'windows'. (https://learn.microsoft.com/dotnet/fundamentals/code-analysis/quality-rules/ca1416) [C:\Killtech\src\NetworkDevice.Core\NetworkDevice.Core.csproj]
C:\Killtech\src\NetworkDevice.Core\Provisioning\HostNetworkManager.cs(165,29): warning CA1416: Este site de chamada pode ser acessado em todas as plataformas. S├│ h├í suporte para 'WindowsPrincipal' em: 'windows'. (https://learn.microsoft.com/dotnet/fundamentals/code-analysis/quality-rules/ca1416) [C:\Killtech\src\NetworkDevice.Core\NetworkDevice.Core.csproj]
C:\Killtech\src\NetworkDevice.UI\MainWindow.xaml.cs(195,102): warning CS8602: Desrefer├¬ncia de uma refer├¬ncia possivelmente nula. [C:\Killtech\src\NetworkDevice.UI\NetworkDevice.UI.csproj]
    6 Aviso(s)
    0 Erro(s)

Tempo Decorrido 00:00:07.68
2026-08-24 10:37:55 [OK] Build Release concluido.
2026-08-24 10:37:55 [*] Iniciando C:\Killtech\src\NetworkDevice.UI\bin\Release\net8.0-windows\NetworkDevice.UI.exe
2026-08-24 10:43:54 [*] Codigo fonte mais recente que o .exe (HpeSaipConfigurator.cs 08/24/2026 10:43:39 > 08/24/2026 10:37:55). Recompilando...
2026-08-24 10:43:54 [*] Compilando Release (dotnet build -c Release)...
C:\Killtech\src\NetworkDevice.Core\Diagnostics\ConnectivityService.cs(288,17): warning CS0219: A vari├ível "portOpen" ├® atribu├¡da, mas seu valor nunca ├® usado [C:\Killtech\src\NetworkDevice.Core\NetworkDevice.Core.csproj]
C:\Killtech\src\NetworkDevice.Core\Provisioning\HostNetworkManager.cs(166,39): warning CA1416: Este site de chamada pode ser acessado em todas as plataformas. S├│ h├í suporte para 'WindowsBuiltInRole.Administrator' em: 'windows'. (https://learn.microsoft.com/dotnet/fundamentals/code-analysis/quality-rules/ca1416) [C:\Killtech\src\NetworkDevice.Core\NetworkDevice.Core.csproj]
C:\Killtech\src\NetworkDevice.Core\Provisioning\HostNetworkManager.cs(166,20): warning CA1416: Este site de chamada pode ser acessado em todas as plataformas. S├│ h├í suporte para 'WindowsPrincipal.IsInRole(WindowsBuiltInRole)' em: 'windows'. (https://learn.microsoft.com/dotnet/fundamentals/code-analysis/quality-rules/ca1416) [C:\Killtech\src\NetworkDevice.Core\NetworkDevice.Core.csproj]
C:\Killtech\src\NetworkDevice.Core\Provisioning\HostNetworkManager.cs(165,29): warning CA1416: Este site de chamada pode ser acessado em todas as plataformas. S├│ h├í suporte para 'WindowsPrincipal' em: 'windows'. (https://learn.microsoft.com/dotnet/fundamentals/code-analysis/quality-rules/ca1416) [C:\Killtech\src\NetworkDevice.Core\NetworkDevice.Core.csproj]
C:\Killtech\src\NetworkDevice.Core\Provisioning\HostNetworkManager.cs(164,28): warning CA1416: Este site de chamada pode ser acessado em todas as plataformas. S├│ h├í suporte para 'WindowsIdentity.GetCurrent()' em: 'windows'. (https://learn.microsoft.com/dotnet/fundamentals/code-analysis/quality-rules/ca1416) [C:\Killtech\src\NetworkDevice.Core\NetworkDevice.Core.csproj]
C:\Killtech\src\NetworkDevice.UI\MainWindow.xaml.cs(195,102): warning CS8602: Desrefer├¬ncia de uma refer├¬ncia possivelmente nula. [C:\Killtech\src\NetworkDevice.UI\NetworkDevice.UI.csproj]

Compila├º├úo com ├¬xito.

C:\Killtech\src\NetworkDevice.Core\Diagnostics\ConnectivityService.cs(288,17): warning CS0219: A vari├ível "portOpen" ├® atribu├¡da, mas seu valor nunca ├® usado [C:\Killtech\src\NetworkDevice.Core\NetworkDevice.Core.csproj]
C:\Killtech\src\NetworkDevice.Core\Provisioning\HostNetworkManager.cs(166,39): warning CA1416: Este site de chamada pode ser acessado em todas as plataformas. S├│ h├í suporte para 'WindowsBuiltInRole.Administrator' em: 'windows'. (https://learn.microsoft.com/dotnet/fundamentals/code-analysis/quality-rules/ca1416) [C:\Killtech\src\NetworkDevice.Core\NetworkDevice.Core.csproj]
C:\Killtech\src\NetworkDevice.Core\Provisioning\HostNetworkManager.cs(166,20): warning CA1416: Este site de chamada pode ser acessado em todas as plataformas. S├│ h├í suporte para 'WindowsPrincipal.IsInRole(WindowsBuiltInRole)' em: 'windows'. (https://learn.microsoft.com/dotnet/fundamentals/code-analysis/quality-rules/ca1416) [C:\Killtech\src\NetworkDevice.Core\NetworkDevice.Core.csproj]
C:\Killtech\src\NetworkDevice.Core\Provisioning\HostNetworkManager.cs(165,29): warning CA1416: Este site de chamada pode ser acessado em todas as plataformas. S├│ h├í suporte para 'WindowsPrincipal' em: 'windows'. (https://learn.microsoft.com/dotnet/fundamentals/code-analysis/quality-rules/ca1416) [C:\Killtech\src\NetworkDevice.Core\NetworkDevice.Core.csproj]
C:\Killtech\src\NetworkDevice.Core\Provisioning\HostNetworkManager.cs(164,28): warning CA1416: Este site de chamada pode ser acessado em todas as plataformas. S├│ h├í suporte para 'WindowsIdentity.GetCurrent()' em: 'windows'. (https://learn.microsoft.com/dotnet/fundamentals/code-analysis/quality-rules/ca1416) [C:\Killtech\src\NetworkDevice.Core\NetworkDevice.Core.csproj]
C:\Killtech\src\NetworkDevice.UI\MainWindow.xaml.cs(195,102): warning CS8602: Desrefer├¬ncia de uma refer├¬ncia possivelmente nula. [C:\Killtech\src\NetworkDevice.UI\NetworkDevice.UI.csproj]
    6 Aviso(s)
    0 Erro(s)

Tempo Decorrido 00:00:06.97
2026-08-24 10:44:02 [OK] Build Release concluido.
2026-08-24 10:44:02 [*] Iniciando C:\Killtech\src\NetworkDevice.UI\bin\Release\net8.0-windows\NetworkDevice.UI.exe
2026-08-24 10:46:16 [*] Codigo fonte mais recente que o .exe (HpeSaipConfigurator.cs 08/24/2026 10:45:55 > 08/24/2026 10:44:02). Recompilando...
2026-08-24 10:46:16 [*] Compilando Release (dotnet build -c Release)...
C:\Killtech\src\NetworkDevice.Core\Diagnostics\ConnectivityService.cs(288,17): warning CS0219: A vari├ível "portOpen" ├® atribu├¡da, mas seu valor nunca ├® usado [C:\Killtech\src\NetworkDevice.Core\NetworkDevice.Core.csproj]
C:\Killtech\src\NetworkDevice.Core\Provisioning\HostNetworkManager.cs(166,39): warning CA1416: Este site de chamada pode ser acessado em todas as plataformas. S├│ h├í suporte para 'WindowsBuiltInRole.Administrator' em: 'windows'. (https://learn.microsoft.com/dotnet/fundamentals/code-analysis/quality-rules/ca1416) [C:\Killtech\src\NetworkDevice.Core\NetworkDevice.Core.csproj]
C:\Killtech\src\NetworkDevice.Core\Provisioning\HostNetworkManager.cs(164,28): warning CA1416: Este site de chamada pode ser acessado em todas as plataformas. S├│ h├í suporte para 'WindowsIdentity.GetCurrent()' em: 'windows'. (https://learn.microsoft.com/dotnet/fundamentals/code-analysis/quality-rules/ca1416) [C:\Killtech\src\NetworkDevice.Core\NetworkDevice.Core.csproj]
C:\Killtech\src\NetworkDevice.Core\Provisioning\HostNetworkManager.cs(165,29): warning CA1416: Este site de chamada pode ser acessado em todas as plataformas. S├│ h├í suporte para 'WindowsPrincipal' em: 'windows'. (https://learn.microsoft.com/dotnet/fundamentals/code-analysis/quality-rules/ca1416) [C:\Killtech\src\NetworkDevice.Core\NetworkDevice.Core.csproj]
C:\Killtech\src\NetworkDevice.Core\Provisioning\HostNetworkManager.cs(166,20): warning CA1416: Este site de chamada pode ser acessado em todas as plataformas. S├│ h├í suporte para 'WindowsPrincipal.IsInRole(WindowsBuiltInRole)' em: 'windows'. (https://learn.microsoft.com/dotnet/fundamentals/code-analysis/quality-rules/ca1416) [C:\Killtech\src\NetworkDevice.Core\NetworkDevice.Core.csproj]
C:\Killtech\src\NetworkDevice.UI\MainWindow.xaml.cs(195,102): warning CS8602: Desrefer├¬ncia de uma refer├¬ncia possivelmente nula. [C:\Killtech\src\NetworkDevice.UI\NetworkDevice.UI.csproj]

Compila├º├úo com ├¬xito.

C:\Killtech\src\NetworkDevice.Core\Diagnostics\ConnectivityService.cs(288,17): warning CS0219: A vari├ível "portOpen" ├® atribu├¡da, mas seu valor nunca ├® usado [C:\Killtech\src\NetworkDevice.Core\NetworkDevice.Core.csproj]
C:\Killtech\src\NetworkDevice.Core\Provisioning\HostNetworkManager.cs(166,39): warning CA1416: Este site de chamada pode ser acessado em todas as plataformas. S├│ h├í suporte para 'WindowsBuiltInRole.Administrator' em: 'windows'. (https://learn.microsoft.com/dotnet/fundamentals/code-analysis/quality-rules/ca1416) [C:\Killtech\src\NetworkDevice.Core\NetworkDevice.Core.csproj]
C:\Killtech\src\NetworkDevice.Core\Provisioning\HostNetworkManager.cs(164,28): warning CA1416: Este site de chamada pode ser acessado em todas as plataformas. S├│ h├í suporte para 'WindowsIdentity.GetCurrent()' em: 'windows'. (https://learn.microsoft.com/dotnet/fundamentals/code-analysis/quality-rules/ca1416) [C:\Killtech\src\NetworkDevice.Core\NetworkDevice.Core.csproj]
C:\Killtech\src\NetworkDevice.Core\Provisioning\HostNetworkManager.cs(165,29): warning CA1416: Este site de chamada pode ser acessado em todas as plataformas. S├│ h├í suporte para 'WindowsPrincipal' em: 'windows'. (https://learn.microsoft.com/dotnet/fundamentals/code-analysis/quality-rules/ca1416) [C:\Killtech\src\NetworkDevice.Core\NetworkDevice.Core.csproj]
C:\Killtech\src\NetworkDevice.Core\Provisioning\HostNetworkManager.cs(166,20): warning CA1416: Este site de chamada pode ser acessado em todas as plataformas. S├│ h├í suporte para 'WindowsPrincipal.IsInRole(WindowsBuiltInRole)' em: 'windows'. (https://learn.microsoft.com/dotnet/fundamentals/code-analysis/quality-rules/ca1416) [C:\Killtech\src\NetworkDevice.Core\NetworkDevice.Core.csproj]
C:\Killtech\src\NetworkDevice.UI\MainWindow.xaml.cs(195,102): warning CS8602: Desrefer├¬ncia de uma refer├¬ncia possivelmente nula. [C:\Killtech\src\NetworkDevice.UI\NetworkDevice.UI.csproj]
    6 Aviso(s)
    0 Erro(s)

Tempo Decorrido 00:00:03.48
2026-08-24 10:46:21 [OK] Build Release concluido.
2026-08-24 10:46:21 [*] Iniciando C:\Killtech\src\NetworkDevice.UI\bin\Release\net8.0-windows\NetworkDevice.UI.exe
2026-08-24 10:49:13 [*] Nenhuma alteracao detectada. Usando build Release existente.
2026-08-24 10:49:13 [*] Iniciando C:\Killtech\src\NetworkDevice.UI\bin\Release\net8.0-windows\NetworkDevice.UI.exe
2026-08-24 10:51:55 [*] Codigo fonte mais recente que o .exe (MainWindow.xaml.cs 08/24/2026 10:51:15 > 08/24/2026 10:46:21). Recompilando...
2026-08-24 10:51:55 [*] Compilando Release (dotnet build -c Release)...
C:\Killtech\src\NetworkDevice.UI\MainWindow.xaml.cs(195,102): warning CS8602: Desrefer├¬ncia de uma refer├¬ncia possivelmente nula. [C:\Killtech\src\NetworkDevice.UI\NetworkDevice.UI.csproj]

Compila├º├úo com ├¬xito.

C:\Killtech\src\NetworkDevice.UI\MainWindow.xaml.cs(195,102): warning CS8602: Desrefer├¬ncia de uma refer├¬ncia possivelmente nula. [C:\Killtech\src\NetworkDevice.UI\NetworkDevice.UI.csproj]
    1 Aviso(s)
    0 Erro(s)

Tempo Decorrido 00:00:01.81
2026-08-24 10:51:57 [OK] Build Release concluido.
2026-08-24 10:51:57 [*] Iniciando C:\Killtech\src\NetworkDevice.UI\bin\Release\net8.0-windows\NetworkDevice.UI.exe
2026-08-24 11:05:10 [*] Codigo fonte mais recente que o .exe (HpeComwareRecovery.cs 08/24/2026 10:54:01 > 08/24/2026 10:51:57). Recompilando...
2026-08-24 11:05:10 [*] Compilando Release (dotnet build -c Release)...
C:\Killtech\src\NetworkDevice.Core\Diagnostics\ConnectivityService.cs(288,17): warning CS0219: A vari├ível "portOpen" ├® atribu├¡da, mas seu valor nunca ├® usado [C:\Killtech\src\NetworkDevice.Core\NetworkDevice.Core.csproj]
C:\Killtech\src\NetworkDevice.Core\Provisioning\HostNetworkManager.cs(166,39): warning CA1416: Este site de chamada pode ser acessado em todas as plataformas. S├│ h├í suporte para 'WindowsBuiltInRole.Administrator' em: 'windows'. (https://learn.microsoft.com/dotnet/fundamentals/code-analysis/quality-rules/ca1416) [C:\Killtech\src\NetworkDevice.Core\NetworkDevice.Core.csproj]
C:\Killtech\src\NetworkDevice.Core\Provisioning\HostNetworkManager.cs(166,20): warning CA1416: Este site de chamada pode ser acessado em todas as plataformas. S├│ h├í suporte para 'WindowsPrincipal.IsInRole(WindowsBuiltInRole)' em: 'windows'. (https://learn.microsoft.com/dotnet/fundamentals/code-analysis/quality-rules/ca1416) [C:\Killtech\src\NetworkDevice.Core\NetworkDevice.Core.csproj]
C:\Killtech\src\NetworkDevice.Core\Provisioning\HostNetworkManager.cs(165,29): warning CA1416: Este site de chamada pode ser acessado em todas as plataformas. S├│ h├í suporte para 'WindowsPrincipal' em: 'windows'. (https://learn.microsoft.com/dotnet/fundamentals/code-analysis/quality-rules/ca1416) [C:\Killtech\src\NetworkDevice.Core\NetworkDevice.Core.csproj]
C:\Killtech\src\NetworkDevice.Core\Provisioning\HostNetworkManager.cs(164,28): warning CA1416: Este site de chamada pode ser acessado em todas as plataformas. S├│ h├í suporte para 'WindowsIdentity.GetCurrent()' em: 'windows'. (https://learn.microsoft.com/dotnet/fundamentals/code-analysis/quality-rules/ca1416) [C:\Killtech\src\NetworkDevice.Core\NetworkDevice.Core.csproj]
C:\Killtech\src\NetworkDevice.UI\MainWindow.xaml.cs(195,102): warning CS8602: Desrefer├¬ncia de uma refer├¬ncia possivelmente nula. [C:\Killtech\src\NetworkDevice.UI\NetworkDevice.UI.csproj]

Compila├º├úo com ├¬xito.

C:\Killtech\src\NetworkDevice.Core\Diagnostics\ConnectivityService.cs(288,17): warning CS0219: A vari├ível "portOpen" ├® atribu├¡da, mas seu valor nunca ├® usado [C:\Killtech\src\NetworkDevice.Core\NetworkDevice.Core.csproj]
C:\Killtech\src\NetworkDevice.Core\Provisioning\HostNetworkManager.cs(166,39): warning CA1416: Este site de chamada pode ser acessado em todas as plataformas. S├│ h├í suporte para 'WindowsBuiltInRole.Administrator' em: 'windows'. (https://learn.microsoft.com/dotnet/fundamentals/code-analysis/quality-rules/ca1416) [C:\Killtech\src\NetworkDevice.Core\NetworkDevice.Core.csproj]
C:\Killtech\src\NetworkDevice.Core\Provisioning\HostNetworkManager.cs(166,20): warning CA1416: Este site de chamada pode ser acessado em todas as plataformas. S├│ h├í suporte para 'WindowsPrincipal.IsInRole(WindowsBuiltInRole)' em: 'windows'. (https://learn.microsoft.com/dotnet/fundamentals/code-analysis/quality-rules/ca1416) [C:\Killtech\src\NetworkDevice.Core\NetworkDevice.Core.csproj]
C:\Killtech\src\NetworkDevice.Core\Provisioning\HostNetworkManager.cs(165,29): warning CA1416: Este site de chamada pode ser acessado em todas as plataformas. S├│ h├í suporte para 'WindowsPrincipal' em: 'windows'. (https://learn.microsoft.com/dotnet/fundamentals/code-analysis/quality-rules/ca1416) [C:\Killtech\src\NetworkDevice.Core\NetworkDevice.Core.csproj]
C:\Killtech\src\NetworkDevice.Core\Provisioning\HostNetworkManager.cs(164,28): warning CA1416: Este site de chamada pode ser acessado em todas as plataformas. S├│ h├í suporte para 'WindowsIdentity.GetCurrent()' em: 'windows'. (https://learn.microsoft.com/dotnet/fundamentals/code-analysis/quality-rules/ca1416) [C:\Killtech\src\NetworkDevice.Core\NetworkDevice.Core.csproj]
C:\Killtech\src\NetworkDevice.UI\MainWindow.xaml.cs(195,102): warning CS8602: Desrefer├¬ncia de uma refer├¬ncia possivelmente nula. [C:\Killtech\src\NetworkDevice.UI\NetworkDevice.UI.csproj]
    6 Aviso(s)
    0 Erro(s)

Tempo Decorrido 00:00:05.24
2026-08-24 11:05:16 [OK] Build Release concluido.
2026-08-24 11:05:16 [*] Iniciando C:\Killtech\src\NetworkDevice.UI\bin\Release\net8.0-windows\NetworkDevice.UI.exe
2026-08-24 11:12:03 [*] Nenhuma alteracao detectada. Usando build Release existente.
2026-08-24 11:12:03 [*] Iniciando C:\Killtech\src\NetworkDevice.UI\bin\Release\net8.0-windows\NetworkDevice.UI.exe
2026-08-24 11:12:32 [*] Nenhuma alteracao detectada. Usando build Release existente.
2026-08-24 11:12:32 [*] Iniciando C:\Killtech\src\NetworkDevice.UI\bin\Release\net8.0-windows\NetworkDevice.UI.exe
2026-08-24 11:14:51 [*] Nenhuma alteracao detectada. Usando build Release existente.
2026-08-24 11:14:51 [*] Iniciando C:\Killtech\src\NetworkDevice.UI\bin\Release\net8.0-windows\NetworkDevice.UI.exe
2026-08-24 11:16:48 [*] Codigo fonte mais recente que o .exe (HpeComwareUpgrader.cs 08/24/2026 11:16:36 > 08/24/2026 11:05:16). Recompilando...
2026-08-24 11:16:48 [*] Compilando Release (dotnet build -c Release)...
C:\Killtech\src\NetworkDevice.UI\MainWindow.xaml.cs(195,102): warning CS8602: Desrefer├¬ncia de uma refer├¬ncia possivelmente nula. [C:\Killtech\src\NetworkDevice.UI\NetworkDevice.UI.csproj]

Compila├º├úo com ├¬xito.

C:\Killtech\src\NetworkDevice.UI\MainWindow.xaml.cs(195,102): warning CS8602: Desrefer├¬ncia de uma refer├¬ncia possivelmente nula. [C:\Killtech\src\NetworkDevice.UI\NetworkDevice.UI.csproj]
    1 Aviso(s)
    0 Erro(s)

Tempo Decorrido 00:00:04.87
2026-08-24 11:16:53 [OK] Build Release concluido.
2026-08-24 11:16:53 [*] Iniciando C:\Killtech\src\NetworkDevice.UI\bin\Release\net8.0-windows\NetworkDevice.UI.exe
2026-08-24 11:18:12 [*] Nenhuma alteracao detectada. Usando build Release existente.
2026-08-24 11:18:12 [*] Iniciando C:\Killtech\src\NetworkDevice.UI\bin\Release\net8.0-windows\NetworkDevice.UI.exe
2026-08-24 11:20:38 [*] Codigo fonte mais recente que o .exe (MainWindow.xaml.cs 08/24/2026 11:20:26 > 08/24/2026 11:16:53). Recompilando...
2026-08-24 11:20:38 [*] Compilando Release (dotnet build -c Release)...
C:\Killtech\src\NetworkDevice.Core\Diagnostics\ConnectivityService.cs(288,17): warning CS0219: A vari├ível "portOpen" ├® atribu├¡da, mas seu valor nunca ├® usado [C:\Killtech\src\NetworkDevice.Core\NetworkDevice.Core.csproj]
C:\Killtech\src\NetworkDevice.Core\Provisioning\HostNetworkManager.cs(166,20): warning CA1416: Este site de chamada pode ser acessado em todas as plataformas. S├│ h├í suporte para 'WindowsPrincipal.IsInRole(WindowsBuiltInRole)' em: 'windows'. (https://learn.microsoft.com/dotnet/fundamentals/code-analysis/quality-rules/ca1416) [C:\Killtech\src\NetworkDevice.Core\NetworkDevice.Core.csproj]
C:\Killtech\src\NetworkDevice.Core\Provisioning\HostNetworkManager.cs(164,28): warning CA1416: Este site de chamada pode ser acessado em todas as plataformas. S├│ h├í suporte para 'WindowsIdentity.GetCurrent()' em: 'windows'. (https://learn.microsoft.com/dotnet/fundamentals/code-analysis/quality-rules/ca1416) [C:\Killtech\src\NetworkDevice.Core\NetworkDevice.Core.csproj]
C:\Killtech\src\NetworkDevice.Core\Provisioning\HostNetworkManager.cs(165,29): warning CA1416: Este site de chamada pode ser acessado em todas as plataformas. S├│ h├í suporte para 'WindowsPrincipal' em: 'windows'. (https://learn.microsoft.com/dotnet/fundamentals/code-analysis/quality-rules/ca1416) [C:\Killtech\src\NetworkDevice.Core\NetworkDevice.Core.csproj]
C:\Killtech\src\NetworkDevice.Core\Provisioning\HostNetworkManager.cs(166,39): warning CA1416: Este site de chamada pode ser acessado em todas as plataformas. S├│ h├í suporte para 'WindowsBuiltInRole.Administrator' em: 'windows'. (https://learn.microsoft.com/dotnet/fundamentals/code-analysis/quality-rules/ca1416) [C:\Killtech\src\NetworkDevice.Core\NetworkDevice.Core.csproj]
C:\Killtech\src\NetworkDevice.UI\MainWindow.xaml.cs(195,102): warning CS8602: Desrefer├¬ncia de uma refer├¬ncia possivelmente nula. [C:\Killtech\src\NetworkDevice.UI\NetworkDevice.UI.csproj]

Compila├º├úo com ├¬xito.

C:\Killtech\src\NetworkDevice.Core\Diagnostics\ConnectivityService.cs(288,17): warning CS0219: A vari├ível "portOpen" ├® atribu├¡da, mas seu valor nunca ├® usado [C:\Killtech\src\NetworkDevice.Core\NetworkDevice.Core.csproj]
C:\Killtech\src\NetworkDevice.Core\Provisioning\HostNetworkManager.cs(166,20): warning CA1416: Este site de chamada pode ser acessado em todas as plataformas. S├│ h├í suporte para 'WindowsPrincipal.IsInRole(WindowsBuiltInRole)' em: 'windows'. (https://learn.microsoft.com/dotnet/fundamentals/code-analysis/quality-rules/ca1416) [C:\Killtech\src\NetworkDevice.Core\NetworkDevice.Core.csproj]
C:\Killtech\src\NetworkDevice.Core\Provisioning\HostNetworkManager.cs(164,28): warning CA1416: Este site de chamada pode ser acessado em todas as plataformas. S├│ h├í suporte para 'WindowsIdentity.GetCurrent()' em: 'windows'. (https://learn.microsoft.com/dotnet/fundamentals/code-analysis/quality-rules/ca1416) [C:\Killtech\src\NetworkDevice.Core\NetworkDevice.Core.csproj]
C:\Killtech\src\NetworkDevice.Core\Provisioning\HostNetworkManager.cs(165,29): warning CA1416: Este site de chamada pode ser acessado em todas as plataformas. S├│ h├í suporte para 'WindowsPrincipal' em: 'windows'. (https://learn.microsoft.com/dotnet/fundamentals/code-analysis/quality-rules/ca1416) [C:\Killtech\src\NetworkDevice.Core\NetworkDevice.Core.csproj]
C:\Killtech\src\NetworkDevice.Core\Provisioning\HostNetworkManager.cs(166,39): warning CA1416: Este site de chamada pode ser acessado em todas as plataformas. S├│ h├í suporte para 'WindowsBuiltInRole.Administrator' em: 'windows'. (https://learn.microsoft.com/dotnet/fundamentals/code-analysis/quality-rules/ca1416) [C:\Killtech\src\NetworkDevice.Core\NetworkDevice.Core.csproj]
C:\Killtech\src\NetworkDevice.UI\MainWindow.xaml.cs(195,102): warning CS8602: Desrefer├¬ncia de uma refer├¬ncia possivelmente nula. [C:\Killtech\src\NetworkDevice.UI\NetworkDevice.UI.csproj]
    6 Aviso(s)
    0 Erro(s)

Tempo Decorrido 00:00:03.96
2026-08-24 11:20:43 [OK] Build Release concluido.
2026-08-24 11:20:43 [*] Iniciando C:\Killtech\src\NetworkDevice.UI\bin\Release\net8.0-windows\NetworkDevice.UI.exe
2026-08-24 11:29:00 [*] Nenhuma alteracao detectada. Usando build Release existente.
2026-08-24 11:29:00 [*] Iniciando C:\Killtech\src\NetworkDevice.UI\bin\Release\net8.0-windows\NetworkDevice.UI.exe
2026-08-24 11:30:42 [*] Nenhuma alteracao detectada. Usando build Release existente.
2026-08-24 11:30:42 [*] Iniciando C:\Killtech\src\NetworkDevice.UI\bin\Release\net8.0-windows\NetworkDevice.UI.exe
2026-08-24 11:31:28 [*] Nenhuma alteracao detectada. Usando build Release existente.
2026-08-24 11:31:28 [*] Iniciando C:\Killtech\src\NetworkDevice.UI\bin\Release\net8.0-windows\NetworkDevice.UI.exe
2026-08-24 11:31:58 [*] Nenhuma alteracao detectada. Usando build Release existente.
2026-08-24 11:31:58 [*] Iniciando C:\Killtech\src\NetworkDevice.UI\bin\Release\net8.0-windows\NetworkDevice.UI.exe
2026-08-24 12:08:34 [*] Nenhuma alteracao detectada. Usando build Release existente.
2026-08-24 12:08:34 [*] Iniciando C:\Killtech\src\NetworkDevice.UI\bin\Release\net8.0-windows\NetworkDevice.UI.exe
2026-08-24 12:15:40 [*] Nenhuma alteracao detectada. Usando build Release existente.
2026-08-24 12:15:40 [*] Iniciando C:\Killtech\src\NetworkDevice.UI\bin\Release\net8.0-windows\NetworkDevice.UI.exe
2026-08-24 12:21:45 [*] Nenhuma alteracao detectada. Usando build Release existente.
2026-08-24 12:21:45 [*] Iniciando C:\Killtech\src\NetworkDevice.UI\bin\Release\net8.0-windows\NetworkDevice.UI.exe
2026-08-24 12:23:03 [*] Nenhuma alteracao detectada. Usando build Release existente.
2026-08-24 12:23:03 [*] Iniciando C:\Killtech\src\NetworkDevice.UI\bin\Release\net8.0-windows\NetworkDevice.UI.exe
2026-08-24 12:27:07 [*] Nenhuma alteracao detectada. Usando build Release existente.
2026-08-24 12:27:07 [*] Iniciando C:\Killtech\src\NetworkDevice.UI\bin\Release\net8.0-windows\NetworkDevice.UI.exe
2026-08-24 12:40:22 [*] Nenhuma alteracao detectada. Usando build Release existente.
2026-08-24 12:40:23 [*] Iniciando C:\Killtech\src\NetworkDevice.UI\bin\Release\net8.0-windows\NetworkDevice.UI.exe
2026-08-24 12:44:07 [*] Nenhuma alteracao detectada. Usando build Release existente.
2026-08-24 12:44:07 [*] Iniciando C:\Killtech\src\NetworkDevice.UI\bin\Release\net8.0-windows\NetworkDevice.UI.exe
2026-08-24 12:45:09 [*] Nenhuma alteracao detectada. Usando build Release existente.
2026-08-24 12:45:09 [*] Iniciando C:\Killtech\src\NetworkDevice.UI\bin\Release\net8.0-windows\NetworkDevice.UI.exe
2026-08-24 12:48:33 [*] Nenhuma alteracao detectada. Usando build Release existente.
2026-08-24 12:48:34 [*] Iniciando C:\Killtech\src\NetworkDevice.UI\bin\Release\net8.0-windows\NetworkDevice.UI.exe
2026-08-24 12:49:15 [*] Nenhuma alteracao detectada. Usando build Release existente.
2026-08-24 12:49:15 [*] Iniciando C:\Killtech\src\NetworkDevice.UI\bin\Release\net8.0-windows\NetworkDevice.UI.exe
2026-08-24 13:04:14 [*] Nenhuma alteracao detectada. Usando build Release existente.
2026-08-24 13:04:14 [*] Iniciando C:\Killtech\src\NetworkDevice.UI\bin\Release\net8.0-windows\NetworkDevice.UI.exe
2026-08-24 13:07:24 [*] Codigo fonte mais recente que o .exe (MainWindow.g.cs 08/24/2026 13:05:22 > 08/24/2026 13:00:02). Recompilando...
2026-08-24 13:07:24 [*] Compilando Release (dotnet build -c Release)...
C:\Killtech\src\NetworkDevice.Core\Diagnostics\ConnectivityService.cs(288,17): warning CS0219: A vari├ível "portOpen" ├® atribu├¡da, mas seu valor nunca ├® usado [C:\Killtech\src\NetworkDevice.Core\NetworkDevice.Core.csproj]
C:\Killtech\src\NetworkDevice.Core\Provisioning\HostNetworkManager.cs(166,39): warning CA1416: Este site de chamada pode ser acessado em todas as plataformas. S├│ h├í suporte para 'WindowsBuiltInRole.Administrator' em: 'windows'. (https://learn.microsoft.com/dotnet/fundamentals/code-analysis/quality-rules/ca1416) [C:\Killtech\src\NetworkDevice.Core\NetworkDevice.Core.csproj]
C:\Killtech\src\NetworkDevice.Core\Provisioning\HostNetworkManager.cs(166,20): warning CA1416: Este site de chamada pode ser acessado em todas as plataformas. S├│ h├í suporte para 'WindowsPrincipal.IsInRole(WindowsBuiltInRole)' em: 'windows'. (https://learn.microsoft.com/dotnet/fundamentals/code-analysis/quality-rules/ca1416) [C:\Killtech\src\NetworkDevice.Core\NetworkDevice.Core.csproj]
C:\Killtech\src\NetworkDevice.Core\Provisioning\HostNetworkManager.cs(164,28): warning CA1416: Este site de chamada pode ser acessado em todas as plataformas. S├│ h├í suporte para 'WindowsIdentity.GetCurrent()' em: 'windows'. (https://learn.microsoft.com/dotnet/fundamentals/code-analysis/quality-rules/ca1416) [C:\Killtech\src\NetworkDevice.Core\NetworkDevice.Core.csproj]
C:\Killtech\src\NetworkDevice.Core\Provisioning\HostNetworkManager.cs(165,29): warning CA1416: Este site de chamada pode ser acessado em todas as plataformas. S├│ h├í suporte para 'WindowsPrincipal' em: 'windows'. (https://learn.microsoft.com/dotnet/fundamentals/code-analysis/quality-rules/ca1416) [C:\Killtech\src\NetworkDevice.Core\NetworkDevice.Core.csproj]
C:\Killtech\src\NetworkDevice.UI\MainWindow.xaml.cs(195,102): warning CS8602: Desrefer├¬ncia de uma refer├¬ncia possivelmente nula. [C:\Killtech\src\NetworkDevice.UI\NetworkDevice.UI.csproj]

Compila├º├úo com ├¬xito.

C:\Killtech\src\NetworkDevice.Core\Diagnostics\ConnectivityService.cs(288,17): warning CS0219: A vari├ível "portOpen" ├® atribu├¡da, mas seu valor nunca ├® usado [C:\Killtech\src\NetworkDevice.Core\NetworkDevice.Core.csproj]
C:\Killtech\src\NetworkDevice.Core\Provisioning\HostNetworkManager.cs(166,39): warning CA1416: Este site de chamada pode ser acessado em todas as plataformas. S├│ h├í suporte para 'WindowsBuiltInRole.Administrator' em: 'windows'. (https://learn.microsoft.com/dotnet/fundamentals/code-analysis/quality-rules/ca1416) [C:\Killtech\src\NetworkDevice.Core\NetworkDevice.Core.csproj]
C:\Killtech\src\NetworkDevice.Core\Provisioning\HostNetworkManager.cs(166,20): warning CA1416: Este site de chamada pode ser acessado em todas as plataformas. S├│ h├í suporte para 'WindowsPrincipal.IsInRole(WindowsBuiltInRole)' em: 'windows'. (https://learn.microsoft.com/dotnet/fundamentals/code-analysis/quality-rules/ca1416) [C:\Killtech\src\NetworkDevice.Core\NetworkDevice.Core.csproj]
C:\Killtech\src\NetworkDevice.Core\Provisioning\HostNetworkManager.cs(164,28): warning CA1416: Este site de chamada pode ser acessado em todas as plataformas. S├│ h├í suporte para 'WindowsIdentity.GetCurrent()' em: 'windows'. (https://learn.microsoft.com/dotnet/fundamentals/code-analysis/quality-rules/ca1416) [C:\Killtech\src\NetworkDevice.Core\NetworkDevice.Core.csproj]
C:\Killtech\src\NetworkDevice.Core\Provisioning\HostNetworkManager.cs(165,29): warning CA1416: Este site de chamada pode ser acessado em todas as plataformas. S├│ h├í suporte para 'WindowsPrincipal' em: 'windows'. (https://learn.microsoft.com/dotnet/fundamentals/code-analysis/quality-rules/ca1416) [C:\Killtech\src\NetworkDevice.Core\NetworkDevice.Core.csproj]
C:\Killtech\src\NetworkDevice.UI\MainWindow.xaml.cs(195,102): warning CS8602: Desrefer├¬ncia de uma refer├¬ncia possivelmente nula. [C:\Killtech\src\NetworkDevice.UI\NetworkDevice.UI.csproj]
    6 Aviso(s)
    0 Erro(s)

Tempo Decorrido 00:00:03.26
2026-08-24 13:07:27 [OK] Build Release concluido.
2026-08-24 13:07:27 [*] Iniciando C:\Killtech\src\NetworkDevice.UI\bin\Release\net8.0-windows\NetworkDevice.UI.exe
2026-08-24 13:08:41 [*] Nenhuma alteracao detectada. Usando build Release existente.
2026-08-24 13:08:41 [*] Iniciando C:\Killtech\src\NetworkDevice.UI\bin\Release\net8.0-windows\NetworkDevice.UI.exe
2026-08-24 13:14:30 [*] Nenhuma alteracao detectada. Usando build Release existente.
2026-08-24 13:14:30 [*] Iniciando C:\Killtech\src\NetworkDevice.UI\bin\Release\net8.0-windows\NetworkDevice.UI.exe
2026-08-24 13:18:15 [*] Nenhuma alteracao detectada. Usando build Release existente.
2026-08-24 13:18:15 [*] Iniciando C:\Killtech\src\NetworkDevice.UI\bin\Release\net8.0-windows\NetworkDevice.UI.exe
2026-08-24 13:32:32 [*] Nenhuma alteracao detectada. Usando build Release existente.
2026-08-24 13:32:32 [*] Iniciando C:\Killtech\src\NetworkDevice.UI\bin\Release\net8.0-windows\NetworkDevice.UI.exe
2026-08-24 13:37:59 [*] Nenhuma alteracao detectada. Usando build Release existente.
2026-08-24 13:37:59 [*] Iniciando C:\Killtech\src\NetworkDevice.UI\bin\Release\net8.0-windows\NetworkDevice.UI.exe
2026-08-24 13:40:33 [*] Nenhuma alteracao detectada. Usando build Release existente.
2026-08-24 13:40:34 [*] Iniciando C:\Killtech\src\NetworkDevice.UI\bin\Release\net8.0-windows\NetworkDevice.UI.exe
2026-08-24 13:45:49 [*] Nenhuma alteracao detectada. Usando build Release existente.
2026-08-24 13:45:49 [*] Iniciando C:\Killtech\src\NetworkDevice.UI\bin\Release\net8.0-windows\NetworkDevice.UI.exe
2026-08-24 13:51:52 [*] Nenhuma alteracao detectada. Usando build Release existente.
2026-08-24 13:51:52 [*] Iniciando C:\Killtech\src\NetworkDevice.UI\bin\Release\net8.0-windows\NetworkDevice.UI.exe
2026-08-24 13:56:57 [*] Nenhuma alteracao detectada. Usando build Release existente.
2026-08-24 13:56:57 [*] Iniciando C:\Killtech\src\NetworkDevice.UI\bin\Release\net8.0-windows\NetworkDevice.UI.exe
2026-08-24 14:06:14 [*] Nenhuma alteracao detectada. Usando build Release existente.
2026-08-24 14:06:14 [*] Iniciando C:\Killtech\src\NetworkDevice.UI\bin\Release\net8.0-windows\NetworkDevice.UI.exe
2026-08-24 14:07:05 [*] Nenhuma alteracao detectada. Usando build Release existente.
2026-08-24 14:07:05 [*] Iniciando C:\Killtech\src\NetworkDevice.UI\bin\Release\net8.0-windows\NetworkDevice.UI.exe
2026-08-24 14:19:31 [*] Nenhuma alteracao detectada. Usando build Release existente.
2026-08-24 14:19:31 [*] Iniciando C:\Killtech\src\NetworkDevice.UI\bin\Release\net8.0-windows\NetworkDevice.UI.exe
2026-08-24 14:28:34 [*] Nenhuma alteracao detectada. Usando build Release existente.
2026-08-24 14:28:34 [*] Iniciando C:\Killtech\src\NetworkDevice.UI\bin\Release\net8.0-windows\NetworkDevice.UI.exe
2026-08-24 14:40:53 [*] Nenhuma alteracao detectada. Usando build Release existente.
2026-08-24 14:40:53 [*] Iniciando C:\Killtech\src\NetworkDevice.UI\bin\Release\net8.0-windows\NetworkDevice.UI.exe
2026-08-24 14:59:20 [*] Nenhuma alteracao detectada. Usando build Release existente.
2026-08-24 14:59:20 [*] Iniciando C:\Killtech\src\NetworkDevice.UI\bin\Release\net8.0-windows\NetworkDevice.UI.exe
2026-08-24 15:10:38 [*] Nenhuma alteracao detectada. Usando build Release existente.
2026-08-24 15:10:38 [*] Iniciando C:\Killtech\src\NetworkDevice.UI\bin\Release\net8.0-windows\NetworkDevice.UI.exe
2026-08-24 15:37:26 [*] Nenhuma alteracao detectada. Usando build Release existente.
2026-08-24 15:37:26 [*] Iniciando C:\Killtech\src\NetworkDevice.UI\bin\Release\net8.0-windows\NetworkDevice.UI.exe
2026-08-24 15:48:58 [*] Nenhuma alteracao detectada. Usando build Release existente.
2026-08-24 15:48:58 [*] Iniciando C:\Killtech\src\NetworkDevice.UI\bin\Release\net8.0-windows\NetworkDevice.UI.exe
2026-08-24 15:57:59 [*] Codigo fonte mais recente que o .exe (DeviceSession.cs 08/24/2026 15:57:50 > 08/24/2026 15:53:48). Recompilando...
2026-08-24 15:57:59 [*] Compilando Release (dotnet build -c Release)...
2026-08-24 15:59:47 [*] Codigo fonte mais recente que o .exe (CiscoIOSAdapter.cs 08/24/2026 15:58:21 > 08/24/2026 15:53:48). Recompilando...
2026-08-24 15:59:47 [*] Compilando Release (dotnet build -c Release)...
C:\Killtech\src\NetworkDevice.UI\MainWindow.xaml.cs(199,102): warning CS8602: Desrefer├¬ncia de uma refer├¬ncia possivelmente nula. [C:\Killtech\src\NetworkDevice.UI\NetworkDevice.UI.csproj]

Compila├º├úo com ├¬xito.

C:\Killtech\src\NetworkDevice.UI\MainWindow.xaml.cs(199,102): warning CS8602: Desrefer├¬ncia de uma refer├¬ncia possivelmente nula. [C:\Killtech\src\NetworkDevice.UI\NetworkDevice.UI.csproj]
    1 Aviso(s)
    0 Erro(s)

Tempo Decorrido 00:00:05.26
2026-08-24 15:59:53 [OK] Build Release concluido.
2026-08-24 15:59:53 [*] Iniciando C:\Killtech\src\NetworkDevice.UI\bin\Release\net8.0-windows\NetworkDevice.UI.exe
2026-08-24 16:08:43 [*] Codigo fonte mais recente que o .exe (CiscoIOSRecovery.cs 08/24/2026 16:06:37 > 08/24/2026 15:59:53). Recompilando...
2026-08-24 16:08:43 [*] Compilando Release (dotnet build -c Release)...
C:\Killtech\src\NetworkDevice.UI\MainWindow.xaml.cs(199,102): warning CS8602: Desrefer├¬ncia de uma refer├¬ncia possivelmente nula. [C:\Killtech\src\NetworkDevice.UI\NetworkDevice.UI.csproj]

Compila├º├úo com ├¬xito.

C:\Killtech\src\NetworkDevice.UI\MainWindow.xaml.cs(199,102): warning CS8602: Desrefer├¬ncia de uma refer├¬ncia possivelmente nula. [C:\Killtech\src\NetworkDevice.UI\NetworkDevice.UI.csproj]
    1 Aviso(s)
    0 Erro(s)

Tempo Decorrido 00:00:05.26
2026-08-24 16:08:49 [OK] Build Release concluido.
2026-08-24 16:08:49 [*] Iniciando C:\Killtech\src\NetworkDevice.UI\bin\Release\net8.0-windows\NetworkDevice.UI.exe
2026-08-24 16:21:27 [*] Nenhuma alteracao detectada. Usando build Release existente.
2026-08-24 16:21:27 [*] Iniciando C:\Killtech\src\NetworkDevice.UI\bin\Release\net8.0-windows\NetworkDevice.UI.exe
2026-08-24 16:34:43 [*] Nenhuma alteracao detectada. Usando build Release existente.
2026-08-24 16:34:43 [*] Iniciando C:\Killtech\src\NetworkDevice.UI\bin\Release\net8.0-windows\NetworkDevice.UI.exe
2026-08-24 16:44:12 [*] Nenhuma alteracao detectada. Usando build Release existente.
2026-08-24 16:44:12 [*] Iniciando C:\Killtech\src\NetworkDevice.UI\bin\Release\net8.0-windows\NetworkDevice.UI.exe
2026-08-24 16:54:06 [*] Nenhuma alteracao detectada. Usando build Release existente.
2026-08-24 16:54:06 [*] Iniciando C:\Killtech\src\NetworkDevice.UI\bin\Release\net8.0-windows\NetworkDevice.UI.exe
2026-08-24 16:54:52 [*] Nenhuma alteracao detectada. Usando build Release existente.
2026-08-24 16:54:52 [*] Iniciando C:\Killtech\src\NetworkDevice.UI\bin\Release\net8.0-windows\NetworkDevice.UI.exe
2026-08-24 16:58:25 [*] Nenhuma alteracao detectada. Usando build Release existente.
2026-08-24 16:58:25 [*] Iniciando C:\Killtech\src\NetworkDevice.UI\bin\Release\net8.0-windows\NetworkDevice.UI.exe
2026-08-24 17:05:13 [*] Nenhuma alteracao detectada. Usando build Release existente.
2026-08-24 17:05:13 [*] Iniciando C:\Killtech\src\NetworkDevice.UI\bin\Release\net8.0-windows\NetworkDevice.UI.exe
2026-08-24 17:09:34 [*] Nenhuma alteracao detectada. Usando build Release existente.
2026-08-24 17:09:34 [*] Iniciando C:\Killtech\src\NetworkDevice.UI\bin\Release\net8.0-windows\NetworkDevice.UI.exe
2026-08-24 17:21:10 [*] Nenhuma alteracao detectada. Usando build Release existente.
2026-08-24 17:21:10 [*] Iniciando C:\Killtech\src\NetworkDevice.UI\bin\Release\net8.0-windows\NetworkDevice.UI.exe
2026-08-24 17:32:46 [*] Nenhuma alteracao detectada. Usando build Release existente.
2026-08-24 17:32:46 [*] Iniciando C:\Killtech\src\NetworkDevice.UI\bin\Release\net8.0-windows\NetworkDevice.UI.exe
2026-08-24 17:42:51 [*] Nenhuma alteracao detectada. Usando build Release existente.
2026-08-24 17:42:51 [*] Iniciando C:\Killtech\src\NetworkDevice.UI\bin\Release\net8.0-windows\NetworkDevice.UI.exe
2026-08-24 17:59:11 [*] Nenhuma alteracao detectada. Usando build Release existente.
2026-08-24 17:59:11 [*] Iniciando C:\Killtech\src\NetworkDevice.UI\bin\Release\net8.0-windows\NetworkDevice.UI.exe
2026-08-24 18:10:26 [*] Nenhuma alteracao detectada. Usando build Release existente.
2026-08-24 18:10:26 [*] Iniciando C:\Killtech\src\NetworkDevice.UI\bin\Release\net8.0-windows\NetworkDevice.UI.exe
2026-08-25 09:35:25 [*] Nenhuma alteracao detectada. Usando build Release existente.
2026-08-25 09:35:25 [*] Iniciando C:\Killtech\src\NetworkDevice.UI\bin\Release\net8.0-windows\NetworkDevice.UI.exe
2026-08-25 09:52:35 [*] Atalho do Desktop recriado/corrigido: C:\Users\User\Desktop\NetworkDevice.lnk
2026-08-25 09:52:35 [*] Compilando Release (dotnet build -c Release)...
C:\SPARC\src\NetworkDevice.Core\Provisioning\HostNetworkManager.cs(166,39): warning CA1416: Este site de chamada pode ser acessado em todas as plataformas. Só há suporte para 'WindowsBuiltInRole.Administrator' em: 'windows'. (https://learn.microsoft.com/dotnet/fundamentals/code-analysis/quality-rules/ca1416) [C:\SPARC\src\NetworkDevice.Core\NetworkDevice.Core.csproj]
C:\SPARC\src\NetworkDevice.Core\Provisioning\HostNetworkManager.cs(164,28): warning CA1416: Este site de chamada pode ser acessado em todas as plataformas. Só há suporte para 'WindowsIdentity.GetCurrent()' em: 'windows'. (https://learn.microsoft.com/dotnet/fundamentals/code-analysis/quality-rules/ca1416) [C:\SPARC\src\NetworkDevice.Core\NetworkDevice.Core.csproj]
C:\SPARC\src\NetworkDevice.Core\Provisioning\HostNetworkManager.cs(166,20): warning CA1416: Este site de chamada pode ser acessado em todas as plataformas. Só há suporte para 'WindowsPrincipal.IsInRole(WindowsBuiltInRole)' em: 'windows'. (https://learn.microsoft.com/dotnet/fundamentals/code-analysis/quality-rules/ca1416) [C:\SPARC\src\NetworkDevice.Core\NetworkDevice.Core.csproj]
C:\SPARC\src\NetworkDevice.Core\Provisioning\HostNetworkManager.cs(165,29): warning CA1416: Este site de chamada pode ser acessado em todas as plataformas. Só há suporte para 'WindowsPrincipal' em: 'windows'. (https://learn.microsoft.com/dotnet/fundamentals/code-analysis/quality-rules/ca1416) [C:\SPARC\src\NetworkDevice.Core\NetworkDevice.Core.csproj]
C:\SPARC\src\NetworkDevice.UI\MainWindow.xaml.cs(245,102): warning CS8602: Desreferência de uma referência possivelmente nula. [C:\SPARC\src\NetworkDevice.UI\NetworkDevice.UI.csproj]

Compilação com êxito.

C:\SPARC\src\NetworkDevice.Core\Provisioning\HostNetworkManager.cs(166,39): warning CA1416: Este site de chamada pode ser acessado em todas as plataformas. Só há suporte para 'WindowsBuiltInRole.Administrator' em: 'windows'. (https://learn.microsoft.com/dotnet/fundamentals/code-analysis/quality-rules/ca1416) [C:\SPARC\src\NetworkDevice.Core\NetworkDevice.Core.csproj]
C:\SPARC\src\NetworkDevice.Core\Provisioning\HostNetworkManager.cs(164,28): warning CA1416: Este site de chamada pode ser acessado em todas as plataformas. Só há suporte para 'WindowsIdentity.GetCurrent()' em: 'windows'. (https://learn.microsoft.com/dotnet/fundamentals/code-analysis/quality-rules/ca1416) [C:\SPARC\src\NetworkDevice.Core\NetworkDevice.Core.csproj]
C:\SPARC\src\NetworkDevice.Core\Provisioning\HostNetworkManager.cs(166,20): warning CA1416: Este site de chamada pode ser acessado em todas as plataformas. Só há suporte para 'WindowsPrincipal.IsInRole(WindowsBuiltInRole)' em: 'windows'. (https://learn.microsoft.com/dotnet/fundamentals/code-analysis/quality-rules/ca1416) [C:\SPARC\src\NetworkDevice.Core\NetworkDevice.Core.csproj]
C:\SPARC\src\NetworkDevice.Core\Provisioning\HostNetworkManager.cs(165,29): warning CA1416: Este site de chamada pode ser acessado em todas as plataformas. Só há suporte para 'WindowsPrincipal' em: 'windows'. (https://learn.microsoft.com/dotnet/fundamentals/code-analysis/quality-rules/ca1416) [C:\SPARC\src\NetworkDevice.Core\NetworkDevice.Core.csproj]
C:\SPARC\src\NetworkDevice.UI\MainWindow.xaml.cs(245,102): warning CS8602: Desreferência de uma referência possivelmente nula. [C:\SPARC\src\NetworkDevice.UI\NetworkDevice.UI.csproj]
    5 Aviso(s)
    0 Erro(s)

Tempo Decorrido 00:00:09.06
2026-08-25 09:52:45 [OK] Build Release concluido.
2026-08-25 09:52:45 [*] Iniciando C:\SPARC\src\NetworkDevice.UI\bin\Release\net8.0-windows\NetworkDevice.UI.exe
2026-08-25 10:14:03 [*] Nenhuma alteracao detectada. Usando build Release existente.
2026-08-25 10:14:03 [*] Iniciando C:\SPARC\src\NetworkDevice.UI\bin\Release\net8.0-windows\NetworkDevice.UI.exe
2026-08-25 10:23:43 [*] Codigo fonte mais recente que o .exe (MainWindow.g.cs 08/25/2026 10:20:41 > 08/25/2026 10:06:36). Recompilando...
2026-08-25 10:23:43 [*] Compilando Release (dotnet build -c Release)...

Compila├º├úo com ├¬xito.
    0 Aviso(s)
    0 Erro(s)

Tempo Decorrido 00:00:02.49
2026-08-25 10:23:46 [OK] Build Release concluido.
2026-08-25 10:23:46 [*] Iniciando C:\SPARC\src\NetworkDevice.UI\bin\Release\net8.0-windows\NetworkDevice.UI.exe
2026-08-25 10:38:37 [*] Codigo fonte mais recente que o .exe (MainWindow.g.cs 08/25/2026 10:34:13 > 08/25/2026 10:18:52). Recompilando...
2026-08-25 10:38:37 [*] Compilando Release (dotnet build -c Release)...

Compila├º├úo com ├¬xito.
    0 Aviso(s)
    0 Erro(s)

Tempo Decorrido 00:00:03.32
2026-08-25 10:38:41 [OK] Build Release concluido.
2026-08-25 10:38:41 [*] Iniciando C:\SPARC\src\NetworkDevice.UI\bin\Release\net8.0-windows\NetworkDevice.UI.exe
2026-08-25 10:48:04 [*] Codigo fonte mais recente que o .exe (MainWindow.g.cs 08/25/2026 10:46:01 > 08/25/2026 10:38:41). Recompilando...
2026-08-25 10:48:04 [*] Compilando Release (dotnet build -c Release)...

Compila├º├úo com ├¬xito.
    0 Aviso(s)
    0 Erro(s)

Tempo Decorrido 00:00:02.07
2026-08-25 10:48:07 [OK] Build Release concluido.
2026-08-25 10:48:07 [*] Iniciando C:\SPARC\src\NetworkDevice.UI\bin\Release\net8.0-windows\NetworkDevice.UI.exe
2026-08-25 11:00:49 [*] Codigo fonte mais recente que o .exe (MainWindow.g.cs 08/25/2026 10:58:32 > 08/25/2026 10:48:07). Recompilando...
2026-08-25 11:00:49 [*] Compilando Release (dotnet build -c Release)...
C:\SPARC\src\NetworkDevice.Core\Provisioning\HostNetworkManager.cs(166,20): warning CA1416: Este site de chamada pode ser acessado em todas as plataformas. S├│ h├í suporte para 'WindowsPrincipal.IsInRole(WindowsBuiltInRole)' em: 'windows'. (https://learn.microsoft.com/dotnet/fundamentals/code-analysis/quality-rules/ca1416) [C:\SPARC\src\NetworkDevice.Core\NetworkDevice.Core.csproj]
C:\SPARC\src\NetworkDevice.Core\Provisioning\HostNetworkManager.cs(165,29): warning CA1416: Este site de chamada pode ser acessado em todas as plataformas. S├│ h├í suporte para 'WindowsPrincipal' em: 'windows'. (https://learn.microsoft.com/dotnet/fundamentals/code-analysis/quality-rules/ca1416) [C:\SPARC\src\NetworkDevice.Core\NetworkDevice.Core.csproj]
C:\SPARC\src\NetworkDevice.Core\Provisioning\HostNetworkManager.cs(164,28): warning CA1416: Este site de chamada pode ser acessado em todas as plataformas. S├│ h├í suporte para 'WindowsIdentity.GetCurrent()' em: 'windows'. (https://learn.microsoft.com/dotnet/fundamentals/code-analysis/quality-rules/ca1416) [C:\SPARC\src\NetworkDevice.Core\NetworkDevice.Core.csproj]
C:\SPARC\src\NetworkDevice.Core\Provisioning\HostNetworkManager.cs(166,39): warning CA1416: Este site de chamada pode ser acessado em todas as plataformas. S├│ h├í suporte para 'WindowsBuiltInRole.Administrator' em: 'windows'. (https://learn.microsoft.com/dotnet/fundamentals/code-analysis/quality-rules/ca1416) [C:\SPARC\src\NetworkDevice.Core\NetworkDevice.Core.csproj]

Compila├º├úo com ├¬xito.

C:\SPARC\src\NetworkDevice.Core\Provisioning\HostNetworkManager.cs(166,20): warning CA1416: Este site de chamada pode ser acessado em todas as plataformas. S├│ h├í suporte para 'WindowsPrincipal.IsInRole(WindowsBuiltInRole)' em: 'windows'. (https://learn.microsoft.com/dotnet/fundamentals/code-analysis/quality-rules/ca1416) [C:\SPARC\src\NetworkDevice.Core\NetworkDevice.Core.csproj]
C:\SPARC\src\NetworkDevice.Core\Provisioning\HostNetworkManager.cs(165,29): warning CA1416: Este site de chamada pode ser acessado em todas as plataformas. S├│ h├í suporte para 'WindowsPrincipal' em: 'windows'. (https://learn.microsoft.com/dotnet/fundamentals/code-analysis/quality-rules/ca1416) [C:\SPARC\src\NetworkDevice.Core\NetworkDevice.Core.csproj]
C:\SPARC\src\NetworkDevice.Core\Provisioning\HostNetworkManager.cs(164,28): warning CA1416: Este site de chamada pode ser acessado em todas as plataformas. S├│ h├í suporte para 'WindowsIdentity.GetCurrent()' em: 'windows'. (https://learn.microsoft.com/dotnet/fundamentals/code-analysis/quality-rules/ca1416) [C:\SPARC\src\NetworkDevice.Core\NetworkDevice.Core.csproj]
C:\SPARC\src\NetworkDevice.Core\Provisioning\HostNetworkManager.cs(166,39): warning CA1416: Este site de chamada pode ser acessado em todas as plataformas. S├│ h├í suporte para 'WindowsBuiltInRole.Administrator' em: 'windows'. (https://learn.microsoft.com/dotnet/fundamentals/code-analysis/quality-rules/ca1416) [C:\SPARC\src\NetworkDevice.Core\NetworkDevice.Core.csproj]
    4 Aviso(s)
    0 Erro(s)

Tempo Decorrido 00:00:02.34
2026-08-25 11:00:52 [OK] Build Release concluido.
2026-08-25 11:00:52 [*] Iniciando C:\SPARC\src\NetworkDevice.UI\bin\Release\net8.0-windows\NetworkDevice.UI.exe
2026-08-25 11:25:45 [*] Codigo fonte mais recente que o .exe (MainWindow.g.cs 08/25/2026 11:22:23 > 08/25/2026 11:00:52). Recompilando...
2026-08-25 11:25:45 [*] Compilando Release (dotnet build -c Release)...

Compila├º├úo com ├¬xito.
    0 Aviso(s)
    0 Erro(s)

Tempo Decorrido 00:00:06.49
2026-08-25 11:25:53 [OK] Build Release concluido.
2026-08-25 11:25:53 [*] Iniciando C:\SPARC\src\NetworkDevice.UI\bin\Release\net8.0-windows\NetworkDevice.UI.exe
2026-08-25 11:42:07 [*] Nenhuma alteracao detectada. Usando build Release existente.
2026-08-25 11:42:07 [*] Iniciando C:\SPARC\src\NetworkDevice.UI\bin\Release\net8.0-windows\NetworkDevice.UI.exe
2026-08-25 12:18:56 [*] Codigo fonte mais recente que o .exe (MainWindow.g.cs 08/25/2026 12:15:57 > 08/25/2026 11:25:52). Recompilando...
2026-08-25 12:18:56 [*] Compilando Release (dotnet build -c Release)...

Compila├º├úo com ├¬xito.
    0 Aviso(s)
    0 Erro(s)

Tempo Decorrido 00:00:06.86
2026-08-25 12:19:04 [OK] Build Release concluido.
2026-08-25 12:19:04 [*] Iniciando C:\SPARC\src\NetworkDevice.UI\bin\Release\net8.0-windows\NetworkDevice.UI.exe
2026-08-25 12:27:14 [*] Codigo fonte mais recente que o .exe (MainWindow.g.cs 08/25/2026 12:25:48 > 08/25/2026 12:19:03). Recompilando...
2026-08-25 12:27:14 [*] Compilando Release (dotnet build -c Release)...
C:\SPARC\src\NetworkDevice.Core\Provisioning\HostNetworkManager.cs(165,29): warning CA1416: Este site de chamada pode ser acessado em todas as plataformas. S├│ h├í suporte para 'WindowsPrincipal' em: 'windows'. (https://learn.microsoft.com/dotnet/fundamentals/code-analysis/quality-rules/ca1416) [C:\SPARC\src\NetworkDevice.Core\NetworkDevice.Core.csproj]
C:\SPARC\src\NetworkDevice.Core\Provisioning\HostNetworkManager.cs(166,20): warning CA1416: Este site de chamada pode ser acessado em todas as plataformas. S├│ h├í suporte para 'WindowsPrincipal.IsInRole(WindowsBuiltInRole)' em: 'windows'. (https://learn.microsoft.com/dotnet/fundamentals/code-analysis/quality-rules/ca1416) [C:\SPARC\src\NetworkDevice.Core\NetworkDevice.Core.csproj]
C:\SPARC\src\NetworkDevice.Core\Provisioning\HostNetworkManager.cs(166,39): warning CA1416: Este site de chamada pode ser acessado em todas as plataformas. S├│ h├í suporte para 'WindowsBuiltInRole.Administrator' em: 'windows'. (https://learn.microsoft.com/dotnet/fundamentals/code-analysis/quality-rules/ca1416) [C:\SPARC\src\NetworkDevice.Core\NetworkDevice.Core.csproj]
C:\SPARC\src\NetworkDevice.Core\Provisioning\HostNetworkManager.cs(164,28): warning CA1416: Este site de chamada pode ser acessado em todas as plataformas. S├│ h├í suporte para 'WindowsIdentity.GetCurrent()' em: 'windows'. (https://learn.microsoft.com/dotnet/fundamentals/code-analysis/quality-rules/ca1416) [C:\SPARC\src\NetworkDevice.Core\NetworkDevice.Core.csproj]

Compila├º├úo com ├¬xito.

C:\SPARC\src\NetworkDevice.Core\Provisioning\HostNetworkManager.cs(165,29): warning CA1416: Este site de chamada pode ser acessado em todas as plataformas. S├│ h├í suporte para 'WindowsPrincipal' em: 'windows'. (https://learn.microsoft.com/dotnet/fundamentals/code-analysis/quality-rules/ca1416) [C:\SPARC\src\NetworkDevice.Core\NetworkDevice.Core.csproj]
C:\SPARC\src\NetworkDevice.Core\Provisioning\HostNetworkManager.cs(166,20): warning CA1416: Este site de chamada pode ser acessado em todas as plataformas. S├│ h├í suporte para 'WindowsPrincipal.IsInRole(WindowsBuiltInRole)' em: 'windows'. (https://learn.microsoft.com/dotnet/fundamentals/code-analysis/quality-rules/ca1416) [C:\SPARC\src\NetworkDevice.Core\NetworkDevice.Core.csproj]
C:\SPARC\src\NetworkDevice.Core\Provisioning\HostNetworkManager.cs(166,39): warning CA1416: Este site de chamada pode ser acessado em todas as plataformas. S├│ h├í suporte para 'WindowsBuiltInRole.Administrator' em: 'windows'. (https://learn.microsoft.com/dotnet/fundamentals/code-analysis/quality-rules/ca1416) [C:\SPARC\src\NetworkDevice.Core\NetworkDevice.Core.csproj]
C:\SPARC\src\NetworkDevice.Core\Provisioning\HostNetworkManager.cs(164,28): warning CA1416: Este site de chamada pode ser acessado em todas as plataformas. S├│ h├í suporte para 'WindowsIdentity.GetCurrent()' em: 'windows'. (https://learn.microsoft.com/dotnet/fundamentals/code-analysis/quality-rules/ca1416) [C:\SPARC\src\NetworkDevice.Core\NetworkDevice.Core.csproj]
    4 Aviso(s)
    0 Erro(s)

Tempo Decorrido 00:00:02.63
2026-08-25 12:27:17 [OK] Build Release concluido.
2026-08-25 12:27:17 [*] Iniciando C:\SPARC\src\NetworkDevice.UI\bin\Release\net8.0-windows\NetworkDevice.UI.exe
2026-08-25 12:32:30 [*] Codigo fonte mais recente que o .exe (MainWindow.g.cs 08/25/2026 12:31:30 > 08/25/2026 12:27:17). Recompilando...
2026-08-25 12:32:30 [*] Compilando Release (dotnet build -c Release)...

Compila├º├úo com ├¬xito.
    0 Aviso(s)
    0 Erro(s)

Tempo Decorrido 00:00:01.79
2026-08-25 12:32:32 [OK] Build Release concluido.
2026-08-25 12:32:32 [*] Iniciando C:\SPARC\src\NetworkDevice.UI\bin\Release\net8.0-windows\NetworkDevice.UI.exe
2026-08-25 12:41:08 [*] Codigo fonte mais recente que o .exe (MainWindow.g.cs 08/25/2026 12:40:26 > 08/25/2026 12:32:32). Recompilando...
2026-08-25 12:41:08 [*] Compilando Release (dotnet build -c Release)...

Compila├º├úo com ├¬xito.
    0 Aviso(s)
    0 Erro(s)

Tempo Decorrido 00:00:01.93
2026-08-25 12:41:11 [OK] Build Release concluido.
2026-08-25 12:41:11 [*] Iniciando C:\SPARC\src\NetworkDevice.UI\bin\Release\net8.0-windows\NetworkDevice.UI.exe
2026-08-25 12:48:31 [*] Codigo fonte mais recente que o .exe (MainWindow.xaml.cs 08/25/2026 12:46:52 > 08/25/2026 12:41:11). Recompilando...
2026-08-25 12:48:31 [*] Compilando Release (dotnet build -c Release)...

Compila├º├úo com ├¬xito.
    0 Aviso(s)
    0 Erro(s)

Tempo Decorrido 00:00:01.64
2026-08-25 12:48:33 [OK] Build Release concluido.
2026-08-25 12:48:33 [*] Iniciando C:\SPARC\src\NetworkDevice.UI\bin\Release\net8.0-windows\NetworkDevice.UI.exe
2026-08-25 12:53:08 [*] Codigo fonte mais recente que o .exe (MainWindow.g.cs 08/25/2026 12:52:34 > 08/25/2026 12:48:32). Recompilando...
2026-08-25 12:53:08 [*] Compilando Release (dotnet build -c Release)...
C:\SPARC\src\NetworkDevice.Core\Provisioning\HostNetworkManager.cs(166,20): warning CA1416: Este site de chamada pode ser acessado em todas as plataformas. S├│ h├í suporte para 'WindowsPrincipal.IsInRole(WindowsBuiltInRole)' em: 'windows'. (https://learn.microsoft.com/dotnet/fundamentals/code-analysis/quality-rules/ca1416) [C:\SPARC\src\NetworkDevice.Core\NetworkDevice.Core.csproj]
C:\SPARC\src\NetworkDevice.Core\Provisioning\HostNetworkManager.cs(164,28): warning CA1416: Este site de chamada pode ser acessado em todas as plataformas. S├│ h├í suporte para 'WindowsIdentity.GetCurrent()' em: 'windows'. (https://learn.microsoft.com/dotnet/fundamentals/code-analysis/quality-rules/ca1416) [C:\SPARC\src\NetworkDevice.Core\NetworkDevice.Core.csproj]
C:\SPARC\src\NetworkDevice.Core\Provisioning\HostNetworkManager.cs(166,39): warning CA1416: Este site de chamada pode ser acessado em todas as plataformas. S├│ h├í suporte para 'WindowsBuiltInRole.Administrator' em: 'windows'. (https://learn.microsoft.com/dotnet/fundamentals/code-analysis/quality-rules/ca1416) [C:\SPARC\src\NetworkDevice.Core\NetworkDevice.Core.csproj]
C:\SPARC\src\NetworkDevice.Core\Provisioning\HostNetworkManager.cs(165,29): warning CA1416: Este site de chamada pode ser acessado em todas as plataformas. S├│ h├í suporte para 'WindowsPrincipal' em: 'windows'. (https://learn.microsoft.com/dotnet/fundamentals/code-analysis/quality-rules/ca1416) [C:\SPARC\src\NetworkDevice.Core\NetworkDevice.Core.csproj]

Compila├º├úo com ├¬xito.

C:\SPARC\src\NetworkDevice.Core\Provisioning\HostNetworkManager.cs(166,20): warning CA1416: Este site de chamada pode ser acessado em todas as plataformas. S├│ h├í suporte para 'WindowsPrincipal.IsInRole(WindowsBuiltInRole)' em: 'windows'. (https://learn.microsoft.com/dotnet/fundamentals/code-analysis/quality-rules/ca1416) [C:\SPARC\src\NetworkDevice.Core\NetworkDevice.Core.csproj]
C:\SPARC\src\NetworkDevice.Core\Provisioning\HostNetworkManager.cs(164,28): warning CA1416: Este site de chamada pode ser acessado em todas as plataformas. S├│ h├í suporte para 'WindowsIdentity.GetCurrent()' em: 'windows'. (https://learn.microsoft.com/dotnet/fundamentals/code-analysis/quality-rules/ca1416) [C:\SPARC\src\NetworkDevice.Core\NetworkDevice.Core.csproj]
C:\SPARC\src\NetworkDevice.Core\Provisioning\HostNetworkManager.cs(166,39): warning CA1416: Este site de chamada pode ser acessado em todas as plataformas. S├│ h├í suporte para 'WindowsBuiltInRole.Administrator' em: 'windows'. (https://learn.microsoft.com/dotnet/fundamentals/code-analysis/quality-rules/ca1416) [C:\SPARC\src\NetworkDevice.Core\NetworkDevice.Core.csproj]
C:\SPARC\src\NetworkDevice.Core\Provisioning\HostNetworkManager.cs(165,29): warning CA1416: Este site de chamada pode ser acessado em todas as plataformas. S├│ h├í suporte para 'WindowsPrincipal' em: 'windows'. (https://learn.microsoft.com/dotnet/fundamentals/code-analysis/quality-rules/ca1416) [C:\SPARC\src\NetworkDevice.Core\NetworkDevice.Core.csproj]
    4 Aviso(s)
    0 Erro(s)

Tempo Decorrido 00:00:02.37
2026-08-25 12:53:11 [OK] Build Release concluido.
2026-08-25 12:53:11 [*] Iniciando C:\SPARC\src\NetworkDevice.UI\bin\Release\net8.0-windows\NetworkDevice.UI.exe
2026-08-25 13:03:39 [*] Codigo fonte mais recente que o .exe (MainWindow.g.cs 08/25/2026 12:55:28 > 08/25/2026 12:53:11). Recompilando...
2026-08-25 13:03:39 [*] Compilando Release (dotnet build -c Release)...

Compila├º├úo com ├¬xito.
    0 Aviso(s)
    0 Erro(s)

Tempo Decorrido 00:00:01.69
2026-08-25 13:03:41 [OK] Build Release concluido.
2026-08-25 13:03:41 [*] Iniciando C:\SPARC\src\NetworkDevice.UI\bin\Release\net8.0-windows\NetworkDevice.UI.exe
2026-08-25 13:13:54 [*] Codigo fonte mais recente que o .exe (MainWindow.g.cs 08/25/2026 13:12:33 > 08/25/2026 13:03:41). Recompilando...
2026-08-25 13:13:54 [*] Compilando Release (dotnet build -c Release)...

Compila├º├úo com ├¬xito.
    0 Aviso(s)
    0 Erro(s)

Tempo Decorrido 00:00:02.00
2026-08-25 13:13:56 [OK] Build Release concluido.
2026-08-25 13:13:56 [*] Iniciando C:\SPARC\src\NetworkDevice.UI\bin\Release\net8.0-windows\NetworkDevice.UI.exe
2026-08-25 13:21:27 [*] Codigo fonte mais recente que o .exe (MainWindow.xaml.cs 08/25/2026 13:19:46 > 08/25/2026 13:13:56). Recompilando...
2026-08-25 13:21:27 [*] Compilando Release (dotnet build -c Release)...

Compila├º├úo com ├¬xito.
    0 Aviso(s)
    0 Erro(s)

Tempo Decorrido 00:00:01.60
2026-08-25 13:21:29 [OK] Build Release concluido.
2026-08-25 13:21:29 [*] Iniciando C:\SPARC\src\NetworkDevice.UI\bin\Release\net8.0-windows\NetworkDevice.UI.exe
2026-08-25 13:43:09 [*] Verificando atualizacoes no Git remoto...
2026-08-25 13:43:21 [*] Git ja atualizado.
2026-08-25 13:43:22 [*] Codigo fonte mais recente que o .exe (MainWindow.xaml.cs 08/25/2026 13:39:33 > 08/25/2026 13:21:29). Recompilando...
2026-08-25 13:43:22 [*] Compilando Release (dotnet build -c Release)...
C:\SPARC\src\NetworkDevice.Core\Provisioning\HostNetworkManager.cs(166,20): warning CA1416: Este site de chamada pode ser acessado em todas as plataformas. S├│ h├í suporte para 'WindowsPrincipal.IsInRole(WindowsBuiltInRole)' em: 'windows'. (https://learn.microsoft.com/dotnet/fundamentals/code-analysis/quality-rules/ca1416) [C:\SPARC\src\NetworkDevice.Core\NetworkDevice.Core.csproj]
C:\SPARC\src\NetworkDevice.Core\Provisioning\HostNetworkManager.cs(165,29): warning CA1416: Este site de chamada pode ser acessado em todas as plataformas. S├│ h├í suporte para 'WindowsPrincipal' em: 'windows'. (https://learn.microsoft.com/dotnet/fundamentals/code-analysis/quality-rules/ca1416) [C:\SPARC\src\NetworkDevice.Core\NetworkDevice.Core.csproj]
C:\SPARC\src\NetworkDevice.Core\Provisioning\HostNetworkManager.cs(166,39): warning CA1416: Este site de chamada pode ser acessado em todas as plataformas. S├│ h├í suporte para 'WindowsBuiltInRole.Administrator' em: 'windows'. (https://learn.microsoft.com/dotnet/fundamentals/code-analysis/quality-rules/ca1416) [C:\SPARC\src\NetworkDevice.Core\NetworkDevice.Core.csproj]
C:\SPARC\src\NetworkDevice.Core\Provisioning\HostNetworkManager.cs(164,28): warning CA1416: Este site de chamada pode ser acessado em todas as plataformas. S├│ h├í suporte para 'WindowsIdentity.GetCurrent()' em: 'windows'. (https://learn.microsoft.com/dotnet/fundamentals/code-analysis/quality-rules/ca1416) [C:\SPARC\src\NetworkDevice.Core\NetworkDevice.Core.csproj]

Compila├º├úo com ├¬xito.

C:\SPARC\src\NetworkDevice.Core\Provisioning\HostNetworkManager.cs(166,20): warning CA1416: Este site de chamada pode ser acessado em todas as plataformas. S├│ h├í suporte para 'WindowsPrincipal.IsInRole(WindowsBuiltInRole)' em: 'windows'. (https://learn.microsoft.com/dotnet/fundamentals/code-analysis/quality-rules/ca1416) [C:\SPARC\src\NetworkDevice.Core\NetworkDevice.Core.csproj]
C:\SPARC\src\NetworkDevice.Core\Provisioning\HostNetworkManager.cs(165,29): warning CA1416: Este site de chamada pode ser acessado em todas as plataformas. S├│ h├í suporte para 'WindowsPrincipal' em: 'windows'. (https://learn.microsoft.com/dotnet/fundamentals/code-analysis/quality-rules/ca1416) [C:\SPARC\src\NetworkDevice.Core\NetworkDevice.Core.csproj]
C:\SPARC\src\NetworkDevice.Core\Provisioning\HostNetworkManager.cs(166,39): warning CA1416: Este site de chamada pode ser acessado em todas as plataformas. S├│ h├í suporte para 'WindowsBuiltInRole.Administrator' em: 'windows'. (https://learn.microsoft.com/dotnet/fundamentals/code-analysis/quality-rules/ca1416) [C:\SPARC\src\NetworkDevice.Core\NetworkDevice.Core.csproj]
C:\SPARC\src\NetworkDevice.Core\Provisioning\HostNetworkManager.cs(164,28): warning CA1416: Este site de chamada pode ser acessado em todas as plataformas. S├│ h├í suporte para 'WindowsIdentity.GetCurrent()' em: 'windows'. (https://learn.microsoft.com/dotnet/fundamentals/code-analysis/quality-rules/ca1416) [C:\SPARC\src\NetworkDevice.Core\NetworkDevice.Core.csproj]
    4 Aviso(s)
    0 Erro(s)

Tempo Decorrido 00:00:02.67
2026-08-25 13:43:25 [OK] Build Release concluido.
2026-08-25 13:43:25 [*] Iniciando C:\SPARC\src\NetworkDevice.UI\bin\Release\net8.0-windows\NetworkDevice.UI.exe
2026-08-25 13:52:54 [*] Verificando atualizacoes no Git remoto...
2026-08-25 13:53:12 [*] Git ja atualizado.
2026-08-25 13:53:12 [*] Codigo fonte mais recente que o .exe (NetworkDevice.UI.AssemblyInfo.cs 08/25/2026 13:47:57 > 08/25/2026 13:43:24). Recompilando...
2026-08-25 13:53:12 [*] Compilando Release (dotnet build -c Release)...
C:\SPARC\src\NetworkDevice.Core\Provisioning\HostNetworkManager.cs(164,28): warning CA1416: Este site de chamada pode ser acessado em todas as plataformas. S├│ h├í suporte para 'WindowsIdentity.GetCurrent()' em: 'windows'. (https://learn.microsoft.com/dotnet/fundamentals/code-analysis/quality-rules/ca1416) [C:\SPARC\src\NetworkDevice.Core\NetworkDevice.Core.csproj]
C:\SPARC\src\NetworkDevice.Core\Provisioning\HostNetworkManager.cs(166,39): warning CA1416: Este site de chamada pode ser acessado em todas as plataformas. S├│ h├í suporte para 'WindowsBuiltInRole.Administrator' em: 'windows'. (https://learn.microsoft.com/dotnet/fundamentals/code-analysis/quality-rules/ca1416) [C:\SPARC\src\NetworkDevice.Core\NetworkDevice.Core.csproj]
C:\SPARC\src\NetworkDevice.Core\Provisioning\HostNetworkManager.cs(166,20): warning CA1416: Este site de chamada pode ser acessado em todas as plataformas. S├│ h├í suporte para 'WindowsPrincipal.IsInRole(WindowsBuiltInRole)' em: 'windows'. (https://learn.microsoft.com/dotnet/fundamentals/code-analysis/quality-rules/ca1416) [C:\SPARC\src\NetworkDevice.Core\NetworkDevice.Core.csproj]
C:\SPARC\src\NetworkDevice.Core\Provisioning\HostNetworkManager.cs(165,29): warning CA1416: Este site de chamada pode ser acessado em todas as plataformas. S├│ h├í suporte para 'WindowsPrincipal' em: 'windows'. (https://learn.microsoft.com/dotnet/fundamentals/code-analysis/quality-rules/ca1416) [C:\SPARC\src\NetworkDevice.Core\NetworkDevice.Core.csproj]
C:\Program Files\dotnet\sdk\8.0.424\Microsoft.Common.CurrentVersion.targets(5034,5): warning MSB3026: n├úo foi poss├¡vel copiar "C:\SPARC\src\NetworkDevice.Core\bin\Release\net8.0\NetworkDevice.Core.dll" para "bin\Release\net8.0-windows\NetworkDevice.Core.dll". Iniciando nova tentativa 1 em 1000ms. The process cannot access the file 'C:\SPARC\src\NetworkDevice.UI\bin\Release\net8.0-windows\NetworkDevice.Core.dll' because it is being used by another process. O arquivo ├® bloqueado por: "NetworkDevice.UI.exe (14760)" [C:\SPARC\src\NetworkDevice.UI\NetworkDevice.UI.csproj]
C:\Program Files\dotnet\sdk\8.0.424\Microsoft.Common.CurrentVersion.targets(5034,5): warning MSB3026: n├úo foi poss├¡vel copiar "C:\SPARC\src\NetworkDevice.Core\bin\Release\net8.0\NetworkDevice.Core.dll" para "bin\Release\net8.0-windows\NetworkDevice.Core.dll". Iniciando nova tentativa 2 em 1000ms. The process cannot access the file 'C:\SPARC\src\NetworkDevice.UI\bin\Release\net8.0-windows\NetworkDevice.Core.dll' because it is being used by another process. O arquivo ├® bloqueado por: "NetworkDevice.UI.exe (14760)" [C:\SPARC\src\NetworkDevice.UI\NetworkDevice.UI.csproj]
C:\Program Files\dotnet\sdk\8.0.424\Microsoft.Common.CurrentVersion.targets(5034,5): warning MSB3026: n├úo foi poss├¡vel copiar "C:\SPARC\src\NetworkDevice.Core\bin\Release\net8.0\NetworkDevice.Core.dll" para "bin\Release\net8.0-windows\NetworkDevice.Core.dll". Iniciando nova tentativa 3 em 1000ms. The process cannot access the file 'C:\SPARC\src\NetworkDevice.UI\bin\Release\net8.0-windows\NetworkDevice.Core.dll' because it is being used by another process. O arquivo ├® bloqueado por: "NetworkDevice.UI.exe (14760)" [C:\SPARC\src\NetworkDevice.UI\NetworkDevice.UI.csproj]
C:\Program Files\dotnet\sdk\8.0.424\Microsoft.Common.CurrentVersion.targets(5034,5): warning MSB3026: n├úo foi poss├¡vel copiar "C:\SPARC\src\NetworkDevice.Core\bin\Release\net8.0\NetworkDevice.Core.dll" para "bin\Release\net8.0-windows\NetworkDevice.Core.dll". Iniciando nova tentativa 4 em 1000ms. The process cannot access the file 'C:\SPARC\src\NetworkDevice.UI\bin\Release\net8.0-windows\NetworkDevice.Core.dll' because it is being used by another process. O arquivo ├® bloqueado por: "NetworkDevice.UI.exe (14760)" [C:\SPARC\src\NetworkDevice.UI\NetworkDevice.UI.csproj]
C:\Program Files\dotnet\sdk\8.0.424\Microsoft.Common.CurrentVersion.targets(5034,5): warning MSB3026: n├úo foi poss├¡vel copiar "C:\SPARC\src\NetworkDevice.Core\bin\Release\net8.0\NetworkDevice.Core.dll" para "bin\Release\net8.0-windows\NetworkDevice.Core.dll". Iniciando nova tentativa 5 em 1000ms. The process cannot access the file 'C:\SPARC\src\NetworkDevice.UI\bin\Release\net8.0-windows\NetworkDevice.Core.dll' because it is being used by another process. O arquivo ├® bloqueado por: "NetworkDevice.UI.exe (14760)" [C:\SPARC\src\NetworkDevice.UI\NetworkDevice.UI.csproj]
C:\Program Files\dotnet\sdk\8.0.424\Microsoft.Common.CurrentVersion.targets(5034,5): warning MSB3026: n├úo foi poss├¡vel copiar "C:\SPARC\src\NetworkDevice.Core\bin\Release\net8.0\NetworkDevice.Core.dll" para "bin\Release\net8.0-windows\NetworkDevice.Core.dll". Iniciando nova tentativa 6 em 1000ms. The process cannot access the file 'C:\SPARC\src\NetworkDevice.UI\bin\Release\net8.0-windows\NetworkDevice.Core.dll' because it is being used by another process. O arquivo ├® bloqueado por: "NetworkDevice.UI.exe (14760)" [C:\SPARC\src\NetworkDevice.UI\NetworkDevice.UI.csproj]
C:\Program Files\dotnet\sdk\8.0.424\Microsoft.Common.CurrentVersion.targets(5034,5): warning MSB3026: n├úo foi poss├¡vel copiar "C:\SPARC\src\NetworkDevice.Core\bin\Release\net8.0\NetworkDevice.Core.dll" para "bin\Release\net8.0-windows\NetworkDevice.Core.dll". Iniciando nova tentativa 7 em 1000ms. The process cannot access the file 'C:\SPARC\src\NetworkDevice.UI\bin\Release\net8.0-windows\NetworkDevice.Core.dll' because it is being used by another process. O arquivo ├® bloqueado por: "NetworkDevice.UI.exe (14760)" [C:\SPARC\src\NetworkDevice.UI\NetworkDevice.UI.csproj]
C:\Program Files\dotnet\sdk\8.0.424\Microsoft.Common.CurrentVersion.targets(5034,5): warning MSB3026: n├úo foi poss├¡vel copiar "C:\SPARC\src\NetworkDevice.Core\bin\Release\net8.0\NetworkDevice.Core.dll" para "bin\Release\net8.0-windows\NetworkDevice.Core.dll". Iniciando nova tentativa 8 em 1000ms. The process cannot access the file 'C:\SPARC\src\NetworkDevice.UI\bin\Release\net8.0-windows\NetworkDevice.Core.dll' because it is being used by another process. O arquivo ├® bloqueado por: "NetworkDevice.UI.exe (14760)" [C:\SPARC\src\NetworkDevice.UI\NetworkDevice.UI.csproj]
C:\Program Files\dotnet\sdk\8.0.424\Microsoft.Common.CurrentVersion.targets(5034,5): warning MSB3026: n├úo foi poss├¡vel copiar "C:\SPARC\src\NetworkDevice.Core\bin\Release\net8.0\NetworkDevice.Core.dll" para "bin\Release\net8.0-windows\NetworkDevice.Core.dll". Iniciando nova tentativa 9 em 1000ms. The process cannot access the file 'C:\SPARC\src\NetworkDevice.UI\bin\Release\net8.0-windows\NetworkDevice.Core.dll' because it is being used by another process. O arquivo ├® bloqueado por: "NetworkDevice.UI.exe (14760)" [C:\SPARC\src\NetworkDevice.UI\NetworkDevice.UI.csproj]
C:\Program Files\dotnet\sdk\8.0.424\Microsoft.Common.CurrentVersion.targets(5034,5): warning MSB3026: n├úo foi poss├¡vel copiar "C:\SPARC\src\NetworkDevice.Core\bin\Release\net8.0\NetworkDevice.Core.dll" para "bin\Release\net8.0-windows\NetworkDevice.Core.dll". Iniciando nova tentativa 10 em 1000ms. The process cannot access the file 'C:\SPARC\src\NetworkDevice.UI\bin\Release\net8.0-windows\NetworkDevice.Core.dll' because it is being used by another process. O arquivo ├® bloqueado por: "NetworkDevice.UI.exe (14760)" [C:\SPARC\src\NetworkDevice.UI\NetworkDevice.UI.csproj]
C:\Program Files\dotnet\sdk\8.0.424\Microsoft.Common.CurrentVersion.targets(5034,5): error MSB3027: n├úo foi poss├¡vel copiar "C:\SPARC\src\NetworkDevice.Core\bin\Release\net8.0\NetworkDevice.Core.dll" para "bin\Release\net8.0-windows\NetworkDevice.Core.dll". N├║mero de novas tentativas 10 excedido. Falha. O arquivo ├® bloqueado por: "NetworkDevice.UI.exe (14760)" [C:\SPARC\src\NetworkDevice.UI\NetworkDevice.UI.csproj]
C:\Program Files\dotnet\sdk\8.0.424\Microsoft.Common.CurrentVersion.targets(5034,5): error MSB3021: N├úo ├® poss├¡vel copiar o arquivo "C:\SPARC\src\NetworkDevice.Core\bin\Release\net8.0\NetworkDevice.Core.dll" para "bin\Release\net8.0-windows\NetworkDevice.Core.dll". The process cannot access the file 'C:\SPARC\src\NetworkDevice.UI\bin\Release\net8.0-windows\NetworkDevice.Core.dll' because it is being used by another process. [C:\SPARC\src\NetworkDevice.UI\NetworkDevice.UI.csproj]

FALHA da compila├º├úo.

C:\SPARC\src\NetworkDevice.Core\Provisioning\HostNetworkManager.cs(164,28): warning CA1416: Este site de chamada pode ser acessado em todas as plataformas. S├│ h├í suporte para 'WindowsIdentity.GetCurrent()' em: 'windows'. (https://learn.microsoft.com/dotnet/fundamentals/code-analysis/quality-rules/ca1416) [C:\SPARC\src\NetworkDevice.Core\NetworkDevice.Core.csproj]
C:\SPARC\src\NetworkDevice.Core\Provisioning\HostNetworkManager.cs(166,39): warning CA1416: Este site de chamada pode ser acessado em todas as plataformas. S├│ h├í suporte para 'WindowsBuiltInRole.Administrator' em: 'windows'. (https://learn.microsoft.com/dotnet/fundamentals/code-analysis/quality-rules/ca1416) [C:\SPARC\src\NetworkDevice.Core\NetworkDevice.Core.csproj]
C:\SPARC\src\NetworkDevice.Core\Provisioning\HostNetworkManager.cs(166,20): warning CA1416: Este site de chamada pode ser acessado em todas as plataformas. S├│ h├í suporte para 'WindowsPrincipal.IsInRole(WindowsBuiltInRole)' em: 'windows'. (https://learn.microsoft.com/dotnet/fundamentals/code-analysis/quality-rules/ca1416) [C:\SPARC\src\NetworkDevice.Core\NetworkDevice.Core.csproj]
C:\SPARC\src\NetworkDevice.Core\Provisioning\HostNetworkManager.cs(165,29): warning CA1416: Este site de chamada pode ser acessado em todas as plataformas. S├│ h├í suporte para 'WindowsPrincipal' em: 'windows'. (https://learn.microsoft.com/dotnet/fundamentals/code-analysis/quality-rules/ca1416) [C:\SPARC\src\NetworkDevice.Core\NetworkDevice.Core.csproj]
C:\Program Files\dotnet\sdk\8.0.424\Microsoft.Common.CurrentVersion.targets(5034,5): warning MSB3026: n├úo foi poss├¡vel copiar "C:\SPARC\src\NetworkDevice.Core\bin\Release\net8.0\NetworkDevice.Core.dll" para "bin\Release\net8.0-windows\NetworkDevice.Core.dll". Iniciando nova tentativa 1 em 1000ms. The process cannot access the file 'C:\SPARC\src\NetworkDevice.UI\bin\Release\net8.0-windows\NetworkDevice.Core.dll' because it is being used by another process. O arquivo ├® bloqueado por: "NetworkDevice.UI.exe (14760)" [C:\SPARC\src\NetworkDevice.UI\NetworkDevice.UI.csproj]
C:\Program Files\dotnet\sdk\8.0.424\Microsoft.Common.CurrentVersion.targets(5034,5): warning MSB3026: n├úo foi poss├¡vel copiar "C:\SPARC\src\NetworkDevice.Core\bin\Release\net8.0\NetworkDevice.Core.dll" para "bin\Release\net8.0-windows\NetworkDevice.Core.dll". Iniciando nova tentativa 2 em 1000ms. The process cannot access the file 'C:\SPARC\src\NetworkDevice.UI\bin\Release\net8.0-windows\NetworkDevice.Core.dll' because it is being used by another process. O arquivo ├® bloqueado por: "NetworkDevice.UI.exe (14760)" [C:\SPARC\src\NetworkDevice.UI\NetworkDevice.UI.csproj]
C:\Program Files\dotnet\sdk\8.0.424\Microsoft.Common.CurrentVersion.targets(5034,5): warning MSB3026: n├úo foi poss├¡vel copiar "C:\SPARC\src\NetworkDevice.Core\bin\Release\net8.0\NetworkDevice.Core.dll" para "bin\Release\net8.0-windows\NetworkDevice.Core.dll". Iniciando nova tentativa 3 em 1000ms. The process cannot access the file 'C:\SPARC\src\NetworkDevice.UI\bin\Release\net8.0-windows\NetworkDevice.Core.dll' because it is being used by another process. O arquivo ├® bloqueado por: "NetworkDevice.UI.exe (14760)" [C:\SPARC\src\NetworkDevice.UI\NetworkDevice.UI.csproj]
C:\Program Files\dotnet\sdk\8.0.424\Microsoft.Common.CurrentVersion.targets(5034,5): warning MSB3026: n├úo foi poss├¡vel copiar "C:\SPARC\src\NetworkDevice.Core\bin\Release\net8.0\NetworkDevice.Core.dll" para "bin\Release\net8.0-windows\NetworkDevice.Core.dll". Iniciando nova tentativa 4 em 1000ms. The process cannot access the file 'C:\SPARC\src\NetworkDevice.UI\bin\Release\net8.0-windows\NetworkDevice.Core.dll' because it is being used by another process. O arquivo ├® bloqueado por: "NetworkDevice.UI.exe (14760)" [C:\SPARC\src\NetworkDevice.UI\NetworkDevice.UI.csproj]
C:\Program Files\dotnet\sdk\8.0.424\Microsoft.Common.CurrentVersion.targets(5034,5): warning MSB3026: n├úo foi poss├¡vel copiar "C:\SPARC\src\NetworkDevice.Core\bin\Release\net8.0\NetworkDevice.Core.dll" para "bin\Release\net8.0-windows\NetworkDevice.Core.dll". Iniciando nova tentativa 5 em 1000ms. The process cannot access the file 'C:\SPARC\src\NetworkDevice.UI\bin\Release\net8.0-windows\NetworkDevice.Core.dll' because it is being used by another process. O arquivo ├® bloqueado por: "NetworkDevice.UI.exe (14760)" [C:\SPARC\src\NetworkDevice.UI\NetworkDevice.UI.csproj]
C:\Program Files\dotnet\sdk\8.0.424\Microsoft.Common.CurrentVersion.targets(5034,5): warning MSB3026: n├úo foi poss├¡vel copiar "C:\SPARC\src\NetworkDevice.Core\bin\Release\net8.0\NetworkDevice.Core.dll" para "bin\Release\net8.0-windows\NetworkDevice.Core.dll". Iniciando nova tentativa 6 em 1000ms. The process cannot access the file 'C:\SPARC\src\NetworkDevice.UI\bin\Release\net8.0-windows\NetworkDevice.Core.dll' because it is being used by another process. O arquivo ├® bloqueado por: "NetworkDevice.UI.exe (14760)" [C:\SPARC\src\NetworkDevice.UI\NetworkDevice.UI.csproj]
C:\Program Files\dotnet\sdk\8.0.424\Microsoft.Common.CurrentVersion.targets(5034,5): warning MSB3026: n├úo foi poss├¡vel copiar "C:\SPARC\src\NetworkDevice.Core\bin\Release\net8.0\NetworkDevice.Core.dll" para "bin\Release\net8.0-windows\NetworkDevice.Core.dll". Iniciando nova tentativa 7 em 1000ms. The process cannot access the file 'C:\SPARC\src\NetworkDevice.UI\bin\Release\net8.0-windows\NetworkDevice.Core.dll' because it is being used by another process. O arquivo ├® bloqueado por: "NetworkDevice.UI.exe (14760)" [C:\SPARC\src\NetworkDevice.UI\NetworkDevice.UI.csproj]
C:\Program Files\dotnet\sdk\8.0.424\Microsoft.Common.CurrentVersion.targets(5034,5): warning MSB3026: n├úo foi poss├¡vel copiar "C:\SPARC\src\NetworkDevice.Core\bin\Release\net8.0\NetworkDevice.Core.dll" para "bin\Release\net8.0-windows\NetworkDevice.Core.dll". Iniciando nova tentativa 8 em 1000ms. The process cannot access the file 'C:\SPARC\src\NetworkDevice.UI\bin\Release\net8.0-windows\NetworkDevice.Core.dll' because it is being used by another process. O arquivo ├® bloqueado por: "NetworkDevice.UI.exe (14760)" [C:\SPARC\src\NetworkDevice.UI\NetworkDevice.UI.csproj]
C:\Program Files\dotnet\sdk\8.0.424\Microsoft.Common.CurrentVersion.targets(5034,5): warning MSB3026: n├úo foi poss├¡vel copiar "C:\SPARC\src\NetworkDevice.Core\bin\Release\net8.0\NetworkDevice.Core.dll" para "bin\Release\net8.0-windows\NetworkDevice.Core.dll". Iniciando nova tentativa 9 em 1000ms. The process cannot access the file 'C:\SPARC\src\NetworkDevice.UI\bin\Release\net8.0-windows\NetworkDevice.Core.dll' because it is being used by another process. O arquivo ├® bloqueado por: "NetworkDevice.UI.exe (14760)" [C:\SPARC\src\NetworkDevice.UI\NetworkDevice.UI.csproj]
C:\Program Files\dotnet\sdk\8.0.424\Microsoft.Common.CurrentVersion.targets(5034,5): warning MSB3026: n├úo foi poss├¡vel copiar "C:\SPARC\src\NetworkDevice.Core\bin\Release\net8.0\NetworkDevice.Core.dll" para "bin\Release\net8.0-windows\NetworkDevice.Core.dll". Iniciando nova tentativa 10 em 1000ms. The process cannot access the file 'C:\SPARC\src\NetworkDevice.UI\bin\Release\net8.0-windows\NetworkDevice.Core.dll' because it is being used by another process. O arquivo ├® bloqueado por: "NetworkDevice.UI.exe (14760)" [C:\SPARC\src\NetworkDevice.UI\NetworkDevice.UI.csproj]
C:\Program Files\dotnet\sdk\8.0.424\Microsoft.Common.CurrentVersion.targets(5034,5): error MSB3027: n├úo foi poss├¡vel copiar "C:\SPARC\src\NetworkDevice.Core\bin\Release\net8.0\NetworkDevice.Core.dll" para "bin\Release\net8.0-windows\NetworkDevice.Core.dll". N├║mero de novas tentativas 10 excedido. Falha. O arquivo ├® bloqueado por: "NetworkDevice.UI.exe (14760)" [C:\SPARC\src\NetworkDevice.UI\NetworkDevice.UI.csproj]
C:\Program Files\dotnet\sdk\8.0.424\Microsoft.Common.CurrentVersion.targets(5034,5): error MSB3021: N├úo ├® poss├¡vel copiar o arquivo "C:\SPARC\src\NetworkDevice.Core\bin\Release\net8.0\NetworkDevice.Core.dll" para "bin\Release\net8.0-windows\NetworkDevice.Core.dll". The process cannot access the file 'C:\SPARC\src\NetworkDevice.UI\bin\Release\net8.0-windows\NetworkDevice.Core.dll' because it is being used by another process. [C:\SPARC\src\NetworkDevice.UI\NetworkDevice.UI.csproj]
    14 Aviso(s)
    2 Erro(s)

Tempo Decorrido 00:00:13.68
2026-08-25 13:53:26 [ERRO] Falha na compilacao Release (exit 1). Tentando iniciar versao anterior se existir...
2026-08-25 13:53:26 [*] Iniciando C:\SPARC\src\NetworkDevice.UI\bin\Release\net8.0-windows\NetworkDevice.UI.exe
2026-08-25 14:09:47 [*] Verificando atualizacoes no Git remoto...
2026-08-25 14:09:49 [*] Git ja atualizado.
2026-08-25 14:09:49 [*] Codigo fonte mais recente que o .exe (NetworkDevice.Cli.AssemblyInfo.cs 08/25/2026 13:53:26 > 08/25/2026 13:43:24). Recompilando...
2026-08-25 14:09:49 [*] Compilando Release (dotnet build -c Release)...

Compila├º├úo com ├¬xito.
    0 Aviso(s)
    0 Erro(s)

Tempo Decorrido 00:00:02.82
2026-08-25 14:09:53 [OK] Build Release concluido.
2026-08-25 14:09:53 [*] Iniciando C:\SPARC\src\NetworkDevice.UI\bin\Release\net8.0-windows\NetworkDevice.UI.exe
2026-08-25 14:16:28 [*] Verificando atualizacoes no Git remoto...
2026-08-25 14:16:29 [*] Git ja atualizado.
2026-08-25 14:16:30 [*] Codigo fonte mais recente que o .exe (NetworkDevice.Cli.AssemblyInfo.cs 08/25/2026 14:15:39 > 08/25/2026 13:53:15). Recompilando...
2026-08-25 14:16:30 [*] Compilando Release (dotnet build -c Release)...
C:\SPARC\src\NetworkDevice.Core\Provisioning\HostNetworkManager.cs(166,39): warning CA1416: Este site de chamada pode ser acessado em todas as plataformas. S├│ h├í suporte para 'WindowsBuiltInRole.Administrator' em: 'windows'. (https://learn.microsoft.com/dotnet/fundamentals/code-analysis/quality-rules/ca1416) [C:\SPARC\src\NetworkDevice.Core\NetworkDevice.Core.csproj]
C:\SPARC\src\NetworkDevice.Core\Provisioning\HostNetworkManager.cs(164,28): warning CA1416: Este site de chamada pode ser acessado em todas as plataformas. S├│ h├í suporte para 'WindowsIdentity.GetCurrent()' em: 'windows'. (https://learn.microsoft.com/dotnet/fundamentals/code-analysis/quality-rules/ca1416) [C:\SPARC\src\NetworkDevice.Core\NetworkDevice.Core.csproj]
C:\SPARC\src\NetworkDevice.Core\Provisioning\HostNetworkManager.cs(165,29): warning CA1416: Este site de chamada pode ser acessado em todas as plataformas. S├│ h├í suporte para 'WindowsPrincipal' em: 'windows'. (https://learn.microsoft.com/dotnet/fundamentals/code-analysis/quality-rules/ca1416) [C:\SPARC\src\NetworkDevice.Core\NetworkDevice.Core.csproj]
C:\SPARC\src\NetworkDevice.Core\Provisioning\HostNetworkManager.cs(166,20): warning CA1416: Este site de chamada pode ser acessado em todas as plataformas. S├│ h├í suporte para 'WindowsPrincipal.IsInRole(WindowsBuiltInRole)' em: 'windows'. (https://learn.microsoft.com/dotnet/fundamentals/code-analysis/quality-rules/ca1416) [C:\SPARC\src\NetworkDevice.Core\NetworkDevice.Core.csproj]

Compila├º├úo com ├¬xito.

C:\SPARC\src\NetworkDevice.Core\Provisioning\HostNetworkManager.cs(166,39): warning CA1416: Este site de chamada pode ser acessado em todas as plataformas. S├│ h├í suporte para 'WindowsBuiltInRole.Administrator' em: 'windows'. (https://learn.microsoft.com/dotnet/fundamentals/code-analysis/quality-rules/ca1416) [C:\SPARC\src\NetworkDevice.Core\NetworkDevice.Core.csproj]
C:\SPARC\src\NetworkDevice.Core\Provisioning\HostNetworkManager.cs(164,28): warning CA1416: Este site de chamada pode ser acessado em todas as plataformas. S├│ h├í suporte para 'WindowsIdentity.GetCurrent()' em: 'windows'. (https://learn.microsoft.com/dotnet/fundamentals/code-analysis/quality-rules/ca1416) [C:\SPARC\src\NetworkDevice.Core\NetworkDevice.Core.csproj]
C:\SPARC\src\NetworkDevice.Core\Provisioning\HostNetworkManager.cs(165,29): warning CA1416: Este site de chamada pode ser acessado em todas as plataformas. S├│ h├í suporte para 'WindowsPrincipal' em: 'windows'. (https://learn.microsoft.com/dotnet/fundamentals/code-analysis/quality-rules/ca1416) [C:\SPARC\src\NetworkDevice.Core\NetworkDevice.Core.csproj]
C:\SPARC\src\NetworkDevice.Core\Provisioning\HostNetworkManager.cs(166,20): warning CA1416: Este site de chamada pode ser acessado em todas as plataformas. S├│ h├í suporte para 'WindowsPrincipal.IsInRole(WindowsBuiltInRole)' em: 'windows'. (https://learn.microsoft.com/dotnet/fundamentals/code-analysis/quality-rules/ca1416) [C:\SPARC\src\NetworkDevice.Core\NetworkDevice.Core.csproj]
    4 Aviso(s)
    0 Erro(s)

Tempo Decorrido 00:00:05.10
2026-08-25 14:16:35 [OK] Build Release concluido.
2026-08-25 14:16:35 [*] Iniciando C:\SPARC\src\NetworkDevice.UI\bin\Release\net8.0-windows\NetworkDevice.UI.exe
2026-08-25 14:16:42 [*] Verificando atualizacoes no Git remoto...
2026-08-25 14:16:48 [*] Git ja atualizado.
2026-08-25 14:16:48 [*] Nenhuma alteracao detectada. Usando build Release existente.
2026-08-25 14:16:48 [*] Iniciando C:\SPARC\src\NetworkDevice.UI\bin\Release\net8.0-windows\NetworkDevice.UI.exe
2026-08-25 14:25:07 [*] Verificando atualizacoes no Git remoto...
2026-08-25 14:25:09 [*] Git ja atualizado.
2026-08-25 14:25:09 [*] Codigo fonte mais recente que o .exe (NetworkDevice.UI.AssemblyInfo.cs 08/25/2026 14:23:39 > 08/25/2026 14:16:35). Recompilando...
2026-08-25 14:25:09 [*] Compilando Release (dotnet build -c Release)...
C:\SPARC\src\NetworkDevice.Core\Provisioning\HostNetworkManager.cs(164,28): warning CA1416: Este site de chamada pode ser acessado em todas as plataformas. S├│ h├í suporte para 'WindowsIdentity.GetCurrent()' em: 'windows'. (https://learn.microsoft.com/dotnet/fundamentals/code-analysis/quality-rules/ca1416) [C:\SPARC\src\NetworkDevice.Core\NetworkDevice.Core.csproj]
C:\SPARC\src\NetworkDevice.Core\Provisioning\HostNetworkManager.cs(166,20): warning CA1416: Este site de chamada pode ser acessado em todas as plataformas. S├│ h├í suporte para 'WindowsPrincipal.IsInRole(WindowsBuiltInRole)' em: 'windows'. (https://learn.microsoft.com/dotnet/fundamentals/code-analysis/quality-rules/ca1416) [C:\SPARC\src\NetworkDevice.Core\NetworkDevice.Core.csproj]
C:\SPARC\src\NetworkDevice.Core\Provisioning\HostNetworkManager.cs(165,29): warning CA1416: Este site de chamada pode ser acessado em todas as plataformas. S├│ h├í suporte para 'WindowsPrincipal' em: 'windows'. (https://learn.microsoft.com/dotnet/fundamentals/code-analysis/quality-rules/ca1416) [C:\SPARC\src\NetworkDevice.Core\NetworkDevice.Core.csproj]
C:\SPARC\src\NetworkDevice.Core\Provisioning\HostNetworkManager.cs(166,39): warning CA1416: Este site de chamada pode ser acessado em todas as plataformas. S├│ h├í suporte para 'WindowsBuiltInRole.Administrator' em: 'windows'. (https://learn.microsoft.com/dotnet/fundamentals/code-analysis/quality-rules/ca1416) [C:\SPARC\src\NetworkDevice.Core\NetworkDevice.Core.csproj]

Compila├º├úo com ├¬xito.

C:\SPARC\src\NetworkDevice.Core\Provisioning\HostNetworkManager.cs(164,28): warning CA1416: Este site de chamada pode ser acessado em todas as plataformas. S├│ h├í suporte para 'WindowsIdentity.GetCurrent()' em: 'windows'. (https://learn.microsoft.com/dotnet/fundamentals/code-analysis/quality-rules/ca1416) [C:\SPARC\src\NetworkDevice.Core\NetworkDevice.Core.csproj]
C:\SPARC\src\NetworkDevice.Core\Provisioning\HostNetworkManager.cs(166,20): warning CA1416: Este site de chamada pode ser acessado em todas as plataformas. S├│ h├í suporte para 'WindowsPrincipal.IsInRole(WindowsBuiltInRole)' em: 'windows'. (https://learn.microsoft.com/dotnet/fundamentals/code-analysis/quality-rules/ca1416) [C:\SPARC\src\NetworkDevice.Core\NetworkDevice.Core.csproj]
C:\SPARC\src\NetworkDevice.Core\Provisioning\HostNetworkManager.cs(165,29): warning CA1416: Este site de chamada pode ser acessado em todas as plataformas. S├│ h├í suporte para 'WindowsPrincipal' em: 'windows'. (https://learn.microsoft.com/dotnet/fundamentals/code-analysis/quality-rules/ca1416) [C:\SPARC\src\NetworkDevice.Core\NetworkDevice.Core.csproj]
C:\SPARC\src\NetworkDevice.Core\Provisioning\HostNetworkManager.cs(166,39): warning CA1416: Este site de chamada pode ser acessado em todas as plataformas. S├│ h├í suporte para 'WindowsBuiltInRole.Administrator' em: 'windows'. (https://learn.microsoft.com/dotnet/fundamentals/code-analysis/quality-rules/ca1416) [C:\SPARC\src\NetworkDevice.Core\NetworkDevice.Core.csproj]
    4 Aviso(s)
    0 Erro(s)

Tempo Decorrido 00:00:02.62
2026-08-25 14:25:12 [OK] Build Release concluido.
2026-08-25 14:25:12 [*] Iniciando C:\SPARC\src\NetworkDevice.UI\bin\Release\net8.0-windows\NetworkDevice.UI.exe
2026-08-25 14:35:51 [*] Verificando atualizacoes no Git remoto...
2026-08-25 14:35:58 [*] Git ja atualizado.
2026-08-25 14:35:58 [*] Codigo fonte mais recente que o .exe (MainWindow.g.cs 08/25/2026 14:33:58 > 08/25/2026 14:25:12). Recompilando...
2026-08-25 14:35:58 [*] Compilando Release (dotnet build -c Release)...
C:\SPARC\src\NetworkDevice.Core\Provisioning\HostNetworkManager.cs(166,20): warning CA1416: Este site de chamada pode ser acessado em todas as plataformas. S├│ h├í suporte para 'WindowsPrincipal.IsInRole(WindowsBuiltInRole)' em: 'windows'. (https://learn.microsoft.com/dotnet/fundamentals/code-analysis/quality-rules/ca1416) [C:\SPARC\src\NetworkDevice.Core\NetworkDevice.Core.csproj]
C:\SPARC\src\NetworkDevice.Core\Provisioning\HostNetworkManager.cs(166,39): warning CA1416: Este site de chamada pode ser acessado em todas as plataformas. S├│ h├í suporte para 'WindowsBuiltInRole.Administrator' em: 'windows'. (https://learn.microsoft.com/dotnet/fundamentals/code-analysis/quality-rules/ca1416) [C:\SPARC\src\NetworkDevice.Core\NetworkDevice.Core.csproj]
C:\SPARC\src\NetworkDevice.Core\Provisioning\HostNetworkManager.cs(165,29): warning CA1416: Este site de chamada pode ser acessado em todas as plataformas. S├│ h├í suporte para 'WindowsPrincipal' em: 'windows'. (https://learn.microsoft.com/dotnet/fundamentals/code-analysis/quality-rules/ca1416) [C:\SPARC\src\NetworkDevice.Core\NetworkDevice.Core.csproj]
C:\SPARC\src\NetworkDevice.Core\Provisioning\HostNetworkManager.cs(164,28): warning CA1416: Este site de chamada pode ser acessado em todas as plataformas. S├│ h├í suporte para 'WindowsIdentity.GetCurrent()' em: 'windows'. (https://learn.microsoft.com/dotnet/fundamentals/code-analysis/quality-rules/ca1416) [C:\SPARC\src\NetworkDevice.Core\NetworkDevice.Core.csproj]

Compila├º├úo com ├¬xito.

C:\SPARC\src\NetworkDevice.Core\Provisioning\HostNetworkManager.cs(166,20): warning CA1416: Este site de chamada pode ser acessado em todas as plataformas. S├│ h├í suporte para 'WindowsPrincipal.IsInRole(WindowsBuiltInRole)' em: 'windows'. (https://learn.microsoft.com/dotnet/fundamentals/code-analysis/quality-rules/ca1416) [C:\SPARC\src\NetworkDevice.Core\NetworkDevice.Core.csproj]
C:\SPARC\src\NetworkDevice.Core\Provisioning\HostNetworkManager.cs(166,39): warning CA1416: Este site de chamada pode ser acessado em todas as plataformas. S├│ h├í suporte para 'WindowsBuiltInRole.Administrator' em: 'windows'. (https://learn.microsoft.com/dotnet/fundamentals/code-analysis/quality-rules/ca1416) [C:\SPARC\src\NetworkDevice.Core\NetworkDevice.Core.csproj]
C:\SPARC\src\NetworkDevice.Core\Provisioning\HostNetworkManager.cs(165,29): warning CA1416: Este site de chamada pode ser acessado em todas as plataformas. S├│ h├í suporte para 'WindowsPrincipal' em: 'windows'. (https://learn.microsoft.com/dotnet/fundamentals/code-analysis/quality-rules/ca1416) [C:\SPARC\src\NetworkDevice.Core\NetworkDevice.Core.csproj]
C:\SPARC\src\NetworkDevice.Core\Provisioning\HostNetworkManager.cs(164,28): warning CA1416: Este site de chamada pode ser acessado em todas as plataformas. S├│ h├í suporte para 'WindowsIdentity.GetCurrent()' em: 'windows'. (https://learn.microsoft.com/dotnet/fundamentals/code-analysis/quality-rules/ca1416) [C:\SPARC\src\NetworkDevice.Core\NetworkDevice.Core.csproj]
    4 Aviso(s)
    0 Erro(s)

Tempo Decorrido 00:00:02.60
2026-08-25 14:36:01 [OK] Build Release concluido.
2026-08-25 14:36:01 [*] Iniciando C:\SPARC\src\NetworkDevice.UI\bin\Release\net8.0-windows\NetworkDevice.UI.exe
2026-08-25 14:49:47 [*] Verificando atualizacoes no Git remoto...
2026-08-25 14:49:49 [*] Git ja atualizado.
2026-08-25 14:49:49 [*] Codigo fonte mais recente que o .exe (NetworkDevice.UI.AssemblyInfo.cs 08/25/2026 14:41:25 > 08/25/2026 14:36:01). Recompilando...
2026-08-25 14:49:49 [*] Compilando Release (dotnet build -c Release)...
C:\SPARC\src\NetworkDevice.Core\Provisioning\HostNetworkManager.cs(164,28): warning CA1416: Este site de chamada pode ser acessado em todas as plataformas. S├│ h├í suporte para 'WindowsIdentity.GetCurrent()' em: 'windows'. (https://learn.microsoft.com/dotnet/fundamentals/code-analysis/quality-rules/ca1416) [C:\SPARC\src\NetworkDevice.Core\NetworkDevice.Core.csproj]
C:\SPARC\src\NetworkDevice.Core\Provisioning\HostNetworkManager.cs(166,39): warning CA1416: Este site de chamada pode ser acessado em todas as plataformas. S├│ h├í suporte para 'WindowsBuiltInRole.Administrator' em: 'windows'. (https://learn.microsoft.com/dotnet/fundamentals/code-analysis/quality-rules/ca1416) [C:\SPARC\src\NetworkDevice.Core\NetworkDevice.Core.csproj]
C:\SPARC\src\NetworkDevice.Core\Provisioning\HostNetworkManager.cs(166,20): warning CA1416: Este site de chamada pode ser acessado em todas as plataformas. S├│ h├í suporte para 'WindowsPrincipal.IsInRole(WindowsBuiltInRole)' em: 'windows'. (https://learn.microsoft.com/dotnet/fundamentals/code-analysis/quality-rules/ca1416) [C:\SPARC\src\NetworkDevice.Core\NetworkDevice.Core.csproj]
C:\SPARC\src\NetworkDevice.Core\Provisioning\HostNetworkManager.cs(165,29): warning CA1416: Este site de chamada pode ser acessado em todas as plataformas. S├│ h├í suporte para 'WindowsPrincipal' em: 'windows'. (https://learn.microsoft.com/dotnet/fundamentals/code-analysis/quality-rules/ca1416) [C:\SPARC\src\NetworkDevice.Core\NetworkDevice.Core.csproj]

Compila├º├úo com ├¬xito.

C:\SPARC\src\NetworkDevice.Core\Provisioning\HostNetworkManager.cs(164,28): warning CA1416: Este site de chamada pode ser acessado em todas as plataformas. S├│ h├í suporte para 'WindowsIdentity.GetCurrent()' em: 'windows'. (https://learn.microsoft.com/dotnet/fundamentals/code-analysis/quality-rules/ca1416) [C:\SPARC\src\NetworkDevice.Core\NetworkDevice.Core.csproj]
C:\SPARC\src\NetworkDevice.Core\Provisioning\HostNetworkManager.cs(166,39): warning CA1416: Este site de chamada pode ser acessado em todas as plataformas. S├│ h├í suporte para 'WindowsBuiltInRole.Administrator' em: 'windows'. (https://learn.microsoft.com/dotnet/fundamentals/code-analysis/quality-rules/ca1416) [C:\SPARC\src\NetworkDevice.Core\NetworkDevice.Core.csproj]
C:\SPARC\src\NetworkDevice.Core\Provisioning\HostNetworkManager.cs(166,20): warning CA1416: Este site de chamada pode ser acessado em todas as plataformas. S├│ h├í suporte para 'WindowsPrincipal.IsInRole(WindowsBuiltInRole)' em: 'windows'. (https://learn.microsoft.com/dotnet/fundamentals/code-analysis/quality-rules/ca1416) [C:\SPARC\src\NetworkDevice.Core\NetworkDevice.Core.csproj]
C:\SPARC\src\NetworkDevice.Core\Provisioning\HostNetworkManager.cs(165,29): warning CA1416: Este site de chamada pode ser acessado em todas as plataformas. S├│ h├í suporte para 'WindowsPrincipal' em: 'windows'. (https://learn.microsoft.com/dotnet/fundamentals/code-analysis/quality-rules/ca1416) [C:\SPARC\src\NetworkDevice.Core\NetworkDevice.Core.csproj]
    4 Aviso(s)
    0 Erro(s)

Tempo Decorrido 00:00:02.70
2026-08-25 14:49:52 [OK] Build Release concluido.
2026-08-25 14:49:52 [*] Iniciando C:\SPARC\src\NetworkDevice.UI\bin\Release\net8.0-windows\NetworkDevice.UI.exe
2026-08-25 14:57:01 [*] Verificando atualizacoes no Git remoto...
2026-08-25 14:57:07 [*] Git ja atualizado.
2026-08-25 14:57:07 [*] Codigo fonte mais recente que o .exe (NetworkDevice.UI.AssemblyInfo.cs 08/25/2026 14:55:13 > 08/25/2026 14:49:52). Recompilando...
2026-08-25 14:57:07 [*] Compilando Release (dotnet build -c Release)...
C:\SPARC\src\NetworkDevice.Core\Provisioning\HostNetworkManager.cs(166,20): warning CA1416: Este site de chamada pode ser acessado em todas as plataformas. S├│ h├í suporte para 'WindowsPrincipal.IsInRole(WindowsBuiltInRole)' em: 'windows'. (https://learn.microsoft.com/dotnet/fundamentals/code-analysis/quality-rules/ca1416) [C:\SPARC\src\NetworkDevice.Core\NetworkDevice.Core.csproj]
C:\SPARC\src\NetworkDevice.Core\Provisioning\HostNetworkManager.cs(166,39): warning CA1416: Este site de chamada pode ser acessado em todas as plataformas. S├│ h├í suporte para 'WindowsBuiltInRole.Administrator' em: 'windows'. (https://learn.microsoft.com/dotnet/fundamentals/code-analysis/quality-rules/ca1416) [C:\SPARC\src\NetworkDevice.Core\NetworkDevice.Core.csproj]
C:\SPARC\src\NetworkDevice.Core\Provisioning\HostNetworkManager.cs(165,29): warning CA1416: Este site de chamada pode ser acessado em todas as plataformas. S├│ h├í suporte para 'WindowsPrincipal' em: 'windows'. (https://learn.microsoft.com/dotnet/fundamentals/code-analysis/quality-rules/ca1416) [C:\SPARC\src\NetworkDevice.Core\NetworkDevice.Core.csproj]
C:\SPARC\src\NetworkDevice.Core\Provisioning\HostNetworkManager.cs(164,28): warning CA1416: Este site de chamada pode ser acessado em todas as plataformas. S├│ h├í suporte para 'WindowsIdentity.GetCurrent()' em: 'windows'. (https://learn.microsoft.com/dotnet/fundamentals/code-analysis/quality-rules/ca1416) [C:\SPARC\src\NetworkDevice.Core\NetworkDevice.Core.csproj]

Compila├º├úo com ├¬xito.

C:\SPARC\src\NetworkDevice.Core\Provisioning\HostNetworkManager.cs(166,20): warning CA1416: Este site de chamada pode ser acessado em todas as plataformas. S├│ h├í suporte para 'WindowsPrincipal.IsInRole(WindowsBuiltInRole)' em: 'windows'. (https://learn.microsoft.com/dotnet/fundamentals/code-analysis/quality-rules/ca1416) [C:\SPARC\src\NetworkDevice.Core\NetworkDevice.Core.csproj]
C:\SPARC\src\NetworkDevice.Core\Provisioning\HostNetworkManager.cs(166,39): warning CA1416: Este site de chamada pode ser acessado em todas as plataformas. S├│ h├í suporte para 'WindowsBuiltInRole.Administrator' em: 'windows'. (https://learn.microsoft.com/dotnet/fundamentals/code-analysis/quality-rules/ca1416) [C:\SPARC\src\NetworkDevice.Core\NetworkDevice.Core.csproj]
C:\SPARC\src\NetworkDevice.Core\Provisioning\HostNetworkManager.cs(165,29): warning CA1416: Este site de chamada pode ser acessado em todas as plataformas. S├│ h├í suporte para 'WindowsPrincipal' em: 'windows'. (https://learn.microsoft.com/dotnet/fundamentals/code-analysis/quality-rules/ca1416) [C:\SPARC\src\NetworkDevice.Core\NetworkDevice.Core.csproj]
C:\SPARC\src\NetworkDevice.Core\Provisioning\HostNetworkManager.cs(164,28): warning CA1416: Este site de chamada pode ser acessado em todas as plataformas. S├│ h├í suporte para 'WindowsIdentity.GetCurrent()' em: 'windows'. (https://learn.microsoft.com/dotnet/fundamentals/code-analysis/quality-rules/ca1416) [C:\SPARC\src\NetworkDevice.Core\NetworkDevice.Core.csproj]
    4 Aviso(s)
    0 Erro(s)

Tempo Decorrido 00:00:02.63
2026-08-25 14:57:10 [OK] Build Release concluido.
2026-08-25 14:57:10 [*] Iniciando C:\SPARC\src\NetworkDevice.UI\bin\Release\net8.0-windows\NetworkDevice.UI.exe
2026-08-25 15:04:31 [*] Verificando atualizacoes no Git remoto...
2026-08-25 15:04:37 [*] Git ja atualizado.
2026-08-25 15:04:37 [*] Codigo fonte mais recente que o .exe (NetworkDevice.UI.AssemblyInfo.cs 08/25/2026 14:59:50 > 08/25/2026 14:57:10). Recompilando...
2026-08-25 15:04:37 [*] Compilando Release (dotnet build -c Release)...
C:\SPARC\src\NetworkDevice.Core\Provisioning\HostNetworkManager.cs(166,39): warning CA1416: Este site de chamada pode ser acessado em todas as plataformas. S├│ h├í suporte para 'WindowsBuiltInRole.Administrator' em: 'windows'. (https://learn.microsoft.com/dotnet/fundamentals/code-analysis/quality-rules/ca1416) [C:\SPARC\src\NetworkDevice.Core\NetworkDevice.Core.csproj]
C:\SPARC\src\NetworkDevice.Core\Provisioning\HostNetworkManager.cs(166,20): warning CA1416: Este site de chamada pode ser acessado em todas as plataformas. S├│ h├í suporte para 'WindowsPrincipal.IsInRole(WindowsBuiltInRole)' em: 'windows'. (https://learn.microsoft.com/dotnet/fundamentals/code-analysis/quality-rules/ca1416) [C:\SPARC\src\NetworkDevice.Core\NetworkDevice.Core.csproj]
C:\SPARC\src\NetworkDevice.Core\Provisioning\HostNetworkManager.cs(165,29): warning CA1416: Este site de chamada pode ser acessado em todas as plataformas. S├│ h├í suporte para 'WindowsPrincipal' em: 'windows'. (https://learn.microsoft.com/dotnet/fundamentals/code-analysis/quality-rules/ca1416) [C:\SPARC\src\NetworkDevice.Core\NetworkDevice.Core.csproj]
C:\SPARC\src\NetworkDevice.Core\Provisioning\HostNetworkManager.cs(164,28): warning CA1416: Este site de chamada pode ser acessado em todas as plataformas. S├│ h├í suporte para 'WindowsIdentity.GetCurrent()' em: 'windows'. (https://learn.microsoft.com/dotnet/fundamentals/code-analysis/quality-rules/ca1416) [C:\SPARC\src\NetworkDevice.Core\NetworkDevice.Core.csproj]

Compila├º├úo com ├¬xito.

C:\SPARC\src\NetworkDevice.Core\Provisioning\HostNetworkManager.cs(166,39): warning CA1416: Este site de chamada pode ser acessado em todas as plataformas. S├│ h├í suporte para 'WindowsBuiltInRole.Administrator' em: 'windows'. (https://learn.microsoft.com/dotnet/fundamentals/code-analysis/quality-rules/ca1416) [C:\SPARC\src\NetworkDevice.Core\NetworkDevice.Core.csproj]
C:\SPARC\src\NetworkDevice.Core\Provisioning\HostNetworkManager.cs(166,20): warning CA1416: Este site de chamada pode ser acessado em todas as plataformas. S├│ h├í suporte para 'WindowsPrincipal.IsInRole(WindowsBuiltInRole)' em: 'windows'. (https://learn.microsoft.com/dotnet/fundamentals/code-analysis/quality-rules/ca1416) [C:\SPARC\src\NetworkDevice.Core\NetworkDevice.Core.csproj]
C:\SPARC\src\NetworkDevice.Core\Provisioning\HostNetworkManager.cs(165,29): warning CA1416: Este site de chamada pode ser acessado em todas as plataformas. S├│ h├í suporte para 'WindowsPrincipal' em: 'windows'. (https://learn.microsoft.com/dotnet/fundamentals/code-analysis/quality-rules/ca1416) [C:\SPARC\src\NetworkDevice.Core\NetworkDevice.Core.csproj]
C:\SPARC\src\NetworkDevice.Core\Provisioning\HostNetworkManager.cs(164,28): warning CA1416: Este site de chamada pode ser acessado em todas as plataformas. S├│ h├í suporte para 'WindowsIdentity.GetCurrent()' em: 'windows'. (https://learn.microsoft.com/dotnet/fundamentals/code-analysis/quality-rules/ca1416) [C:\SPARC\src\NetworkDevice.Core\NetworkDevice.Core.csproj]
    4 Aviso(s)
    0 Erro(s)

Tempo Decorrido 00:00:02.90
2026-08-25 15:04:40 [OK] Build Release concluido.
2026-08-25 15:04:40 [*] Iniciando C:\SPARC\src\NetworkDevice.UI\bin\Release\net8.0-windows\NetworkDevice.UI.exe
2026-08-25 15:09:21 [*] Verificando atualizacoes no Git remoto...
2026-08-25 15:09:22 [*] Git ja atualizado.
2026-08-25 15:09:22 [*] Codigo fonte mais recente que o .exe (NetworkDevice.Cli.AssemblyInfo.cs 08/25/2026 15:07:50 > 08/25/2026 15:04:40). Recompilando...
2026-08-25 15:09:22 [*] Compilando Release (dotnet build -c Release)...
C:\SPARC\src\NetworkDevice.Core\Provisioning\HostNetworkManager.cs(166,39): warning CA1416: Este site de chamada pode ser acessado em todas as plataformas. S├│ h├í suporte para 'WindowsBuiltInRole.Administrator' em: 'windows'. (https://learn.microsoft.com/dotnet/fundamentals/code-analysis/quality-rules/ca1416) [C:\SPARC\src\NetworkDevice.Core\NetworkDevice.Core.csproj]
C:\SPARC\src\NetworkDevice.Core\Provisioning\HostNetworkManager.cs(164,28): warning CA1416: Este site de chamada pode ser acessado em todas as plataformas. S├│ h├í suporte para 'WindowsIdentity.GetCurrent()' em: 'windows'. (https://learn.microsoft.com/dotnet/fundamentals/code-analysis/quality-rules/ca1416) [C:\SPARC\src\NetworkDevice.Core\NetworkDevice.Core.csproj]
C:\SPARC\src\NetworkDevice.Core\Provisioning\HostNetworkManager.cs(165,29): warning CA1416: Este site de chamada pode ser acessado em todas as plataformas. S├│ h├í suporte para 'WindowsPrincipal' em: 'windows'. (https://learn.microsoft.com/dotnet/fundamentals/code-analysis/quality-rules/ca1416) [C:\SPARC\src\NetworkDevice.Core\NetworkDevice.Core.csproj]
C:\SPARC\src\NetworkDevice.Core\Provisioning\HostNetworkManager.cs(166,20): warning CA1416: Este site de chamada pode ser acessado em todas as plataformas. S├│ h├í suporte para 'WindowsPrincipal.IsInRole(WindowsBuiltInRole)' em: 'windows'. (https://learn.microsoft.com/dotnet/fundamentals/code-analysis/quality-rules/ca1416) [C:\SPARC\src\NetworkDevice.Core\NetworkDevice.Core.csproj]

Compila├º├úo com ├¬xito.

C:\SPARC\src\NetworkDevice.Core\Provisioning\HostNetworkManager.cs(166,39): warning CA1416: Este site de chamada pode ser acessado em todas as plataformas. S├│ h├í suporte para 'WindowsBuiltInRole.Administrator' em: 'windows'. (https://learn.microsoft.com/dotnet/fundamentals/code-analysis/quality-rules/ca1416) [C:\SPARC\src\NetworkDevice.Core\NetworkDevice.Core.csproj]
C:\SPARC\src\NetworkDevice.Core\Provisioning\HostNetworkManager.cs(164,28): warning CA1416: Este site de chamada pode ser acessado em todas as plataformas. S├│ h├í suporte para 'WindowsIdentity.GetCurrent()' em: 'windows'. (https://learn.microsoft.com/dotnet/fundamentals/code-analysis/quality-rules/ca1416) [C:\SPARC\src\NetworkDevice.Core\NetworkDevice.Core.csproj]
C:\SPARC\src\NetworkDevice.Core\Provisioning\HostNetworkManager.cs(165,29): warning CA1416: Este site de chamada pode ser acessado em todas as plataformas. S├│ h├í suporte para 'WindowsPrincipal' em: 'windows'. (https://learn.microsoft.com/dotnet/fundamentals/code-analysis/quality-rules/ca1416) [C:\SPARC\src\NetworkDevice.Core\NetworkDevice.Core.csproj]
C:\SPARC\src\NetworkDevice.Core\Provisioning\HostNetworkManager.cs(166,20): warning CA1416: Este site de chamada pode ser acessado em todas as plataformas. S├│ h├í suporte para 'WindowsPrincipal.IsInRole(WindowsBuiltInRole)' em: 'windows'. (https://learn.microsoft.com/dotnet/fundamentals/code-analysis/quality-rules/ca1416) [C:\SPARC\src\NetworkDevice.Core\NetworkDevice.Core.csproj]
    4 Aviso(s)
    0 Erro(s)

Tempo Decorrido 00:00:02.49
2026-08-25 15:09:25 [OK] Build Release concluido.
2026-08-25 15:09:25 [*] Iniciando C:\SPARC\src\NetworkDevice.UI\bin\Release\net8.0-windows\NetworkDevice.UI.exe
2026-08-25 15:15:34 [*] Verificando atualizacoes no Git remoto...
2026-08-25 15:15:41 [*] Git ja atualizado.
2026-08-25 15:15:41 [*] Codigo fonte mais recente que o .exe (NetworkDevice.UI.AssemblyInfo.cs 08/25/2026 15:12:08 > 08/25/2026 15:09:25). Recompilando...
2026-08-25 15:15:41 [*] Compilando Release (dotnet build -c Release)...
C:\SPARC\src\NetworkDevice.Core\Provisioning\HostNetworkManager.cs(165,29): warning CA1416: Este site de chamada pode ser acessado em todas as plataformas. S├│ h├í suporte para 'WindowsPrincipal' em: 'windows'. (https://learn.microsoft.com/dotnet/fundamentals/code-analysis/quality-rules/ca1416) [C:\SPARC\src\NetworkDevice.Core\NetworkDevice.Core.csproj]
C:\SPARC\src\NetworkDevice.Core\Provisioning\HostNetworkManager.cs(166,20): warning CA1416: Este site de chamada pode ser acessado em todas as plataformas. S├│ h├í suporte para 'WindowsPrincipal.IsInRole(WindowsBuiltInRole)' em: 'windows'. (https://learn.microsoft.com/dotnet/fundamentals/code-analysis/quality-rules/ca1416) [C:\SPARC\src\NetworkDevice.Core\NetworkDevice.Core.csproj]
C:\SPARC\src\NetworkDevice.Core\Provisioning\HostNetworkManager.cs(164,28): warning CA1416: Este site de chamada pode ser acessado em todas as plataformas. S├│ h├í suporte para 'WindowsIdentity.GetCurrent()' em: 'windows'. (https://learn.microsoft.com/dotnet/fundamentals/code-analysis/quality-rules/ca1416) [C:\SPARC\src\NetworkDevice.Core\NetworkDevice.Core.csproj]
C:\SPARC\src\NetworkDevice.Core\Provisioning\HostNetworkManager.cs(166,39): warning CA1416: Este site de chamada pode ser acessado em todas as plataformas. S├│ h├í suporte para 'WindowsBuiltInRole.Administrator' em: 'windows'. (https://learn.microsoft.com/dotnet/fundamentals/code-analysis/quality-rules/ca1416) [C:\SPARC\src\NetworkDevice.Core\NetworkDevice.Core.csproj]

Compila├º├úo com ├¬xito.

C:\SPARC\src\NetworkDevice.Core\Provisioning\HostNetworkManager.cs(165,29): warning CA1416: Este site de chamada pode ser acessado em todas as plataformas. S├│ h├í suporte para 'WindowsPrincipal' em: 'windows'. (https://learn.microsoft.com/dotnet/fundamentals/code-analysis/quality-rules/ca1416) [C:\SPARC\src\NetworkDevice.Core\NetworkDevice.Core.csproj]
C:\SPARC\src\NetworkDevice.Core\Provisioning\HostNetworkManager.cs(166,20): warning CA1416: Este site de chamada pode ser acessado em todas as plataformas. S├│ h├í suporte para 'WindowsPrincipal.IsInRole(WindowsBuiltInRole)' em: 'windows'. (https://learn.microsoft.com/dotnet/fundamentals/code-analysis/quality-rules/ca1416) [C:\SPARC\src\NetworkDevice.Core\NetworkDevice.Core.csproj]
C:\SPARC\src\NetworkDevice.Core\Provisioning\HostNetworkManager.cs(164,28): warning CA1416: Este site de chamada pode ser acessado em todas as plataformas. S├│ h├í suporte para 'WindowsIdentity.GetCurrent()' em: 'windows'. (https://learn.microsoft.com/dotnet/fundamentals/code-analysis/quality-rules/ca1416) [C:\SPARC\src\NetworkDevice.Core\NetworkDevice.Core.csproj]
C:\SPARC\src\NetworkDevice.Core\Provisioning\HostNetworkManager.cs(166,39): warning CA1416: Este site de chamada pode ser acessado em todas as plataformas. S├│ h├í suporte para 'WindowsBuiltInRole.Administrator' em: 'windows'. (https://learn.microsoft.com/dotnet/fundamentals/code-analysis/quality-rules/ca1416) [C:\SPARC\src\NetworkDevice.Core\NetworkDevice.Core.csproj]
    4 Aviso(s)
    0 Erro(s)

Tempo Decorrido 00:00:02.50
2026-08-25 15:15:44 [OK] Build Release concluido.
2026-08-25 15:15:44 [*] Iniciando C:\SPARC\src\NetworkDevice.UI\bin\Release\net8.0-windows\NetworkDevice.UI.exe
2026-08-25 15:29:37 [*] Verificando atualizacoes no Git remoto...
2026-08-25 15:29:39 [*] Git ja atualizado.
2026-08-25 15:29:39 [*] Codigo fonte mais recente que o .exe (NetworkDevice.UI.AssemblyInfo.cs 08/25/2026 15:28:11 > 08/25/2026 15:15:44). Recompilando...
2026-08-25 15:29:39 [*] Compilando Release (dotnet build -c Release)...
C:\SPARC\src\NetworkDevice.Core\Provisioning\HostNetworkManager.cs(164,28): warning CA1416: Este site de chamada pode ser acessado em todas as plataformas. S├│ h├í suporte para 'WindowsIdentity.GetCurrent()' em: 'windows'. (https://learn.microsoft.com/dotnet/fundamentals/code-analysis/quality-rules/ca1416) [C:\SPARC\src\NetworkDevice.Core\NetworkDevice.Core.csproj]
C:\SPARC\src\NetworkDevice.Core\Provisioning\HostNetworkManager.cs(166,20): warning CA1416: Este site de chamada pode ser acessado em todas as plataformas. S├│ h├í suporte para 'WindowsPrincipal.IsInRole(WindowsBuiltInRole)' em: 'windows'. (https://learn.microsoft.com/dotnet/fundamentals/code-analysis/quality-rules/ca1416) [C:\SPARC\src\NetworkDevice.Core\NetworkDevice.Core.csproj]
C:\SPARC\src\NetworkDevice.Core\Provisioning\HostNetworkManager.cs(166,39): warning CA1416: Este site de chamada pode ser acessado em todas as plataformas. S├│ h├í suporte para 'WindowsBuiltInRole.Administrator' em: 'windows'. (https://learn.microsoft.com/dotnet/fundamentals/code-analysis/quality-rules/ca1416) [C:\SPARC\src\NetworkDevice.Core\NetworkDevice.Core.csproj]
C:\SPARC\src\NetworkDevice.Core\Provisioning\HostNetworkManager.cs(165,29): warning CA1416: Este site de chamada pode ser acessado em todas as plataformas. S├│ h├í suporte para 'WindowsPrincipal' em: 'windows'. (https://learn.microsoft.com/dotnet/fundamentals/code-analysis/quality-rules/ca1416) [C:\SPARC\src\NetworkDevice.Core\NetworkDevice.Core.csproj]

Compila├º├úo com ├¬xito.

C:\SPARC\src\NetworkDevice.Core\Provisioning\HostNetworkManager.cs(164,28): warning CA1416: Este site de chamada pode ser acessado em todas as plataformas. S├│ h├í suporte para 'WindowsIdentity.GetCurrent()' em: 'windows'. (https://learn.microsoft.com/dotnet/fundamentals/code-analysis/quality-rules/ca1416) [C:\SPARC\src\NetworkDevice.Core\NetworkDevice.Core.csproj]
C:\SPARC\src\NetworkDevice.Core\Provisioning\HostNetworkManager.cs(166,20): warning CA1416: Este site de chamada pode ser acessado em todas as plataformas. S├│ h├í suporte para 'WindowsPrincipal.IsInRole(WindowsBuiltInRole)' em: 'windows'. (https://learn.microsoft.com/dotnet/fundamentals/code-analysis/quality-rules/ca1416) [C:\SPARC\src\NetworkDevice.Core\NetworkDevice.Core.csproj]
C:\SPARC\src\NetworkDevice.Core\Provisioning\HostNetworkManager.cs(166,39): warning CA1416: Este site de chamada pode ser acessado em todas as plataformas. S├│ h├í suporte para 'WindowsBuiltInRole.Administrator' em: 'windows'. (https://learn.microsoft.com/dotnet/fundamentals/code-analysis/quality-rules/ca1416) [C:\SPARC\src\NetworkDevice.Core\NetworkDevice.Core.csproj]
C:\SPARC\src\NetworkDevice.Core\Provisioning\HostNetworkManager.cs(165,29): warning CA1416: Este site de chamada pode ser acessado em todas as plataformas. S├│ h├í suporte para 'WindowsPrincipal' em: 'windows'. (https://learn.microsoft.com/dotnet/fundamentals/code-analysis/quality-rules/ca1416) [C:\SPARC\src\NetworkDevice.Core\NetworkDevice.Core.csproj]
    4 Aviso(s)
    0 Erro(s)

Tempo Decorrido 00:00:02.46
2026-08-25 15:29:42 [OK] Build Release concluido.
2026-08-25 15:29:42 [*] Iniciando C:\SPARC\src\NetworkDevice.UI\bin\Release\net8.0-windows\NetworkDevice.UI.exe
2026-08-25 15:42:40 [*] Verificando atualizacoes no Git remoto...
2026-08-25 15:42:44 [*] Git ja atualizado.
2026-08-25 15:42:44 [*] Nenhuma alteracao detectada. Usando build Release existente.
2026-08-25 15:42:44 [*] Iniciando C:\SPARC\src\NetworkDevice.UI\bin\Release\net8.0-windows\NetworkDevice.UI.exe
2026-08-25 15:55:37 [*] Verificando atualizacoes no Git remoto...
2026-08-25 15:55:43 [*] Git ja atualizado.
2026-08-25 15:55:43 [*] Codigo fonte mais recente que o .exe (CiscoIOSRecovery.cs 08/25/2026 15:50:24 > 08/25/2026 15:29:42). Recompilando...
2026-08-25 15:55:43 [*] Compilando Release (dotnet build -c Release)...
C:\SPARC\src\NetworkDevice.Core\Provisioning\HostNetworkManager.cs(164,28): warning CA1416: Este site de chamada pode ser acessado em todas as plataformas. S├│ h├í suporte para 'WindowsIdentity.GetCurrent()' em: 'windows'. (https://learn.microsoft.com/dotnet/fundamentals/code-analysis/quality-rules/ca1416) [C:\SPARC\src\NetworkDevice.Core\NetworkDevice.Core.csproj]
C:\SPARC\src\NetworkDevice.Core\Provisioning\HostNetworkManager.cs(165,29): warning CA1416: Este site de chamada pode ser acessado em todas as plataformas. S├│ h├í suporte para 'WindowsPrincipal' em: 'windows'. (https://learn.microsoft.com/dotnet/fundamentals/code-analysis/quality-rules/ca1416) [C:\SPARC\src\NetworkDevice.Core\NetworkDevice.Core.csproj]
C:\SPARC\src\NetworkDevice.Core\Provisioning\HostNetworkManager.cs(166,39): warning CA1416: Este site de chamada pode ser acessado em todas as plataformas. S├│ h├í suporte para 'WindowsBuiltInRole.Administrator' em: 'windows'. (https://learn.microsoft.com/dotnet/fundamentals/code-analysis/quality-rules/ca1416) [C:\SPARC\src\NetworkDevice.Core\NetworkDevice.Core.csproj]
C:\SPARC\src\NetworkDevice.Core\Provisioning\HostNetworkManager.cs(166,20): warning CA1416: Este site de chamada pode ser acessado em todas as plataformas. S├│ h├í suporte para 'WindowsPrincipal.IsInRole(WindowsBuiltInRole)' em: 'windows'. (https://learn.microsoft.com/dotnet/fundamentals/code-analysis/quality-rules/ca1416) [C:\SPARC\src\NetworkDevice.Core\NetworkDevice.Core.csproj]

Compila├º├úo com ├¬xito.

C:\SPARC\src\NetworkDevice.Core\Provisioning\HostNetworkManager.cs(164,28): warning CA1416: Este site de chamada pode ser acessado em todas as plataformas. S├│ h├í suporte para 'WindowsIdentity.GetCurrent()' em: 'windows'. (https://learn.microsoft.com/dotnet/fundamentals/code-analysis/quality-rules/ca1416) [C:\SPARC\src\NetworkDevice.Core\NetworkDevice.Core.csproj]
C:\SPARC\src\NetworkDevice.Core\Provisioning\HostNetworkManager.cs(165,29): warning CA1416: Este site de chamada pode ser acessado em todas as plataformas. S├│ h├í suporte para 'WindowsPrincipal' em: 'windows'. (https://learn.microsoft.com/dotnet/fundamentals/code-analysis/quality-rules/ca1416) [C:\SPARC\src\NetworkDevice.Core\NetworkDevice.Core.csproj]
C:\SPARC\src\NetworkDevice.Core\Provisioning\HostNetworkManager.cs(166,39): warning CA1416: Este site de chamada pode ser acessado em todas as plataformas. S├│ h├í suporte para 'WindowsBuiltInRole.Administrator' em: 'windows'. (https://learn.microsoft.com/dotnet/fundamentals/code-analysis/quality-rules/ca1416) [C:\SPARC\src\NetworkDevice.Core\NetworkDevice.Core.csproj]
C:\SPARC\src\NetworkDevice.Core\Provisioning\HostNetworkManager.cs(166,20): warning CA1416: Este site de chamada pode ser acessado em todas as plataformas. S├│ h├í suporte para 'WindowsPrincipal.IsInRole(WindowsBuiltInRole)' em: 'windows'. (https://learn.microsoft.com/dotnet/fundamentals/code-analysis/quality-rules/ca1416) [C:\SPARC\src\NetworkDevice.Core\NetworkDevice.Core.csproj]
    4 Aviso(s)
    0 Erro(s)

Tempo Decorrido 00:00:07.90
2026-08-25 15:55:51 [OK] Build Release concluido.
2026-08-25 15:55:51 [*] Iniciando C:\SPARC\src\NetworkDevice.UI\bin\Release\net8.0-windows\NetworkDevice.UI.exe
2026-08-25 16:08:18 [*] Verificando atualizacoes no Git remoto...
2026-08-25 16:08:36 [*] Git ja atualizado.
2026-08-25 16:08:36 [*] Codigo fonte mais recente que o .exe (NetworkDevice.UI.AssemblyInfo.cs 08/25/2026 16:06:15 > 08/25/2026 15:55:51). Recompilando...
2026-08-25 16:08:36 [*] Compilando Release (dotnet build -c Release)...
C:\SPARC\src\NetworkDevice.Core\Provisioning\HostNetworkManager.cs(166,20): warning CA1416: Este site de chamada pode ser acessado em todas as plataformas. S├│ h├í suporte para 'WindowsPrincipal.IsInRole(WindowsBuiltInRole)' em: 'windows'. (https://learn.microsoft.com/dotnet/fundamentals/code-analysis/quality-rules/ca1416) [C:\SPARC\src\NetworkDevice.Core\NetworkDevice.Core.csproj]
C:\SPARC\src\NetworkDevice.Core\Provisioning\HostNetworkManager.cs(164,28): warning CA1416: Este site de chamada pode ser acessado em todas as plataformas. S├│ h├í suporte para 'WindowsIdentity.GetCurrent()' em: 'windows'. (https://learn.microsoft.com/dotnet/fundamentals/code-analysis/quality-rules/ca1416) [C:\SPARC\src\NetworkDevice.Core\NetworkDevice.Core.csproj]
C:\SPARC\src\NetworkDevice.Core\Provisioning\HostNetworkManager.cs(166,39): warning CA1416: Este site de chamada pode ser acessado em todas as plataformas. S├│ h├í suporte para 'WindowsBuiltInRole.Administrator' em: 'windows'. (https://learn.microsoft.com/dotnet/fundamentals/code-analysis/quality-rules/ca1416) [C:\SPARC\src\NetworkDevice.Core\NetworkDevice.Core.csproj]
C:\SPARC\src\NetworkDevice.Core\Provisioning\HostNetworkManager.cs(165,29): warning CA1416: Este site de chamada pode ser acessado em todas as plataformas. S├│ h├í suporte para 'WindowsPrincipal' em: 'windows'. (https://learn.microsoft.com/dotnet/fundamentals/code-analysis/quality-rules/ca1416) [C:\SPARC\src\NetworkDevice.Core\NetworkDevice.Core.csproj]

Compila├º├úo com ├¬xito.

C:\SPARC\src\NetworkDevice.Core\Provisioning\HostNetworkManager.cs(166,20): warning CA1416: Este site de chamada pode ser acessado em todas as plataformas. S├│ h├í suporte para 'WindowsPrincipal.IsInRole(WindowsBuiltInRole)' em: 'windows'. (https://learn.microsoft.com/dotnet/fundamentals/code-analysis/quality-rules/ca1416) [C:\SPARC\src\NetworkDevice.Core\NetworkDevice.Core.csproj]
C:\SPARC\src\NetworkDevice.Core\Provisioning\HostNetworkManager.cs(164,28): warning CA1416: Este site de chamada pode ser acessado em todas as plataformas. S├│ h├í suporte para 'WindowsIdentity.GetCurrent()' em: 'windows'. (https://learn.microsoft.com/dotnet/fundamentals/code-analysis/quality-rules/ca1416) [C:\SPARC\src\NetworkDevice.Core\NetworkDevice.Core.csproj]
C:\SPARC\src\NetworkDevice.Core\Provisioning\HostNetworkManager.cs(166,39): warning CA1416: Este site de chamada pode ser acessado em todas as plataformas. S├│ h├í suporte para 'WindowsBuiltInRole.Administrator' em: 'windows'. (https://learn.microsoft.com/dotnet/fundamentals/code-analysis/quality-rules/ca1416) [C:\SPARC\src\NetworkDevice.Core\NetworkDevice.Core.csproj]
C:\SPARC\src\NetworkDevice.Core\Provisioning\HostNetworkManager.cs(165,29): warning CA1416: Este site de chamada pode ser acessado em todas as plataformas. S├│ h├í suporte para 'WindowsPrincipal' em: 'windows'. (https://learn.microsoft.com/dotnet/fundamentals/code-analysis/quality-rules/ca1416) [C:\SPARC\src\NetworkDevice.Core\NetworkDevice.Core.csproj]
    4 Aviso(s)
    0 Erro(s)

Tempo Decorrido 00:00:06.16
2026-08-25 16:08:43 [OK] Build Release concluido.
2026-08-25 16:08:43 [*] Iniciando C:\SPARC\src\NetworkDevice.UI\bin\Release\net8.0-windows\NetworkDevice.UI.exe
2026-08-25 16:09:36 [*] Verificando atualizacoes no Git remoto...
2026-08-25 16:09:52 [*] Git ja atualizado.
2026-08-25 16:09:52 [*] Nenhuma alteracao detectada. Usando build Release existente.
2026-08-25 16:09:52 [*] Iniciando C:\SPARC\src\NetworkDevice.UI\bin\Release\net8.0-windows\NetworkDevice.UI.exe
2026-08-25 16:22:43 [*] Verificando atualizacoes no Git remoto...
2026-08-25 16:23:01 [*] Git ja atualizado.
2026-08-25 16:23:01 [*] Codigo fonte mais recente que o .exe (NetworkDevice.UI.AssemblyInfo.cs 08/25/2026 16:19:39 > 08/25/2026 16:08:42). Recompilando...
2026-08-25 16:23:01 [*] Compilando Release (dotnet build -c Release)...
C:\SPARC\src\NetworkDevice.Core\Provisioning\HostNetworkManager.cs(166,39): warning CA1416: Este site de chamada pode ser acessado em todas as plataformas. S├│ h├í suporte para 'WindowsBuiltInRole.Administrator' em: 'windows'. (https://learn.microsoft.com/dotnet/fundamentals/code-analysis/quality-rules/ca1416) [C:\SPARC\src\NetworkDevice.Core\NetworkDevice.Core.csproj]
C:\SPARC\src\NetworkDevice.Core\Provisioning\HostNetworkManager.cs(165,29): warning CA1416: Este site de chamada pode ser acessado em todas as plataformas. S├│ h├í suporte para 'WindowsPrincipal' em: 'windows'. (https://learn.microsoft.com/dotnet/fundamentals/code-analysis/quality-rules/ca1416) [C:\SPARC\src\NetworkDevice.Core\NetworkDevice.Core.csproj]
C:\SPARC\src\NetworkDevice.Core\Provisioning\HostNetworkManager.cs(164,28): warning CA1416: Este site de chamada pode ser acessado em todas as plataformas. S├│ h├í suporte para 'WindowsIdentity.GetCurrent()' em: 'windows'. (https://learn.microsoft.com/dotnet/fundamentals/code-analysis/quality-rules/ca1416) [C:\SPARC\src\NetworkDevice.Core\NetworkDevice.Core.csproj]
C:\SPARC\src\NetworkDevice.Core\Provisioning\HostNetworkManager.cs(166,20): warning CA1416: Este site de chamada pode ser acessado em todas as plataformas. S├│ h├í suporte para 'WindowsPrincipal.IsInRole(WindowsBuiltInRole)' em: 'windows'. (https://learn.microsoft.com/dotnet/fundamentals/code-analysis/quality-rules/ca1416) [C:\SPARC\src\NetworkDevice.Core\NetworkDevice.Core.csproj]
C:\Program Files\dotnet\sdk\8.0.424\Microsoft.Common.CurrentVersion.targets(5034,5): warning MSB3026: n├úo foi poss├¡vel copiar "C:\SPARC\src\NetworkDevice.Core\bin\Release\net8.0\NetworkDevice.Core.dll" para "bin\Release\net8.0-windows\NetworkDevice.Core.dll". Iniciando nova tentativa 1 em 1000ms. The process cannot access the file 'C:\SPARC\src\NetworkDevice.UI\bin\Release\net8.0-windows\NetworkDevice.Core.dll' because it is being used by another process. O arquivo ├® bloqueado por: "NetworkDevice.UI.exe (14884)" [C:\SPARC\src\NetworkDevice.UI\NetworkDevice.UI.csproj]
C:\Program Files\dotnet\sdk\8.0.424\Microsoft.Common.CurrentVersion.targets(5034,5): warning MSB3026: n├úo foi poss├¡vel copiar "C:\SPARC\src\NetworkDevice.Core\bin\Release\net8.0\NetworkDevice.Core.dll" para "bin\Release\net8.0-windows\NetworkDevice.Core.dll". Iniciando nova tentativa 2 em 1000ms. The process cannot access the file 'C:\SPARC\src\NetworkDevice.UI\bin\Release\net8.0-windows\NetworkDevice.Core.dll' because it is being used by another process. O arquivo ├® bloqueado por: "NetworkDevice.UI.exe (14884)" [C:\SPARC\src\NetworkDevice.UI\NetworkDevice.UI.csproj]
C:\Program Files\dotnet\sdk\8.0.424\Microsoft.Common.CurrentVersion.targets(5034,5): warning MSB3026: n├úo foi poss├¡vel copiar "C:\SPARC\src\NetworkDevice.Core\bin\Release\net8.0\NetworkDevice.Core.dll" para "bin\Release\net8.0-windows\NetworkDevice.Core.dll". Iniciando nova tentativa 3 em 1000ms. The process cannot access the file 'C:\SPARC\src\NetworkDevice.UI\bin\Release\net8.0-windows\NetworkDevice.Core.dll' because it is being used by another process. O arquivo ├® bloqueado por: "NetworkDevice.UI.exe (14884)" [C:\SPARC\src\NetworkDevice.UI\NetworkDevice.UI.csproj]
C:\Program Files\dotnet\sdk\8.0.424\Microsoft.Common.CurrentVersion.targets(5034,5): warning MSB3026: n├úo foi poss├¡vel copiar "C:\SPARC\src\NetworkDevice.Core\bin\Release\net8.0\NetworkDevice.Core.dll" para "bin\Release\net8.0-windows\NetworkDevice.Core.dll". Iniciando nova tentativa 4 em 1000ms. The process cannot access the file 'C:\SPARC\src\NetworkDevice.UI\bin\Release\net8.0-windows\NetworkDevice.Core.dll' because it is being used by another process. O arquivo ├® bloqueado por: "NetworkDevice.UI.exe (14884)" [C:\SPARC\src\NetworkDevice.UI\NetworkDevice.UI.csproj]
C:\Program Files\dotnet\sdk\8.0.424\Microsoft.Common.CurrentVersion.targets(5034,5): warning MSB3026: n├úo foi poss├¡vel copiar "C:\SPARC\src\NetworkDevice.Core\bin\Release\net8.0\NetworkDevice.Core.dll" para "bin\Release\net8.0-windows\NetworkDevice.Core.dll". Iniciando nova tentativa 5 em 1000ms. The process cannot access the file 'C:\SPARC\src\NetworkDevice.UI\bin\Release\net8.0-windows\NetworkDevice.Core.dll' because it is being used by another process. O arquivo ├® bloqueado por: "NetworkDevice.UI.exe (14884)" [C:\SPARC\src\NetworkDevice.UI\NetworkDevice.UI.csproj]
C:\Program Files\dotnet\sdk\8.0.424\Microsoft.Common.CurrentVersion.targets(5034,5): warning MSB3026: n├úo foi poss├¡vel copiar "C:\SPARC\src\NetworkDevice.Core\bin\Release\net8.0\NetworkDevice.Core.dll" para "bin\Release\net8.0-windows\NetworkDevice.Core.dll". Iniciando nova tentativa 6 em 1000ms. The process cannot access the file 'C:\SPARC\src\NetworkDevice.UI\bin\Release\net8.0-windows\NetworkDevice.Core.dll' because it is being used by another process. O arquivo ├® bloqueado por: "NetworkDevice.UI.exe (14884)" [C:\SPARC\src\NetworkDevice.UI\NetworkDevice.UI.csproj]
C:\Program Files\dotnet\sdk\8.0.424\Microsoft.Common.CurrentVersion.targets(5034,5): warning MSB3026: n├úo foi poss├¡vel copiar "C:\SPARC\src\NetworkDevice.Core\bin\Release\net8.0\NetworkDevice.Core.dll" para "bin\Release\net8.0-windows\NetworkDevice.Core.dll". Iniciando nova tentativa 7 em 1000ms. The process cannot access the file 'C:\SPARC\src\NetworkDevice.UI\bin\Release\net8.0-windows\NetworkDevice.Core.dll' because it is being used by another process. O arquivo ├® bloqueado por: "NetworkDevice.UI.exe (14884)" [C:\SPARC\src\NetworkDevice.UI\NetworkDevice.UI.csproj]
C:\Program Files\dotnet\sdk\8.0.424\Microsoft.Common.CurrentVersion.targets(5034,5): warning MSB3026: n├úo foi poss├¡vel copiar "C:\SPARC\src\NetworkDevice.Core\bin\Release\net8.0\NetworkDevice.Core.dll" para "bin\Release\net8.0-windows\NetworkDevice.Core.dll". Iniciando nova tentativa 8 em 1000ms. The process cannot access the file 'C:\SPARC\src\NetworkDevice.UI\bin\Release\net8.0-windows\NetworkDevice.Core.dll' because it is being used by another process. O arquivo ├® bloqueado por: "NetworkDevice.UI.exe (14884)" [C:\SPARC\src\NetworkDevice.UI\NetworkDevice.UI.csproj]
C:\Program Files\dotnet\sdk\8.0.424\Microsoft.Common.CurrentVersion.targets(5034,5): warning MSB3026: n├úo foi poss├¡vel copiar "C:\SPARC\src\NetworkDevice.Core\bin\Release\net8.0\NetworkDevice.Core.dll" para "bin\Release\net8.0-windows\NetworkDevice.Core.dll". Iniciando nova tentativa 9 em 1000ms. The process cannot access the file 'C:\SPARC\src\NetworkDevice.UI\bin\Release\net8.0-windows\NetworkDevice.Core.dll' because it is being used by another process. O arquivo ├® bloqueado por: "NetworkDevice.UI.exe (14884)" [C:\SPARC\src\NetworkDevice.UI\NetworkDevice.UI.csproj]
C:\Program Files\dotnet\sdk\8.0.424\Microsoft.Common.CurrentVersion.targets(5034,5): warning MSB3026: n├úo foi poss├¡vel copiar "C:\SPARC\src\NetworkDevice.Core\bin\Release\net8.0\NetworkDevice.Core.dll" para "bin\Release\net8.0-windows\NetworkDevice.Core.dll". Iniciando nova tentativa 10 em 1000ms. The process cannot access the file 'C:\SPARC\src\NetworkDevice.UI\bin\Release\net8.0-windows\NetworkDevice.Core.dll' because it is being used by another process. O arquivo ├® bloqueado por: "NetworkDevice.UI.exe (14884)" [C:\SPARC\src\NetworkDevice.UI\NetworkDevice.UI.csproj]
C:\Program Files\dotnet\sdk\8.0.424\Microsoft.Common.CurrentVersion.targets(5034,5): error MSB3027: n├úo foi poss├¡vel copiar "C:\SPARC\src\NetworkDevice.Core\bin\Release\net8.0\NetworkDevice.Core.dll" para "bin\Release\net8.0-windows\NetworkDevice.Core.dll". N├║mero de novas tentativas 10 excedido. Falha. O arquivo ├® bloqueado por: "NetworkDevice.UI.exe (14884)" [C:\SPARC\src\NetworkDevice.UI\NetworkDevice.UI.csproj]
C:\Program Files\dotnet\sdk\8.0.424\Microsoft.Common.CurrentVersion.targets(5034,5): error MSB3021: N├úo ├® poss├¡vel copiar o arquivo "C:\SPARC\src\NetworkDevice.Core\bin\Release\net8.0\NetworkDevice.Core.dll" para "bin\Release\net8.0-windows\NetworkDevice.Core.dll". The process cannot access the file 'C:\SPARC\src\NetworkDevice.UI\bin\Release\net8.0-windows\NetworkDevice.Core.dll' because it is being used by another process. [C:\SPARC\src\NetworkDevice.UI\NetworkDevice.UI.csproj]

FALHA da compila├º├úo.

C:\SPARC\src\NetworkDevice.Core\Provisioning\HostNetworkManager.cs(166,39): warning CA1416: Este site de chamada pode ser acessado em todas as plataformas. S├│ h├í suporte para 'WindowsBuiltInRole.Administrator' em: 'windows'. (https://learn.microsoft.com/dotnet/fundamentals/code-analysis/quality-rules/ca1416) [C:\SPARC\src\NetworkDevice.Core\NetworkDevice.Core.csproj]
C:\SPARC\src\NetworkDevice.Core\Provisioning\HostNetworkManager.cs(165,29): warning CA1416: Este site de chamada pode ser acessado em todas as plataformas. S├│ h├í suporte para 'WindowsPrincipal' em: 'windows'. (https://learn.microsoft.com/dotnet/fundamentals/code-analysis/quality-rules/ca1416) [C:\SPARC\src\NetworkDevice.Core\NetworkDevice.Core.csproj]
C:\SPARC\src\NetworkDevice.Core\Provisioning\HostNetworkManager.cs(164,28): warning CA1416: Este site de chamada pode ser acessado em todas as plataformas. S├│ h├í suporte para 'WindowsIdentity.GetCurrent()' em: 'windows'. (https://learn.microsoft.com/dotnet/fundamentals/code-analysis/quality-rules/ca1416) [C:\SPARC\src\NetworkDevice.Core\NetworkDevice.Core.csproj]
C:\SPARC\src\NetworkDevice.Core\Provisioning\HostNetworkManager.cs(166,20): warning CA1416: Este site de chamada pode ser acessado em todas as plataformas. S├│ h├í suporte para 'WindowsPrincipal.IsInRole(WindowsBuiltInRole)' em: 'windows'. (https://learn.microsoft.com/dotnet/fundamentals/code-analysis/quality-rules/ca1416) [C:\SPARC\src\NetworkDevice.Core\NetworkDevice.Core.csproj]
C:\Program Files\dotnet\sdk\8.0.424\Microsoft.Common.CurrentVersion.targets(5034,5): warning MSB3026: n├úo foi poss├¡vel copiar "C:\SPARC\src\NetworkDevice.Core\bin\Release\net8.0\NetworkDevice.Core.dll" para "bin\Release\net8.0-windows\NetworkDevice.Core.dll". Iniciando nova tentativa 1 em 1000ms. The process cannot access the file 'C:\SPARC\src\NetworkDevice.UI\bin\Release\net8.0-windows\NetworkDevice.Core.dll' because it is being used by another process. O arquivo ├® bloqueado por: "NetworkDevice.UI.exe (14884)" [C:\SPARC\src\NetworkDevice.UI\NetworkDevice.UI.csproj]
C:\Program Files\dotnet\sdk\8.0.424\Microsoft.Common.CurrentVersion.targets(5034,5): warning MSB3026: n├úo foi poss├¡vel copiar "C:\SPARC\src\NetworkDevice.Core\bin\Release\net8.0\NetworkDevice.Core.dll" para "bin\Release\net8.0-windows\NetworkDevice.Core.dll". Iniciando nova tentativa 2 em 1000ms. The process cannot access the file 'C:\SPARC\src\NetworkDevice.UI\bin\Release\net8.0-windows\NetworkDevice.Core.dll' because it is being used by another process. O arquivo ├® bloqueado por: "NetworkDevice.UI.exe (14884)" [C:\SPARC\src\NetworkDevice.UI\NetworkDevice.UI.csproj]
C:\Program Files\dotnet\sdk\8.0.424\Microsoft.Common.CurrentVersion.targets(5034,5): warning MSB3026: n├úo foi poss├¡vel copiar "C:\SPARC\src\NetworkDevice.Core\bin\Release\net8.0\NetworkDevice.Core.dll" para "bin\Release\net8.0-windows\NetworkDevice.Core.dll". Iniciando nova tentativa 3 em 1000ms. The process cannot access the file 'C:\SPARC\src\NetworkDevice.UI\bin\Release\net8.0-windows\NetworkDevice.Core.dll' because it is being used by another process. O arquivo ├® bloqueado por: "NetworkDevice.UI.exe (14884)" [C:\SPARC\src\NetworkDevice.UI\NetworkDevice.UI.csproj]
C:\Program Files\dotnet\sdk\8.0.424\Microsoft.Common.CurrentVersion.targets(5034,5): warning MSB3026: n├úo foi poss├¡vel copiar "C:\SPARC\src\NetworkDevice.Core\bin\Release\net8.0\NetworkDevice.Core.dll" para "bin\Release\net8.0-windows\NetworkDevice.Core.dll". Iniciando nova tentativa 4 em 1000ms. The process cannot access the file 'C:\SPARC\src\NetworkDevice.UI\bin\Release\net8.0-windows\NetworkDevice.Core.dll' because it is being used by another process. O arquivo ├® bloqueado por: "NetworkDevice.UI.exe (14884)" [C:\SPARC\src\NetworkDevice.UI\NetworkDevice.UI.csproj]
C:\Program Files\dotnet\sdk\8.0.424\Microsoft.Common.CurrentVersion.targets(5034,5): warning MSB3026: n├úo foi poss├¡vel copiar "C:\SPARC\src\NetworkDevice.Core\bin\Release\net8.0\NetworkDevice.Core.dll" para "bin\Release\net8.0-windows\NetworkDevice.Core.dll". Iniciando nova tentativa 5 em 1000ms. The process cannot access the file 'C:\SPARC\src\NetworkDevice.UI\bin\Release\net8.0-windows\NetworkDevice.Core.dll' because it is being used by another process. O arquivo ├® bloqueado por: "NetworkDevice.UI.exe (14884)" [C:\SPARC\src\NetworkDevice.UI\NetworkDevice.UI.csproj]
C:\Program Files\dotnet\sdk\8.0.424\Microsoft.Common.CurrentVersion.targets(5034,5): warning MSB3026: n├úo foi poss├¡vel copiar "C:\SPARC\src\NetworkDevice.Core\bin\Release\net8.0\NetworkDevice.Core.dll" para "bin\Release\net8.0-windows\NetworkDevice.Core.dll". Iniciando nova tentativa 6 em 1000ms. The process cannot access the file 'C:\SPARC\src\NetworkDevice.UI\bin\Release\net8.0-windows\NetworkDevice.Core.dll' because it is being used by another process. O arquivo ├® bloqueado por: "NetworkDevice.UI.exe (14884)" [C:\SPARC\src\NetworkDevice.UI\NetworkDevice.UI.csproj]
C:\Program Files\dotnet\sdk\8.0.424\Microsoft.Common.CurrentVersion.targets(5034,5): warning MSB3026: n├úo foi poss├¡vel copiar "C:\SPARC\src\NetworkDevice.Core\bin\Release\net8.0\NetworkDevice.Core.dll" para "bin\Release\net8.0-windows\NetworkDevice.Core.dll". Iniciando nova tentativa 7 em 1000ms. The process cannot access the file 'C:\SPARC\src\NetworkDevice.UI\bin\Release\net8.0-windows\NetworkDevice.Core.dll' because it is being used by another process. O arquivo ├® bloqueado por: "NetworkDevice.UI.exe (14884)" [C:\SPARC\src\NetworkDevice.UI\NetworkDevice.UI.csproj]
C:\Program Files\dotnet\sdk\8.0.424\Microsoft.Common.CurrentVersion.targets(5034,5): warning MSB3026: n├úo foi poss├¡vel copiar "C:\SPARC\src\NetworkDevice.Core\bin\Release\net8.0\NetworkDevice.Core.dll" para "bin\Release\net8.0-windows\NetworkDevice.Core.dll". Iniciando nova tentativa 8 em 1000ms. The process cannot access the file 'C:\SPARC\src\NetworkDevice.UI\bin\Release\net8.0-windows\NetworkDevice.Core.dll' because it is being used by another process. O arquivo ├® bloqueado por: "NetworkDevice.UI.exe (14884)" [C:\SPARC\src\NetworkDevice.UI\NetworkDevice.UI.csproj]
C:\Program Files\dotnet\sdk\8.0.424\Microsoft.Common.CurrentVersion.targets(5034,5): warning MSB3026: n├úo foi poss├¡vel copiar "C:\SPARC\src\NetworkDevice.Core\bin\Release\net8.0\NetworkDevice.Core.dll" para "bin\Release\net8.0-windows\NetworkDevice.Core.dll". Iniciando nova tentativa 9 em 1000ms. The process cannot access the file 'C:\SPARC\src\NetworkDevice.UI\bin\Release\net8.0-windows\NetworkDevice.Core.dll' because it is being used by another process. O arquivo ├® bloqueado por: "NetworkDevice.UI.exe (14884)" [C:\SPARC\src\NetworkDevice.UI\NetworkDevice.UI.csproj]
C:\Program Files\dotnet\sdk\8.0.424\Microsoft.Common.CurrentVersion.targets(5034,5): warning MSB3026: n├úo foi poss├¡vel copiar "C:\SPARC\src\NetworkDevice.Core\bin\Release\net8.0\NetworkDevice.Core.dll" para "bin\Release\net8.0-windows\NetworkDevice.Core.dll". Iniciando nova tentativa 10 em 1000ms. The process cannot access the file 'C:\SPARC\src\NetworkDevice.UI\bin\Release\net8.0-windows\NetworkDevice.Core.dll' because it is being used by another process. O arquivo ├® bloqueado por: "NetworkDevice.UI.exe (14884)" [C:\SPARC\src\NetworkDevice.UI\NetworkDevice.UI.csproj]
C:\Program Files\dotnet\sdk\8.0.424\Microsoft.Common.CurrentVersion.targets(5034,5): error MSB3027: n├úo foi poss├¡vel copiar "C:\SPARC\src\NetworkDevice.Core\bin\Release\net8.0\NetworkDevice.Core.dll" para "bin\Release\net8.0-windows\NetworkDevice.Core.dll". N├║mero de novas tentativas 10 excedido. Falha. O arquivo ├® bloqueado por: "NetworkDevice.UI.exe (14884)" [C:\SPARC\src\NetworkDevice.UI\NetworkDevice.UI.csproj]
C:\Program Files\dotnet\sdk\8.0.424\Microsoft.Common.CurrentVersion.targets(5034,5): error MSB3021: N├úo ├® poss├¡vel copiar o arquivo "C:\SPARC\src\NetworkDevice.Core\bin\Release\net8.0\NetworkDevice.Core.dll" para "bin\Release\net8.0-windows\NetworkDevice.Core.dll". The process cannot access the file 'C:\SPARC\src\NetworkDevice.UI\bin\Release\net8.0-windows\NetworkDevice.Core.dll' because it is being used by another process. [C:\SPARC\src\NetworkDevice.UI\NetworkDevice.UI.csproj]
    14 Aviso(s)
    2 Erro(s)

Tempo Decorrido 00:00:17.26
2026-08-25 16:23:18 [ERRO] Falha na compilacao Release (exit 1). Tentando iniciar versao anterior se existir...
2026-08-25 16:23:18 [*] Iniciando C:\SPARC\src\NetworkDevice.UI\bin\Release\net8.0-windows\NetworkDevice.UI.exe
2026-08-25 16:33:15 [*] Verificando atualizacoes no Git remoto...
2026-08-25 16:33:29 [*] Git ja atualizado.
2026-08-25 16:33:29 [*] Nenhuma alteracao detectada. Usando build Release existente.
2026-08-25 16:33:29 [*] Iniciando C:\SPARC\src\NetworkDevice.UI\bin\Release\net8.0-windows\NetworkDevice.UI.exe
2026-08-25 16:40:59 [*] Verificando atualizacoes no Git remoto...
2026-08-25 16:41:01 [*] Git ja atualizado.
2026-08-25 16:41:01 [*] Nenhuma alteracao detectada. Usando build Release existente.
2026-08-25 16:41:01 [*] Iniciando C:\SPARC\src\NetworkDevice.UI\bin\Release\net8.0-windows\NetworkDevice.UI.exe
2026-08-26 10:01:42 [*] Verificando e finalizando instancias antigas do SPARC...
2026-08-26 10:01:43 [*] Verificando atualizacoes no Git remoto...
2026-08-26 10:01:44 [*] Git ja atualizado.
2026-08-26 10:01:45 [*] Codigo fonte mais recente que os binarios (NetworkDevice.Cli.AssemblyInfo.cs 08/26/2026 09:59:20 > 08/26/2026 09:59:18). Recompilando...
2026-08-26 10:01:45 [*] Compilando Release (dotnet build -c Release)...
  Determinando os projetos a serem restaurados...
  Todos os projetos est├úo atualizados para restaura├º├úo.
  NetworkDevice.Core -> C:\SPARC\src\NetworkDevice.Core\bin\Release\net8.0\NetworkDevice.Core.dll
  NetworkDevice.Protocols -> C:\SPARC\src\NetworkDevice.Protocols\bin\Release\net8.0\NetworkDevice.Protocols.dll
  NetworkDevice.Cisco -> C:\SPARC\src\NetworkDevice.Cisco\bin\Release\net8.0\NetworkDevice.Cisco.dll
  NetworkDevice.UI -> C:\SPARC\src\NetworkDevice.UI\bin\Release\net8.0-windows\NetworkDevice.UI.dll
  NetworkDevice.Cli -> C:\SPARC\src\NetworkDevice.Cli\bin\Release\net8.0\NetworkDevice.Cli.dll
  NetworkDevice.Tests -> C:\SPARC\tests\NetworkDevice.Tests\bin\Release\net8.0\NetworkDevice.Tests.dll

Compila├º├úo com ├¬xito.
    0 Aviso(s)
    0 Erro(s)

Tempo Decorrido 00:00:02.70
2026-08-26 10:01:48 [OK] Build Release concluido com sucesso.
2026-08-26 10:01:48 [*] Iniciando C:\SPARC\src\NetworkDevice.UI\bin\Release\net8.0-windows\NetworkDevice.UI.exe
2026-08-26 10:15:44 [*] Verificando e finalizando instancias antigas do SPARC...
2026-08-26 10:15:45 [*] Verificando atualizacoes no Git remoto...
2026-08-26 10:15:46 [*] Git ja atualizado.
2026-08-26 10:15:47 [*] Codigo fonte mais recente que os binarios (MainWindow.g.cs 08/26/2026 10:14:35 > 08/26/2026 09:59:18). Recompilando...
2026-08-26 10:15:47 [*] Compilando Release (dotnet build -c Release)...
  Determinando os projetos a serem restaurados...
  Todos os projetos est├úo atualizados para restaura├º├úo.
  NetworkDevice.Core -> C:\SPARC\src\NetworkDevice.Core\bin\Release\net8.0\NetworkDevice.Core.dll
  NetworkDevice.Protocols -> C:\SPARC\src\NetworkDevice.Protocols\bin\Release\net8.0\NetworkDevice.Protocols.dll
  NetworkDevice.Cisco -> C:\SPARC\src\NetworkDevice.Cisco\bin\Release\net8.0\NetworkDevice.Cisco.dll
  NetworkDevice.UI -> C:\SPARC\src\NetworkDevice.UI\bin\Release\net8.0-windows\NetworkDevice.UI.dll
  NetworkDevice.Cli -> C:\SPARC\src\NetworkDevice.Cli\bin\Release\net8.0\NetworkDevice.Cli.dll
  NetworkDevice.Tests -> C:\SPARC\tests\NetworkDevice.Tests\bin\Release\net8.0\NetworkDevice.Tests.dll

Compila├º├úo com ├¬xito.
    0 Aviso(s)
    0 Erro(s)

Tempo Decorrido 00:00:01.35
2026-08-26 10:15:49 [OK] Build Release concluido com sucesso.
2026-08-26 10:15:49 [*] Iniciando C:\SPARC\src\NetworkDevice.UI\bin\Release\net8.0-windows\NetworkDevice.UI.exe
2026-08-26 10:29:21 [*] Verificando e finalizando instancias antigas do SPARC...
2026-08-26 10:29:23 [*] Verificando atualizacoes no Git remoto...
2026-08-26 10:29:25 [*] Git ja atualizado.
2026-08-26 10:29:26 [*] Codigo fonte mais recente que os binarios (MainWindow.xaml.cs 08/26/2026 10:28:42 > 08/26/2026 09:59:18). Recompilando...
2026-08-26 10:29:26 [*] Compilando Release (dotnet build -c Release)...
  Determinando os projetos a serem restaurados...
  Todos os projetos est├úo atualizados para restaura├º├úo.
  NetworkDevice.Core -> C:\SPARC\src\NetworkDevice.Core\bin\Release\net8.0\NetworkDevice.Core.dll
  NetworkDevice.Protocols -> C:\SPARC\src\NetworkDevice.Protocols\bin\Release\net8.0\NetworkDevice.Protocols.dll
  NetworkDevice.Cisco -> C:\SPARC\src\NetworkDevice.Cisco\bin\Release\net8.0\NetworkDevice.Cisco.dll
  NetworkDevice.Cli -> C:\SPARC\src\NetworkDevice.Cli\bin\Release\net8.0\NetworkDevice.Cli.dll
  NetworkDevice.UI -> C:\SPARC\src\NetworkDevice.UI\bin\Release\net8.0-windows\NetworkDevice.UI.dll
  NetworkDevice.Tests -> C:\SPARC\tests\NetworkDevice.Tests\bin\Release\net8.0\NetworkDevice.Tests.dll

Compila├º├úo com ├¬xito.
    0 Aviso(s)
    0 Erro(s)

Tempo Decorrido 00:00:03.91
2026-08-26 10:29:30 [OK] Build Release concluido com sucesso.
2026-08-26 10:29:30 [*] Iniciando C:\SPARC\src\NetworkDevice.UI\bin\Release\net8.0-windows\NetworkDevice.UI.exe
2026-08-26 10:29:48 [*] Verificando e finalizando instancias antigas do SPARC...
2026-08-26 10:29:49 [*] Verificando atualizacoes no Git remoto...
2026-08-26 10:29:50 [*] Git ja atualizado.
2026-08-26 10:29:51 [*] Codigo fonte mais recente que os binarios (MainWindow.g.cs 08/26/2026 10:29:29 > 08/26/2026 09:59:18). Recompilando...
2026-08-26 10:29:51 [*] Compilando Release (dotnet build -c Release)...
  Determinando os projetos a serem restaurados...
  Todos os projetos est├úo atualizados para restaura├º├úo.
  NetworkDevice.Core -> C:\SPARC\src\NetworkDevice.Core\bin\Release\net8.0\NetworkDevice.Core.dll
  NetworkDevice.Protocols -> C:\SPARC\src\NetworkDevice.Protocols\bin\Release\net8.0\NetworkDevice.Protocols.dll
  NetworkDevice.Cisco -> C:\SPARC\src\NetworkDevice.Cisco\bin\Release\net8.0\NetworkDevice.Cisco.dll
  NetworkDevice.UI -> C:\SPARC\src\NetworkDevice.UI\bin\Release\net8.0-windows\NetworkDevice.UI.dll
  NetworkDevice.Cli -> C:\SPARC\src\NetworkDevice.Cli\bin\Release\net8.0\NetworkDevice.Cli.dll
  NetworkDevice.Tests -> C:\SPARC\tests\NetworkDevice.Tests\bin\Release\net8.0\NetworkDevice.Tests.dll

Compila├º├úo com ├¬xito.
    0 Aviso(s)
    0 Erro(s)

Tempo Decorrido 00:00:01.37
2026-08-26 10:29:53 [OK] Build Release concluido com sucesso.
2026-08-26 10:29:53 [*] Iniciando C:\SPARC\src\NetworkDevice.UI\bin\Release\net8.0-windows\NetworkDevice.UI.exe
2026-08-26 10:42:23 [*] Verificando e finalizando instancias antigas do SPARC...
2026-08-26 10:42:25 [*] Verificando atualizacoes no Git remoto...
2026-08-26 10:42:37 [*] Git ja atualizado.
2026-08-26 10:42:38 [*] Codigo fonte mais recente que os binarios (MainWindow.g.cs 08/26/2026 10:40:52 > 08/26/2026 09:59:18). Recompilando...
2026-08-26 10:42:38 [*] Compilando Release (dotnet build -c Release)...
  Determinando os projetos a serem restaurados...
  Todos os projetos est├úo atualizados para restaura├º├úo.
  NetworkDevice.Core -> C:\SPARC\src\NetworkDevice.Core\bin\Release\net8.0\NetworkDevice.Core.dll
  NetworkDevice.Protocols -> C:\SPARC\src\NetworkDevice.Protocols\bin\Release\net8.0\NetworkDevice.Protocols.dll
  NetworkDevice.Cisco -> C:\SPARC\src\NetworkDevice.Cisco\bin\Release\net8.0\NetworkDevice.Cisco.dll
  NetworkDevice.UI -> C:\SPARC\src\NetworkDevice.UI\bin\Release\net8.0-windows\NetworkDevice.UI.dll
  NetworkDevice.Cli -> C:\SPARC\src\NetworkDevice.Cli\bin\Release\net8.0\NetworkDevice.Cli.dll
  NetworkDevice.Tests -> C:\SPARC\tests\NetworkDevice.Tests\bin\Release\net8.0\NetworkDevice.Tests.dll

Compila├º├úo com ├¬xito.
    0 Aviso(s)
    0 Erro(s)

Tempo Decorrido 00:00:03.75
2026-08-26 10:42:42 [OK] Build Release concluido com sucesso.
2026-08-26 10:42:42 [*] Iniciando C:\SPARC\src\NetworkDevice.UI\bin\Release\net8.0-windows\NetworkDevice.UI.exe
2026-08-26 10:51:54 [*] Verificando e finalizando instancias antigas do SPARC...
2026-08-26 10:51:55 [*] Verificando atualizacoes no Git remoto...
2026-08-26 10:52:08 [*] Git ja atualizado.
2026-08-26 10:52:08 [*] Codigo fonte mais recente que os binarios (MainWindow.g.cs 08/26/2026 10:42:40 > 08/26/2026 09:59:18). Recompilando...
2026-08-26 10:52:08 [*] Compilando Release (dotnet build -c Release)...
  Determinando os projetos a serem restaurados...
  Todos os projetos est├úo atualizados para restaura├º├úo.
  NetworkDevice.Core -> C:\SPARC\src\NetworkDevice.Core\bin\Release\net8.0\NetworkDevice.Core.dll
  NetworkDevice.Protocols -> C:\SPARC\src\NetworkDevice.Protocols\bin\Release\net8.0\NetworkDevice.Protocols.dll
  NetworkDevice.Cisco -> C:\SPARC\src\NetworkDevice.Cisco\bin\Release\net8.0\NetworkDevice.Cisco.dll
  NetworkDevice.UI -> C:\SPARC\src\NetworkDevice.UI\bin\Release\net8.0-windows\NetworkDevice.UI.dll
  NetworkDevice.Cli -> C:\SPARC\src\NetworkDevice.Cli\bin\Release\net8.0\NetworkDevice.Cli.dll
  NetworkDevice.Tests -> C:\SPARC\tests\NetworkDevice.Tests\bin\Release\net8.0\NetworkDevice.Tests.dll

Compila├º├úo com ├¬xito.
    0 Aviso(s)
    0 Erro(s)

Tempo Decorrido 00:00:01.39
2026-08-26 10:52:10 [OK] Build Release concluido com sucesso.
2026-08-26 10:52:10 [*] Iniciando C:\SPARC\src\NetworkDevice.UI\bin\Release\net8.0-windows\NetworkDevice.UI.exe
2026-08-26 11:16:28 [*] Verificando e finalizando instancias antigas do SPARC...
2026-08-26 11:16:29 [*] Verificando atualizacoes no Git remoto...
2026-08-26 11:16:41 [*] Git ja atualizado.
2026-08-26 11:16:41 [*] Codigo fonte mais recente que os binarios (MainWindow.g.cs 08/26/2026 10:42:40 > 08/26/2026 09:59:18). Recompilando...
2026-08-26 11:16:41 [*] Compilando Release (dotnet build -c Release)...
  Determinando os projetos a serem restaurados...
  Todos os projetos est├úo atualizados para restaura├º├úo.
  NetworkDevice.Core -> C:\SPARC\src\NetworkDevice.Core\bin\Release\net8.0\NetworkDevice.Core.dll
  NetworkDevice.Protocols -> C:\SPARC\src\NetworkDevice.Protocols\bin\Release\net8.0\NetworkDevice.Protocols.dll
  NetworkDevice.Cisco -> C:\SPARC\src\NetworkDevice.Cisco\bin\Release\net8.0\NetworkDevice.Cisco.dll
  NetworkDevice.UI -> C:\SPARC\src\NetworkDevice.UI\bin\Release\net8.0-windows\NetworkDevice.UI.dll
  NetworkDevice.Cli -> C:\SPARC\src\NetworkDevice.Cli\bin\Release\net8.0\NetworkDevice.Cli.dll
  NetworkDevice.Tests -> C:\SPARC\tests\NetworkDevice.Tests\bin\Release\net8.0\NetworkDevice.Tests.dll

Compila├º├úo com ├¬xito.
    0 Aviso(s)
    0 Erro(s)

Tempo Decorrido 00:00:02.71
2026-08-26 11:16:44 [OK] Build Release concluido com sucesso.
2026-08-26 11:16:44 [*] Iniciando C:\SPARC\src\NetworkDevice.UI\bin\Release\net8.0-windows\NetworkDevice.UI.exe
2026-08-26 11:29:33 [*] Verificando e finalizando instancias antigas do SPARC...
2026-08-26 11:29:34 [*] Verificando atualizacoes no Git remoto...
2026-08-26 11:29:46 [*] Git ja atualizado.
2026-08-26 11:29:46 [*] Codigo fonte mais recente que os binarios (MainWindow.g.cs 08/26/2026 11:24:33 > 08/26/2026 09:59:18). Recompilando...
2026-08-26 11:29:46 [*] Compilando Release (dotnet build -c Release)...
  Determinando os projetos a serem restaurados...
  Todos os projetos est├úo atualizados para restaura├º├úo.
  NetworkDevice.Core -> C:\SPARC\src\NetworkDevice.Core\bin\Release\net8.0\NetworkDevice.Core.dll
  NetworkDevice.Protocols -> C:\SPARC\src\NetworkDevice.Protocols\bin\Release\net8.0\NetworkDevice.Protocols.dll
  NetworkDevice.Cisco -> C:\SPARC\src\NetworkDevice.Cisco\bin\Release\net8.0\NetworkDevice.Cisco.dll
  NetworkDevice.Tests -> C:\SPARC\tests\NetworkDevice.Tests\bin\Release\net8.0\NetworkDevice.Tests.dll
  NetworkDevice.UI -> C:\SPARC\src\NetworkDevice.UI\bin\Release\net8.0-windows\NetworkDevice.UI.dll
  NetworkDevice.Cli -> C:\SPARC\src\NetworkDevice.Cli\bin\Release\net8.0\NetworkDevice.Cli.dll

Compila├º├úo com ├¬xito.
    0 Aviso(s)
    0 Erro(s)

Tempo Decorrido 00:00:01.40
2026-08-26 11:29:49 [OK] Build Release concluido com sucesso.
2026-08-26 11:29:49 [*] Iniciando C:\SPARC\src\NetworkDevice.UI\bin\Release\net8.0-windows\NetworkDevice.UI.exe
2026-08-26 12:13:19 [*] Verificando e finalizando instancias antigas do SPARC...
2026-08-26 12:13:20 [*] Verificando atualizacoes no Git remoto...
2026-08-26 12:13:32 [*] Git ja atualizado.
2026-08-26 12:13:32 [*] Codigo fonte mais recente que os binarios (MainWindow.g.cs 08/26/2026 11:24:33 > 08/26/2026 09:59:18). Recompilando...
2026-08-26 12:13:32 [*] Compilando Release (dotnet build -c Release)...
  Determinando os projetos a serem restaurados...
  Todos os projetos est├úo atualizados para restaura├º├úo.
  NetworkDevice.Core -> C:\SPARC\src\NetworkDevice.Core\bin\Release\net8.0\NetworkDevice.Core.dll
  NetworkDevice.Protocols -> C:\SPARC\src\NetworkDevice.Protocols\bin\Release\net8.0\NetworkDevice.Protocols.dll
  NetworkDevice.Cisco -> C:\SPARC\src\NetworkDevice.Cisco\bin\Release\net8.0\NetworkDevice.Cisco.dll
  NetworkDevice.Tests -> C:\SPARC\tests\NetworkDevice.Tests\bin\Release\net8.0\NetworkDevice.Tests.dll
  NetworkDevice.UI -> C:\SPARC\src\NetworkDevice.UI\bin\Release\net8.0-windows\NetworkDevice.UI.dll
  NetworkDevice.Cli -> C:\SPARC\src\NetworkDevice.Cli\bin\Release\net8.0\NetworkDevice.Cli.dll

Compila├º├úo com ├¬xito.
    0 Aviso(s)
    0 Erro(s)

Tempo Decorrido 00:00:02.81
2026-08-26 12:13:36 [OK] Build Release concluido com sucesso.
2026-08-26 12:13:36 [*] Iniciando C:\SPARC\src\NetworkDevice.UI\bin\Release\net8.0-windows\NetworkDevice.UI.exe
2026-08-26 12:18:49 [*] Verificando e finalizando instancias antigas do SPARC...
2026-08-26 12:18:51 [*] Verificando atualizacoes no Git remoto...
2026-08-26 12:19:04 [*] Git ja atualizado.
2026-08-26 12:19:04 [*] Codigo fonte mais recente que os binarios (MainWindow.g.cs 08/26/2026 12:18:16 > 08/26/2026 09:59:18). Recompilando...
2026-08-26 12:19:04 [*] Compilando Release (dotnet build -c Release)...
  Determinando os projetos a serem restaurados...
  Todos os projetos est├úo atualizados para restaura├º├úo.
  NetworkDevice.Core -> C:\SPARC\src\NetworkDevice.Core\bin\Release\net8.0\NetworkDevice.Core.dll
  NetworkDevice.Protocols -> C:\SPARC\src\NetworkDevice.Protocols\bin\Release\net8.0\NetworkDevice.Protocols.dll
  NetworkDevice.Cisco -> C:\SPARC\src\NetworkDevice.Cisco\bin\Release\net8.0\NetworkDevice.Cisco.dll
  NetworkDevice.UI -> C:\SPARC\src\NetworkDevice.UI\bin\Release\net8.0-windows\NetworkDevice.UI.dll
  NetworkDevice.Cli -> C:\SPARC\src\NetworkDevice.Cli\bin\Release\net8.0\NetworkDevice.Cli.dll
  NetworkDevice.Tests -> C:\SPARC\tests\NetworkDevice.Tests\bin\Release\net8.0\NetworkDevice.Tests.dll

Compila├º├úo com ├¬xito.
    0 Aviso(s)
    0 Erro(s)

Tempo Decorrido 00:00:01.34
2026-08-26 12:19:06 [OK] Build Release concluido com sucesso.
2026-08-26 12:19:06 [*] Iniciando C:\SPARC\src\NetworkDevice.UI\bin\Release\net8.0-windows\NetworkDevice.UI.exe
2026-08-26 12:25:47 [*] Verificando e finalizando instancias antigas do SPARC...
2026-08-26 12:25:49 [*] Verificando atualizacoes no Git remoto...
2026-08-26 12:26:02 [*] Git ja atualizado.
2026-08-26 12:26:02 [*] Codigo fonte mais recente que os binarios (MainWindow.xaml.cs 08/26/2026 12:24:57 > 08/26/2026 09:59:18). Recompilando...
2026-08-26 12:26:02 [*] Compilando Release (dotnet build -c Release)...
  Determinando os projetos a serem restaurados...
  Todos os projetos est├úo atualizados para restaura├º├úo.
C:\SPARC\src\NetworkDevice.Core\Provisioning\HostNetworkManager.cs(165,29): warning CA1416: Este site de chamada pode ser acessado em todas as plataformas. S├│ h├í suporte para 'WindowsPrincipal' em: 'windows'. (https://learn.microsoft.com/dotnet/fundamentals/code-analysis/quality-rules/ca1416) [C:\SPARC\src\NetworkDevice.Core\NetworkDevice.Core.csproj]
C:\SPARC\src\NetworkDevice.Core\Provisioning\HostNetworkManager.cs(164,28): warning CA1416: Este site de chamada pode ser acessado em todas as plataformas. S├│ h├í suporte para 'WindowsIdentity.GetCurrent()' em: 'windows'. (https://learn.microsoft.com/dotnet/fundamentals/code-analysis/quality-rules/ca1416) [C:\SPARC\src\NetworkDevice.Core\NetworkDevice.Core.csproj]
C:\SPARC\src\NetworkDevice.Core\Provisioning\HostNetworkManager.cs(166,20): warning CA1416: Este site de chamada pode ser acessado em todas as plataformas. S├│ h├í suporte para 'WindowsPrincipal.IsInRole(WindowsBuiltInRole)' em: 'windows'. (https://learn.microsoft.com/dotnet/fundamentals/code-analysis/quality-rules/ca1416) [C:\SPARC\src\NetworkDevice.Core\NetworkDevice.Core.csproj]
C:\SPARC\src\NetworkDevice.Core\Provisioning\HostNetworkManager.cs(166,39): warning CA1416: Este site de chamada pode ser acessado em todas as plataformas. S├│ h├í suporte para 'WindowsBuiltInRole.Administrator' em: 'windows'. (https://learn.microsoft.com/dotnet/fundamentals/code-analysis/quality-rules/ca1416) [C:\SPARC\src\NetworkDevice.Core\NetworkDevice.Core.csproj]
  NetworkDevice.Core -> C:\SPARC\src\NetworkDevice.Core\bin\Release\net8.0\NetworkDevice.Core.dll
  NetworkDevice.Protocols -> C:\SPARC\src\NetworkDevice.Protocols\bin\Release\net8.0\NetworkDevice.Protocols.dll
  NetworkDevice.Cisco -> C:\SPARC\src\NetworkDevice.Cisco\bin\Release\net8.0\NetworkDevice.Cisco.dll
  NetworkDevice.UI -> C:\SPARC\src\NetworkDevice.UI\bin\Release\net8.0-windows\NetworkDevice.UI.dll
  NetworkDevice.Cli -> C:\SPARC\src\NetworkDevice.Cli\bin\Release\net8.0\NetworkDevice.Cli.dll
  NetworkDevice.Tests -> C:\SPARC\tests\NetworkDevice.Tests\bin\Release\net8.0\NetworkDevice.Tests.dll

Compila├º├úo com ├¬xito.

C:\SPARC\src\NetworkDevice.Core\Provisioning\HostNetworkManager.cs(165,29): warning CA1416: Este site de chamada pode ser acessado em todas as plataformas. S├│ h├í suporte para 'WindowsPrincipal' em: 'windows'. (https://learn.microsoft.com/dotnet/fundamentals/code-analysis/quality-rules/ca1416) [C:\SPARC\src\NetworkDevice.Core\NetworkDevice.Core.csproj]
C:\SPARC\src\NetworkDevice.Core\Provisioning\HostNetworkManager.cs(164,28): warning CA1416: Este site de chamada pode ser acessado em todas as plataformas. S├│ h├í suporte para 'WindowsIdentity.GetCurrent()' em: 'windows'. (https://learn.microsoft.com/dotnet/fundamentals/code-analysis/quality-rules/ca1416) [C:\SPARC\src\NetworkDevice.Core\NetworkDevice.Core.csproj]
C:\SPARC\src\NetworkDevice.Core\Provisioning\HostNetworkManager.cs(166,20): warning CA1416: Este site de chamada pode ser acessado em todas as plataformas. S├│ h├í suporte para 'WindowsPrincipal.IsInRole(WindowsBuiltInRole)' em: 'windows'. (https://learn.microsoft.com/dotnet/fundamentals/code-analysis/quality-rules/ca1416) [C:\SPARC\src\NetworkDevice.Core\NetworkDevice.Core.csproj]
C:\SPARC\src\NetworkDevice.Core\Provisioning\HostNetworkManager.cs(166,39): warning CA1416: Este site de chamada pode ser acessado em todas as plataformas. S├│ h├í suporte para 'WindowsBuiltInRole.Administrator' em: 'windows'. (https://learn.microsoft.com/dotnet/fundamentals/code-analysis/quality-rules/ca1416) [C:\SPARC\src\NetworkDevice.Core\NetworkDevice.Core.csproj]
    4 Aviso(s)
    0 Erro(s)

Tempo Decorrido 00:00:03.12
2026-08-26 12:26:06 [OK] Build Release concluido com sucesso.
2026-08-26 12:26:06 [*] Iniciando C:\SPARC\src\NetworkDevice.UI\bin\Release\net8.0-windows\NetworkDevice.UI.exe
2026-08-26 12:34:16 [*] Verificando e finalizando instancias antigas do SPARC...
2026-08-26 12:34:18 [*] Verificando atualizacoes no Git remoto...
2026-08-26 12:34:35 [*] Git ja atualizado.
2026-08-26 12:34:35 [*] Codigo fonte mais recente que os binarios (ConnectivityService.cs 08/26/2026 12:32:18 > 08/26/2026 12:26:04). Recompilando...
2026-08-26 12:34:35 [*] Compilando Release (dotnet build -c Release)...
  Determinando os projetos a serem restaurados...
  Todos os projetos est├úo atualizados para restaura├º├úo.
C:\SPARC\src\NetworkDevice.Core\Provisioning\HostNetworkManager.cs(166,39): warning CA1416: Este site de chamada pode ser acessado em todas as plataformas. S├│ h├í suporte para 'WindowsBuiltInRole.Administrator' em: 'windows'. (https://learn.microsoft.com/dotnet/fundamentals/code-analysis/quality-rules/ca1416) [C:\SPARC\src\NetworkDevice.Core\NetworkDevice.Core.csproj]
C:\SPARC\src\NetworkDevice.Core\Provisioning\HostNetworkManager.cs(166,20): warning CA1416: Este site de chamada pode ser acessado em todas as plataformas. S├│ h├í suporte para 'WindowsPrincipal.IsInRole(WindowsBuiltInRole)' em: 'windows'. (https://learn.microsoft.com/dotnet/fundamentals/code-analysis/quality-rules/ca1416) [C:\SPARC\src\NetworkDevice.Core\NetworkDevice.Core.csproj]
C:\SPARC\src\NetworkDevice.Core\Provisioning\HostNetworkManager.cs(164,28): warning CA1416: Este site de chamada pode ser acessado em todas as plataformas. S├│ h├í suporte para 'WindowsIdentity.GetCurrent()' em: 'windows'. (https://learn.microsoft.com/dotnet/fundamentals/code-analysis/quality-rules/ca1416) [C:\SPARC\src\NetworkDevice.Core\NetworkDevice.Core.csproj]
C:\SPARC\src\NetworkDevice.Core\Provisioning\HostNetworkManager.cs(165,29): warning CA1416: Este site de chamada pode ser acessado em todas as plataformas. S├│ h├í suporte para 'WindowsPrincipal' em: 'windows'. (https://learn.microsoft.com/dotnet/fundamentals/code-analysis/quality-rules/ca1416) [C:\SPARC\src\NetworkDevice.Core\NetworkDevice.Core.csproj]
  NetworkDevice.Core -> C:\SPARC\src\NetworkDevice.Core\bin\Release\net8.0\NetworkDevice.Core.dll
  NetworkDevice.Protocols -> C:\SPARC\src\NetworkDevice.Protocols\bin\Release\net8.0\NetworkDevice.Protocols.dll
  NetworkDevice.Cisco -> C:\SPARC\src\NetworkDevice.Cisco\bin\Release\net8.0\NetworkDevice.Cisco.dll
  NetworkDevice.Cli -> C:\SPARC\src\NetworkDevice.Cli\bin\Release\net8.0\NetworkDevice.Cli.dll
  NetworkDevice.UI -> C:\SPARC\src\NetworkDevice.UI\bin\Release\net8.0-windows\NetworkDevice.UI.dll
  NetworkDevice.Tests -> C:\SPARC\tests\NetworkDevice.Tests\bin\Release\net8.0\NetworkDevice.Tests.dll

Compila├º├úo com ├¬xito.

C:\SPARC\src\NetworkDevice.Core\Provisioning\HostNetworkManager.cs(166,39): warning CA1416: Este site de chamada pode ser acessado em todas as plataformas. S├│ h├í suporte para 'WindowsBuiltInRole.Administrator' em: 'windows'. (https://learn.microsoft.com/dotnet/fundamentals/code-analysis/quality-rules/ca1416) [C:\SPARC\src\NetworkDevice.Core\NetworkDevice.Core.csproj]
C:\SPARC\src\NetworkDevice.Core\Provisioning\HostNetworkManager.cs(166,20): warning CA1416: Este site de chamada pode ser acessado em todas as plataformas. S├│ h├í suporte para 'WindowsPrincipal.IsInRole(WindowsBuiltInRole)' em: 'windows'. (https://learn.microsoft.com/dotnet/fundamentals/code-analysis/quality-rules/ca1416) [C:\SPARC\src\NetworkDevice.Core\NetworkDevice.Core.csproj]
C:\SPARC\src\NetworkDevice.Core\Provisioning\HostNetworkManager.cs(164,28): warning CA1416: Este site de chamada pode ser acessado em todas as plataformas. S├│ h├í suporte para 'WindowsIdentity.GetCurrent()' em: 'windows'. (https://learn.microsoft.com/dotnet/fundamentals/code-analysis/quality-rules/ca1416) [C:\SPARC\src\NetworkDevice.Core\NetworkDevice.Core.csproj]
C:\SPARC\src\NetworkDevice.Core\Provisioning\HostNetworkManager.cs(165,29): warning CA1416: Este site de chamada pode ser acessado em todas as plataformas. S├│ h├í suporte para 'WindowsPrincipal' em: 'windows'. (https://learn.microsoft.com/dotnet/fundamentals/code-analysis/quality-rules/ca1416) [C:\SPARC\src\NetworkDevice.Core\NetworkDevice.Core.csproj]
    4 Aviso(s)
    0 Erro(s)

Tempo Decorrido 00:00:02.18
2026-08-26 12:34:38 [OK] Build Release concluido com sucesso.
2026-08-26 12:34:38 [*] Iniciando C:\SPARC\src\NetworkDevice.UI\bin\Release\net8.0-windows\NetworkDevice.UI.exe
2026-08-26 12:56:53 [*] Verificando e finalizando instancias antigas do SPARC...
2026-08-26 12:56:55 [*] Verificando atualizacoes no Git remoto...
2026-08-26 12:57:11 [*] Git ja atualizado.
2026-08-26 12:57:11 [*] Codigo fonte mais recente que os binarios (MainWindow.xaml.cs 08/26/2026 12:45:39 > 08/26/2026 12:34:37). Recompilando...
2026-08-26 12:57:11 [*] Compilando Release (dotnet build -c Release)...
  Determinando os projetos a serem restaurados...
  Todos os projetos est├úo atualizados para restaura├º├úo.
C:\SPARC\src\NetworkDevice.Core\Provisioning\HostNetworkManager.cs(165,29): warning CA1416: Este site de chamada pode ser acessado em todas as plataformas. S├│ h├í suporte para 'WindowsPrincipal' em: 'windows'. (https://learn.microsoft.com/dotnet/fundamentals/code-analysis/quality-rules/ca1416) [C:\SPARC\src\NetworkDevice.Core\NetworkDevice.Core.csproj]
C:\SPARC\src\NetworkDevice.Core\Provisioning\HostNetworkManager.cs(166,39): warning CA1416: Este site de chamada pode ser acessado em todas as plataformas. S├│ h├í suporte para 'WindowsBuiltInRole.Administrator' em: 'windows'. (https://learn.microsoft.com/dotnet/fundamentals/code-analysis/quality-rules/ca1416) [C:\SPARC\src\NetworkDevice.Core\NetworkDevice.Core.csproj]
C:\SPARC\src\NetworkDevice.Core\Provisioning\HostNetworkManager.cs(164,28): warning CA1416: Este site de chamada pode ser acessado em todas as plataformas. S├│ h├í suporte para 'WindowsIdentity.GetCurrent()' em: 'windows'. (https://learn.microsoft.com/dotnet/fundamentals/code-analysis/quality-rules/ca1416) [C:\SPARC\src\NetworkDevice.Core\NetworkDevice.Core.csproj]
C:\SPARC\src\NetworkDevice.Core\Provisioning\HostNetworkManager.cs(166,20): warning CA1416: Este site de chamada pode ser acessado em todas as plataformas. S├│ h├í suporte para 'WindowsPrincipal.IsInRole(WindowsBuiltInRole)' em: 'windows'. (https://learn.microsoft.com/dotnet/fundamentals/code-analysis/quality-rules/ca1416) [C:\SPARC\src\NetworkDevice.Core\NetworkDevice.Core.csproj]
  NetworkDevice.Core -> C:\SPARC\src\NetworkDevice.Core\bin\Release\net8.0\NetworkDevice.Core.dll
  NetworkDevice.Protocols -> C:\SPARC\src\NetworkDevice.Protocols\bin\Release\net8.0\NetworkDevice.Protocols.dll
  NetworkDevice.Cisco -> C:\SPARC\src\NetworkDevice.Cisco\bin\Release\net8.0\NetworkDevice.Cisco.dll
  NetworkDevice.Cli -> C:\SPARC\src\NetworkDevice.Cli\bin\Release\net8.0\NetworkDevice.Cli.dll
  NetworkDevice.UI -> C:\SPARC\src\NetworkDevice.UI\bin\Release\net8.0-windows\NetworkDevice.UI.dll
  NetworkDevice.Tests -> C:\SPARC\tests\NetworkDevice.Tests\bin\Release\net8.0\NetworkDevice.Tests.dll

Compila├º├úo com ├¬xito.

C:\SPARC\src\NetworkDevice.Core\Provisioning\HostNetworkManager.cs(165,29): warning CA1416: Este site de chamada pode ser acessado em todas as plataformas. S├│ h├í suporte para 'WindowsPrincipal' em: 'windows'. (https://learn.microsoft.com/dotnet/fundamentals/code-analysis/quality-rules/ca1416) [C:\SPARC\src\NetworkDevice.Core\NetworkDevice.Core.csproj]
C:\SPARC\src\NetworkDevice.Core\Provisioning\HostNetworkManager.cs(166,39): warning CA1416: Este site de chamada pode ser acessado em todas as plataformas. S├│ h├í suporte para 'WindowsBuiltInRole.Administrator' em: 'windows'. (https://learn.microsoft.com/dotnet/fundamentals/code-analysis/quality-rules/ca1416) [C:\SPARC\src\NetworkDevice.Core\NetworkDevice.Core.csproj]
C:\SPARC\src\NetworkDevice.Core\Provisioning\HostNetworkManager.cs(164,28): warning CA1416: Este site de chamada pode ser acessado em todas as plataformas. S├│ h├í suporte para 'WindowsIdentity.GetCurrent()' em: 'windows'. (https://learn.microsoft.com/dotnet/fundamentals/code-analysis/quality-rules/ca1416) [C:\SPARC\src\NetworkDevice.Core\NetworkDevice.Core.csproj]
C:\SPARC\src\NetworkDevice.Core\Provisioning\HostNetworkManager.cs(166,20): warning CA1416: Este site de chamada pode ser acessado em todas as plataformas. S├│ h├í suporte para 'WindowsPrincipal.IsInRole(WindowsBuiltInRole)' em: 'windows'. (https://learn.microsoft.com/dotnet/fundamentals/code-analysis/quality-rules/ca1416) [C:\SPARC\src\NetworkDevice.Core\NetworkDevice.Core.csproj]
    4 Aviso(s)
    0 Erro(s)

Tempo Decorrido 00:00:08.59
2026-08-26 12:57:20 [OK] Build Release concluido com sucesso.
2026-08-26 12:57:20 [*] Iniciando C:\SPARC\src\NetworkDevice.UI\bin\Release\net8.0-windows\NetworkDevice.UI.exe
2026-08-26 13:10:38 [*] Verificando e finalizando instancias antigas do SPARC...
2026-08-26 13:10:40 [*] Verificando atualizacoes no Git remoto...
2026-08-26 13:10:50 [*] Verificando e finalizando instancias antigas do SPARC...
2026-08-26 13:10:50 [*] Verificando atualizacoes no Git remoto...
2026-08-26 13:10:52 [*] Git ja atualizado.
2026-08-26 13:10:52 [*] Codigo fonte mais recente que os binarios (ConnectivityService.cs 08/26/2026 13:00:34 > 08/26/2026 12:57:17). Recompilando...
2026-08-26 13:10:52 [*] Compilando Release (dotnet build -c Release)...
2026-08-26 13:10:52 [*] Codigo fonte mais recente que os binarios (ConnectivityService.cs 08/26/2026 13:00:34 > 08/26/2026 12:57:17). Recompilando...
2026-08-26 13:10:52 [*] Compilando Release (dotnet build -c Release)...
  Determinando os projetos a serem restaurados...
  Todos os projetos est├úo atualizados para restaura├º├úo.
C:\SPARC\src\NetworkDevice.Core\Provisioning\HostNetworkManager.cs(164,28): warning CA1416: Este site de chamada pode ser acessado em todas as plataformas. S├│ h├í suporte para 'WindowsIdentity.GetCurrent()' em: 'windows'. (https://learn.microsoft.com/dotnet/fundamentals/code-analysis/quality-rules/ca1416) [C:\SPARC\src\NetworkDevice.Core\NetworkDevice.Core.csproj]
C:\SPARC\src\NetworkDevice.Core\Provisioning\HostNetworkManager.cs(165,29): warning CA1416: Este site de chamada pode ser acessado em todas as plataformas. S├│ h├í suporte para 'WindowsPrincipal' em: 'windows'. (https://learn.microsoft.com/dotnet/fundamentals/code-analysis/quality-rules/ca1416) [C:\SPARC\src\NetworkDevice.Core\NetworkDevice.Core.csproj]
C:\SPARC\src\NetworkDevice.Core\Provisioning\HostNetworkManager.cs(166,39): warning CA1416: Este site de chamada pode ser acessado em todas as plataformas. S├│ h├í suporte para 'WindowsBuiltInRole.Administrator' em: 'windows'. (https://learn.microsoft.com/dotnet/fundamentals/code-analysis/quality-rules/ca1416) [C:\SPARC\src\NetworkDevice.Core\NetworkDevice.Core.csproj]
C:\SPARC\src\NetworkDevice.Core\Provisioning\HostNetworkManager.cs(166,20): warning CA1416: Este site de chamada pode ser acessado em todas as plataformas. S├│ h├í suporte para 'WindowsPrincipal.IsInRole(WindowsBuiltInRole)' em: 'windows'. (https://learn.microsoft.com/dotnet/fundamentals/code-analysis/quality-rules/ca1416) [C:\SPARC\src\NetworkDevice.Core\NetworkDevice.Core.csproj]
  NetworkDevice.Core -> C:\SPARC\src\NetworkDevice.Core\bin\Release\net8.0\NetworkDevice.Core.dll
  NetworkDevice.Protocols -> C:\SPARC\src\NetworkDevice.Protocols\bin\Release\net8.0\NetworkDevice.Protocols.dll
  NetworkDevice.Cisco -> C:\SPARC\src\NetworkDevice.Cisco\bin\Release\net8.0\NetworkDevice.Cisco.dll
  NetworkDevice.Tests -> C:\SPARC\tests\NetworkDevice.Tests\bin\Release\net8.0\NetworkDevice.Tests.dll
  NetworkDevice.UI -> C:\SPARC\src\NetworkDevice.UI\bin\Release\net8.0-windows\NetworkDevice.UI.dll
  NetworkDevice.Cli -> C:\SPARC\src\NetworkDevice.Cli\bin\Release\net8.0\NetworkDevice.Cli.dll

Compila├º├úo com ├¬xito.

C:\SPARC\src\NetworkDevice.Core\Provisioning\HostNetworkManager.cs(164,28): warning CA1416: Este site de chamada pode ser acessado em todas as plataformas. S├│ h├í suporte para 'WindowsIdentity.GetCurrent()' em: 'windows'. (https://learn.microsoft.com/dotnet/fundamentals/code-analysis/quality-rules/ca1416) [C:\SPARC\src\NetworkDevice.Core\NetworkDevice.Core.csproj]
C:\SPARC\src\NetworkDevice.Core\Provisioning\HostNetworkManager.cs(165,29): warning CA1416: Este site de chamada pode ser acessado em todas as plataformas. S├│ h├í suporte para 'WindowsPrincipal' em: 'windows'. (https://learn.microsoft.com/dotnet/fundamentals/code-analysis/quality-rules/ca1416) [C:\SPARC\src\NetworkDevice.Core\NetworkDevice.Core.csproj]
C:\SPARC\src\NetworkDevice.Core\Provisioning\HostNetworkManager.cs(166,39): warning CA1416: Este site de chamada pode ser acessado em todas as plataformas. S├│ h├í suporte para 'WindowsBuiltInRole.Administrator' em: 'windows'. (https://learn.microsoft.com/dotnet/fundamentals/code-analysis/quality-rules/ca1416) [C:\SPARC\src\NetworkDevice.Core\NetworkDevice.Core.csproj]
C:\SPARC\src\NetworkDevice.Core\Provisioning\HostNetworkManager.cs(166,20): warning CA1416: Este site de chamada pode ser acessado em todas as plataformas. S├│ h├í suporte para 'WindowsPrincipal.IsInRole(WindowsBuiltInRole)' em: 'windows'. (https://learn.microsoft.com/dotnet/fundamentals/code-analysis/quality-rules/ca1416) [C:\SPARC\src\NetworkDevice.Core\NetworkDevice.Core.csproj]
    4 Aviso(s)
    0 Erro(s)

Tempo Decorrido 00:00:06.72
2026-08-26 13:10:59 [OK] Build Release concluido com sucesso.
2026-08-26 13:10:59 [*] Iniciando C:\SPARC\src\NetworkDevice.UI\bin\Release\net8.0-windows\NetworkDevice.UI.exe
2026-08-26 13:11:04 [*] Verificando e finalizando instancias antigas do SPARC...
2026-08-26 13:11:04 [*] Verificando atualizacoes no Git remoto...
2026-08-26 13:11:31 [*] Git ja atualizado.
2026-08-26 13:11:31 [*] Codigo fonte mais recente que os binarios (MainWindow.g.cs 08/26/2026 13:10:58 > 08/26/2026 13:10:56). Recompilando...
2026-08-26 13:11:31 [*] Compilando Release (dotnet build -c Release)...
  Determinando os projetos a serem restaurados...
  Todos os projetos est├úo atualizados para restaura├º├úo.
  NetworkDevice.Core -> C:\SPARC\src\NetworkDevice.Core\bin\Release\net8.0\NetworkDevice.Core.dll
  NetworkDevice.Protocols -> C:\SPARC\src\NetworkDevice.Protocols\bin\Release\net8.0\NetworkDevice.Protocols.dll
  NetworkDevice.Cisco -> C:\SPARC\src\NetworkDevice.Cisco\bin\Release\net8.0\NetworkDevice.Cisco.dll
  NetworkDevice.UI -> C:\SPARC\src\NetworkDevice.UI\bin\Release\net8.0-windows\NetworkDevice.UI.dll
  NetworkDevice.Cli -> C:\SPARC\src\NetworkDevice.Cli\bin\Release\net8.0\NetworkDevice.Cli.dll
  NetworkDevice.Tests -> C:\SPARC\tests\NetworkDevice.Tests\bin\Release\net8.0\NetworkDevice.Tests.dll

Compila├º├úo com ├¬xito.
    0 Aviso(s)
    0 Erro(s)

Tempo Decorrido 00:00:01.47
2026-08-26 13:11:35 [OK] Build Release concluido com sucesso.
2026-08-26 13:11:35 [*] Iniciando C:\SPARC\src\NetworkDevice.UI\bin\Release\net8.0-windows\NetworkDevice.UI.exe
2026-08-26 13:23:57 [*] Verificando e finalizando instancias antigas do SPARC...
2026-08-26 13:23:59 [*] Verificando atualizacoes no Git remoto...
2026-08-26 13:24:13 [*] Git ja atualizado.
2026-08-26 13:24:14 [*] Codigo fonte mais recente que os binarios (MainWindow.xaml 08/26/2026 13:21:28 > 08/26/2026 13:10:56). Recompilando...
2026-08-26 13:24:14 [*] Compilando Release (dotnet build -c Release)...
  Determinando os projetos a serem restaurados...
  Todos os projetos est├úo atualizados para restaura├º├úo.
C:\SPARC\src\NetworkDevice.Core\Provisioning\HostNetworkManager.cs(166,20): warning CA1416: Este site de chamada pode ser acessado em todas as plataformas. S├│ h├í suporte para 'WindowsPrincipal.IsInRole(WindowsBuiltInRole)' em: 'windows'. (https://learn.microsoft.com/dotnet/fundamentals/code-analysis/quality-rules/ca1416) [C:\SPARC\src\NetworkDevice.Core\NetworkDevice.Core.csproj]
C:\SPARC\src\NetworkDevice.Core\Provisioning\HostNetworkManager.cs(164,28): warning CA1416: Este site de chamada pode ser acessado em todas as plataformas. S├│ h├í suporte para 'WindowsIdentity.GetCurrent()' em: 'windows'. (https://learn.microsoft.com/dotnet/fundamentals/code-analysis/quality-rules/ca1416) [C:\SPARC\src\NetworkDevice.Core\NetworkDevice.Core.csproj]
C:\SPARC\src\NetworkDevice.Core\Provisioning\HostNetworkManager.cs(165,29): warning CA1416: Este site de chamada pode ser acessado em todas as plataformas. S├│ h├í suporte para 'WindowsPrincipal' em: 'windows'. (https://learn.microsoft.com/dotnet/fundamentals/code-analysis/quality-rules/ca1416) [C:\SPARC\src\NetworkDevice.Core\NetworkDevice.Core.csproj]
C:\SPARC\src\NetworkDevice.Core\Provisioning\HostNetworkManager.cs(166,39): warning CA1416: Este site de chamada pode ser acessado em todas as plataformas. S├│ h├í suporte para 'WindowsBuiltInRole.Administrator' em: 'windows'. (https://learn.microsoft.com/dotnet/fundamentals/code-analysis/quality-rules/ca1416) [C:\SPARC\src\NetworkDevice.Core\NetworkDevice.Core.csproj]
  NetworkDevice.Core -> C:\SPARC\src\NetworkDevice.Core\bin\Release\net8.0\NetworkDevice.Core.dll
  NetworkDevice.Protocols -> C:\SPARC\src\NetworkDevice.Protocols\bin\Release\net8.0\NetworkDevice.Protocols.dll
  NetworkDevice.Cisco -> C:\SPARC\src\NetworkDevice.Cisco\bin\Release\net8.0\NetworkDevice.Cisco.dll
  NetworkDevice.UI -> C:\SPARC\src\NetworkDevice.UI\bin\Release\net8.0-windows\NetworkDevice.UI.dll
  NetworkDevice.Cli -> C:\SPARC\src\NetworkDevice.Cli\bin\Release\net8.0\NetworkDevice.Cli.dll
  NetworkDevice.Tests -> C:\SPARC\tests\NetworkDevice.Tests\bin\Release\net8.0\NetworkDevice.Tests.dll

Compila├º├úo com ├¬xito.

C:\SPARC\src\NetworkDevice.Core\Provisioning\HostNetworkManager.cs(166,20): warning CA1416: Este site de chamada pode ser acessado em todas as plataformas. S├│ h├í suporte para 'WindowsPrincipal.IsInRole(WindowsBuiltInRole)' em: 'windows'. (https://learn.microsoft.com/dotnet/fundamentals/code-analysis/quality-rules/ca1416) [C:\SPARC\src\NetworkDevice.Core\NetworkDevice.Core.csproj]
C:\SPARC\src\NetworkDevice.Core\Provisioning\HostNetworkManager.cs(164,28): warning CA1416: Este site de chamada pode ser acessado em todas as plataformas. S├│ h├í suporte para 'WindowsIdentity.GetCurrent()' em: 'windows'. (https://learn.microsoft.com/dotnet/fundamentals/code-analysis/quality-rules/ca1416) [C:\SPARC\src\NetworkDevice.Core\NetworkDevice.Core.csproj]
C:\SPARC\src\NetworkDevice.Core\Provisioning\HostNetworkManager.cs(165,29): warning CA1416: Este site de chamada pode ser acessado em todas as plataformas. S├│ h├í suporte para 'WindowsPrincipal' em: 'windows'. (https://learn.microsoft.com/dotnet/fundamentals/code-analysis/quality-rules/ca1416) [C:\SPARC\src\NetworkDevice.Core\NetworkDevice.Core.csproj]
C:\SPARC\src\NetworkDevice.Core\Provisioning\HostNetworkManager.cs(166,39): warning CA1416: Este site de chamada pode ser acessado em todas as plataformas. S├│ h├í suporte para 'WindowsBuiltInRole.Administrator' em: 'windows'. (https://learn.microsoft.com/dotnet/fundamentals/code-analysis/quality-rules/ca1416) [C:\SPARC\src\NetworkDevice.Core\NetworkDevice.Core.csproj]
    4 Aviso(s)
    0 Erro(s)

Tempo Decorrido 00:00:06.49
2026-08-26 13:24:21 [OK] Build Release concluido com sucesso.
2026-08-26 13:24:21 [*] Iniciando C:\SPARC\src\NetworkDevice.UI\bin\Release\net8.0-windows\NetworkDevice.UI.exe
2026-08-26 13:30:03 [*] Verificando e finalizando instancias antigas do SPARC...
2026-08-26 13:30:05 [*] Verificando atualizacoes no Git remoto...
2026-08-26 13:30:20 [*] Git ja atualizado.
2026-08-26 13:30:20 [*] Codigo fonte mais recente que os binarios (MainWindow.xaml.cs 08/26/2026 13:28:17 > 08/26/2026 13:24:18). Recompilando...
2026-08-26 13:30:20 [*] Compilando Release (dotnet build -c Release)...
  Determinando os projetos a serem restaurados...
  Todos os projetos est├úo atualizados para restaura├º├úo.
  NetworkDevice.Core -> C:\SPARC\src\NetworkDevice.Core\bin\Release\net8.0\NetworkDevice.Core.dll
  NetworkDevice.Protocols -> C:\SPARC\src\NetworkDevice.Protocols\bin\Release\net8.0\NetworkDevice.Protocols.dll
  NetworkDevice.Cisco -> C:\SPARC\src\NetworkDevice.Cisco\bin\Release\net8.0\NetworkDevice.Cisco.dll
  NetworkDevice.Cli -> C:\SPARC\src\NetworkDevice.Cli\bin\Release\net8.0\NetworkDevice.Cli.dll
  NetworkDevice.UI -> C:\SPARC\src\NetworkDevice.UI\bin\Release\net8.0-windows\NetworkDevice.UI.dll
  NetworkDevice.Tests -> C:\SPARC\tests\NetworkDevice.Tests\bin\Release\net8.0\NetworkDevice.Tests.dll

Compila├º├úo com ├¬xito.
    0 Aviso(s)
    0 Erro(s)

Tempo Decorrido 00:00:02.77
2026-08-26 13:30:24 [OK] Build Release concluido com sucesso.
2026-08-26 13:30:24 [*] Iniciando C:\SPARC\src\NetworkDevice.UI\bin\Release\net8.0-windows\NetworkDevice.UI.exe
2026-08-26 13:42:56 [*] Verificando e finalizando instancias antigas do SPARC...
2026-08-26 13:42:58 [*] Verificando atualizacoes no Git remoto...
2026-08-26 13:43:14 [*] Git ja atualizado.
2026-08-26 13:43:14 [*] Codigo fonte mais recente que os binarios (CiscoSaipConfigurator.cs 08/26/2026 13:40:48 > 08/26/2026 13:24:18). Recompilando...
2026-08-26 13:43:14 [*] Compilando Release (dotnet build -c Release)...
  Determinando os projetos a serem restaurados...
  Todos os projetos est├úo atualizados para restaura├º├úo.
  NetworkDevice.Core -> C:\SPARC\src\NetworkDevice.Core\bin\Release\net8.0\NetworkDevice.Core.dll
  NetworkDevice.Protocols -> C:\SPARC\src\NetworkDevice.Protocols\bin\Release\net8.0\NetworkDevice.Protocols.dll
  NetworkDevice.Cisco -> C:\SPARC\src\NetworkDevice.Cisco\bin\Release\net8.0\NetworkDevice.Cisco.dll
  NetworkDevice.UI -> C:\SPARC\src\NetworkDevice.UI\bin\Release\net8.0-windows\NetworkDevice.UI.dll
  NetworkDevice.Cli -> C:\SPARC\src\NetworkDevice.Cli\bin\Release\net8.0\NetworkDevice.Cli.dll
  NetworkDevice.Tests -> C:\SPARC\tests\NetworkDevice.Tests\bin\Release\net8.0\NetworkDevice.Tests.dll

Compila├º├úo com ├¬xito.
    0 Aviso(s)
    0 Erro(s)

Tempo Decorrido 00:00:04.60
2026-08-26 13:43:20 [OK] Build Release concluido com sucesso.
2026-08-26 13:43:20 [*] Iniciando C:\SPARC\src\NetworkDevice.UI\bin\Release\net8.0-windows\NetworkDevice.UI.exe
2026-08-26 13:48:42 [*] Verificando e finalizando instancias antigas do SPARC...
2026-08-26 13:48:44 [*] Verificando atualizacoes no Git remoto...
2026-08-26 13:48:59 [*] Git ja atualizado.
2026-08-26 13:48:59 [*] Codigo fonte mais recente que os binarios (CiscoSaipConfigurator.cs 08/26/2026 13:47:12 > 08/26/2026 13:24:18). Recompilando...
2026-08-26 13:48:59 [*] Compilando Release (dotnet build -c Release)...
  Determinando os projetos a serem restaurados...
  Todos os projetos est├úo atualizados para restaura├º├úo.
  NetworkDevice.Core -> C:\SPARC\src\NetworkDevice.Core\bin\Release\net8.0\NetworkDevice.Core.dll
  NetworkDevice.Protocols -> C:\SPARC\src\NetworkDevice.Protocols\bin\Release\net8.0\NetworkDevice.Protocols.dll
  NetworkDevice.Cisco -> C:\SPARC\src\NetworkDevice.Cisco\bin\Release\net8.0\NetworkDevice.Cisco.dll
  NetworkDevice.UI -> C:\SPARC\src\NetworkDevice.UI\bin\Release\net8.0-windows\NetworkDevice.UI.dll
  NetworkDevice.Cli -> C:\SPARC\src\NetworkDevice.Cli\bin\Release\net8.0\NetworkDevice.Cli.dll
  NetworkDevice.Tests -> C:\SPARC\tests\NetworkDevice.Tests\bin\Release\net8.0\NetworkDevice.Tests.dll

Compila├º├úo com ├¬xito.
    0 Aviso(s)
    0 Erro(s)

Tempo Decorrido 00:00:03.20
2026-08-26 13:49:03 [OK] Build Release concluido com sucesso.
2026-08-26 13:49:03 [*] Iniciando C:\SPARC\src\NetworkDevice.UI\bin\Release\net8.0-windows\NetworkDevice.UI.exe
2026-08-26 13:57:02 [*] Verificando e finalizando instancias antigas do SPARC...
2026-08-26 13:57:04 [*] Verificando atualizacoes no Git remoto...
2026-08-26 13:57:51 [*] Git ja atualizado.
2026-08-26 13:57:51 [*] Codigo fonte mais recente que os binarios (BootInterruptProfiles.cs 08/26/2026 13:56:10 > 08/26/2026 13:24:18). Recompilando...
2026-08-26 13:57:51 [*] Compilando Release (dotnet build -c Release)...
  Determinando os projetos a serem restaurados...
  Todos os projetos est├úo atualizados para restaura├º├úo.
C:\SPARC\src\NetworkDevice.Core\Provisioning\HostNetworkManager.cs(165,29): warning CA1416: Este site de chamada pode ser acessado em todas as plataformas. S├│ h├í suporte para 'WindowsPrincipal' em: 'windows'. (https://learn.microsoft.com/dotnet/fundamentals/code-analysis/quality-rules/ca1416) [C:\SPARC\src\NetworkDevice.Core\NetworkDevice.Core.csproj]
C:\SPARC\src\NetworkDevice.Core\Provisioning\HostNetworkManager.cs(166,20): warning CA1416: Este site de chamada pode ser acessado em todas as plataformas. S├│ h├í suporte para 'WindowsPrincipal.IsInRole(WindowsBuiltInRole)' em: 'windows'. (https://learn.microsoft.com/dotnet/fundamentals/code-analysis/quality-rules/ca1416) [C:\SPARC\src\NetworkDevice.Core\NetworkDevice.Core.csproj]
C:\SPARC\src\NetworkDevice.Core\Provisioning\HostNetworkManager.cs(166,39): warning CA1416: Este site de chamada pode ser acessado em todas as plataformas. S├│ h├í suporte para 'WindowsBuiltInRole.Administrator' em: 'windows'. (https://learn.microsoft.com/dotnet/fundamentals/code-analysis/quality-rules/ca1416) [C:\SPARC\src\NetworkDevice.Core\NetworkDevice.Core.csproj]
C:\SPARC\src\NetworkDevice.Core\Provisioning\HostNetworkManager.cs(164,28): warning CA1416: Este site de chamada pode ser acessado em todas as plataformas. S├│ h├í suporte para 'WindowsIdentity.GetCurrent()' em: 'windows'. (https://learn.microsoft.com/dotnet/fundamentals/code-analysis/quality-rules/ca1416) [C:\SPARC\src\NetworkDevice.Core\NetworkDevice.Core.csproj]
  NetworkDevice.Core -> C:\SPARC\src\NetworkDevice.Core\bin\Release\net8.0\NetworkDevice.Core.dll
  NetworkDevice.Protocols -> C:\SPARC\src\NetworkDevice.Protocols\bin\Release\net8.0\NetworkDevice.Protocols.dll
  NetworkDevice.Cisco -> C:\SPARC\src\NetworkDevice.Cisco\bin\Release\net8.0\NetworkDevice.Cisco.dll
  NetworkDevice.UI -> C:\SPARC\src\NetworkDevice.UI\bin\Release\net8.0-windows\NetworkDevice.UI.dll
  NetworkDevice.Cli -> C:\SPARC\src\NetworkDevice.Cli\bin\Release\net8.0\NetworkDevice.Cli.dll
  NetworkDevice.Tests -> C:\SPARC\tests\NetworkDevice.Tests\bin\Release\net8.0\NetworkDevice.Tests.dll

Compila├º├úo com ├¬xito.

C:\SPARC\src\NetworkDevice.Core\Provisioning\HostNetworkManager.cs(165,29): warning CA1416: Este site de chamada pode ser acessado em todas as plataformas. S├│ h├í suporte para 'WindowsPrincipal' em: 'windows'. (https://learn.microsoft.com/dotnet/fundamentals/code-analysis/quality-rules/ca1416) [C:\SPARC\src\NetworkDevice.Core\NetworkDevice.Core.csproj]
C:\SPARC\src\NetworkDevice.Core\Provisioning\HostNetworkManager.cs(166,20): warning CA1416: Este site de chamada pode ser acessado em todas as plataformas. S├│ h├í suporte para 'WindowsPrincipal.IsInRole(WindowsBuiltInRole)' em: 'windows'. (https://learn.microsoft.com/dotnet/fundamentals/code-analysis/quality-rules/ca1416) [C:\SPARC\src\NetworkDevice.Core\NetworkDevice.Core.csproj]
C:\SPARC\src\NetworkDevice.Core\Provisioning\HostNetworkManager.cs(166,39): warning CA1416: Este site de chamada pode ser acessado em todas as plataformas. S├│ h├í suporte para 'WindowsBuiltInRole.Administrator' em: 'windows'. (https://learn.microsoft.com/dotnet/fundamentals/code-analysis/quality-rules/ca1416) [C:\SPARC\src\NetworkDevice.Core\NetworkDevice.Core.csproj]
C:\SPARC\src\NetworkDevice.Core\Provisioning\HostNetworkManager.cs(164,28): warning CA1416: Este site de chamada pode ser acessado em todas as plataformas. S├│ h├í suporte para 'WindowsIdentity.GetCurrent()' em: 'windows'. (https://learn.microsoft.com/dotnet/fundamentals/code-analysis/quality-rules/ca1416) [C:\SPARC\src\NetworkDevice.Core\NetworkDevice.Core.csproj]
    4 Aviso(s)
    0 Erro(s)

Tempo Decorrido 00:00:04.03
2026-08-26 13:57:56 [OK] Build Release concluido com sucesso.
2026-08-26 13:57:56 [*] Iniciando C:\SPARC\src\NetworkDevice.UI\bin\Release\net8.0-windows\NetworkDevice.UI.exe
2026-08-26 14:04:30 [*] Verificando e finalizando instancias antigas do SPARC...
2026-08-26 14:04:32 [*] Verificando atualizacoes no Git remoto...
2026-08-26 14:04:46 [*] Git ja atualizado.
2026-08-26 14:04:46 [*] Codigo fonte mais recente que os binarios (MainWindow.g.cs 08/26/2026 13:57:55 > 08/26/2026 13:57:54). Recompilando...
2026-08-26 14:04:46 [*] Compilando Release (dotnet build -c Release)...
  Determinando os projetos a serem restaurados...
  Todos os projetos est├úo atualizados para restaura├º├úo.
  NetworkDevice.Core -> C:\SPARC\src\NetworkDevice.Core\bin\Release\net8.0\NetworkDevice.Core.dll
  NetworkDevice.Protocols -> C:\SPARC\src\NetworkDevice.Protocols\bin\Release\net8.0\NetworkDevice.Protocols.dll
  NetworkDevice.Cisco -> C:\SPARC\src\NetworkDevice.Cisco\bin\Release\net8.0\NetworkDevice.Cisco.dll
  NetworkDevice.Tests -> C:\SPARC\tests\NetworkDevice.Tests\bin\Release\net8.0\NetworkDevice.Tests.dll
  NetworkDevice.UI -> C:\SPARC\src\NetworkDevice.UI\bin\Release\net8.0-windows\NetworkDevice.UI.dll
  NetworkDevice.Cli -> C:\SPARC\src\NetworkDevice.Cli\bin\Release\net8.0\NetworkDevice.Cli.dll

Compila├º├úo com ├¬xito.
    0 Aviso(s)
    0 Erro(s)

Tempo Decorrido 00:00:01.35
2026-08-26 14:04:48 [OK] Build Release concluido com sucesso.
2026-08-26 14:04:48 [*] Iniciando C:\SPARC\src\NetworkDevice.UI\bin\Release\net8.0-windows\NetworkDevice.UI.exe
2026-08-26 14:15:19 [*] Verificando e finalizando instancias antigas do SPARC...
2026-08-26 14:15:21 [*] Verificando atualizacoes no Git remoto...
2026-08-26 14:15:25 [*] Git ja atualizado.
2026-08-26 14:15:25 [*] Codigo fonte mais recente que os binarios (MainWindow.g.cs 08/26/2026 13:57:55 > 08/26/2026 13:57:54). Recompilando...
2026-08-26 14:15:25 [*] Compilando Release (dotnet build -c Release)...
  Determinando os projetos a serem restaurados...
  Todos os projetos est├úo atualizados para restaura├º├úo.
  NetworkDevice.Core -> C:\SPARC\src\NetworkDevice.Core\bin\Release\net8.0\NetworkDevice.Core.dll
  NetworkDevice.Protocols -> C:\SPARC\src\NetworkDevice.Protocols\bin\Release\net8.0\NetworkDevice.Protocols.dll
  NetworkDevice.Cisco -> C:\SPARC\src\NetworkDevice.Cisco\bin\Release\net8.0\NetworkDevice.Cisco.dll
  NetworkDevice.Tests -> C:\SPARC\tests\NetworkDevice.Tests\bin\Release\net8.0\NetworkDevice.Tests.dll
  NetworkDevice.Cli -> C:\SPARC\src\NetworkDevice.Cli\bin\Release\net8.0\NetworkDevice.Cli.dll
  NetworkDevice.UI -> C:\SPARC\src\NetworkDevice.UI\bin\Release\net8.0-windows\NetworkDevice.UI.dll

Compila├º├úo com ├¬xito.
    0 Aviso(s)
    0 Erro(s)

Tempo Decorrido 00:00:01.34
2026-08-26 14:15:28 [OK] Build Release concluido com sucesso.
2026-08-26 14:15:28 [*] Iniciando C:\SPARC\src\NetworkDevice.UI\bin\Release\net8.0-windows\NetworkDevice.UI.exe
2026-08-26 14:30:21 [*] Verificando e finalizando instancias antigas do SPARC...
2026-08-26 14:30:23 [*] Verificando atualizacoes no Git remoto...
2026-08-26 14:30:26 [*] Git ja atualizado.
2026-08-26 14:30:26 [*] Codigo fonte mais recente que os binarios (CiscoIOSUpgrader.cs 08/26/2026 14:26:33 > 08/26/2026 13:57:54). Recompilando...
2026-08-26 14:30:26 [*] Compilando Release (dotnet build -c Release)...
  Determinando os projetos a serem restaurados...
  Todos os projetos est├úo atualizados para restaura├º├úo.
  NetworkDevice.Core -> C:\SPARC\src\NetworkDevice.Core\bin\Release\net8.0\NetworkDevice.Core.dll
  NetworkDevice.Protocols -> C:\SPARC\src\NetworkDevice.Protocols\bin\Release\net8.0\NetworkDevice.Protocols.dll
  NetworkDevice.Cisco -> C:\SPARC\src\NetworkDevice.Cisco\bin\Release\net8.0\NetworkDevice.Cisco.dll
  NetworkDevice.Tests -> C:\SPARC\tests\NetworkDevice.Tests\bin\Release\net8.0\NetworkDevice.Tests.dll
  NetworkDevice.UI -> C:\SPARC\src\NetworkDevice.UI\bin\Release\net8.0-windows\NetworkDevice.UI.dll
  NetworkDevice.Cli -> C:\SPARC\src\NetworkDevice.Cli\bin\Release\net8.0\NetworkDevice.Cli.dll

Compila├º├úo com ├¬xito.
    0 Aviso(s)
    0 Erro(s)

Tempo Decorrido 00:00:05.27
2026-08-26 14:30:32 [OK] Build Release concluido com sucesso.
2026-08-26 14:30:32 [*] Iniciando C:\SPARC\src\NetworkDevice.UI\bin\Release\net8.0-windows\NetworkDevice.UI.exe
2026-08-26 14:36:28 [*] Verificando e finalizando instancias antigas do SPARC...
2026-08-26 14:36:30 [*] Verificando atualizacoes no Git remoto...
2026-08-26 14:36:35 [*] Git ja atualizado.
2026-08-26 14:36:35 [*] Codigo fonte mais recente que os binarios (CiscoIOSUpgrader.cs 08/26/2026 14:34:35 > 08/26/2026 13:57:54). Recompilando...
2026-08-26 14:36:35 [*] Compilando Release (dotnet build -c Release)...
  Determinando os projetos a serem restaurados...
  Todos os projetos est├úo atualizados para restaura├º├úo.
  NetworkDevice.Core -> C:\SPARC\src\NetworkDevice.Core\bin\Release\net8.0\NetworkDevice.Core.dll
  NetworkDevice.Protocols -> C:\SPARC\src\NetworkDevice.Protocols\bin\Release\net8.0\NetworkDevice.Protocols.dll
  NetworkDevice.Cisco -> C:\SPARC\src\NetworkDevice.Cisco\bin\Release\net8.0\NetworkDevice.Cisco.dll
  NetworkDevice.Tests -> C:\SPARC\tests\NetworkDevice.Tests\bin\Release\net8.0\NetworkDevice.Tests.dll
  NetworkDevice.UI -> C:\SPARC\src\NetworkDevice.UI\bin\Release\net8.0-windows\NetworkDevice.UI.dll
  NetworkDevice.Cli -> C:\SPARC\src\NetworkDevice.Cli\bin\Release\net8.0\NetworkDevice.Cli.dll

Compila├º├úo com ├¬xito.
    0 Aviso(s)
    0 Erro(s)

Tempo Decorrido 00:00:03.15
2026-08-26 14:36:39 [OK] Build Release concluido com sucesso.
2026-08-26 14:36:39 [*] Iniciando C:\SPARC\src\NetworkDevice.UI\bin\Release\net8.0-windows\NetworkDevice.UI.exe
2026-08-26 14:44:36 [*] Verificando e finalizando instancias antigas do SPARC...
2026-08-26 14:44:38 [*] Verificando atualizacoes no Git remoto...
2026-08-26 14:44:40 [*] Git ja atualizado.
2026-08-26 14:44:40 [*] Codigo fonte mais recente que os binarios (CiscoIOSUpgrader.cs 08/26/2026 14:42:51 > 08/26/2026 13:57:54). Recompilando...
2026-08-26 14:44:40 [*] Compilando Release (dotnet build -c Release)...
  Determinando os projetos a serem restaurados...
  Todos os projetos est├úo atualizados para restaura├º├úo.
  NetworkDevice.Core -> C:\SPARC\src\NetworkDevice.Core\bin\Release\net8.0\NetworkDevice.Core.dll
  NetworkDevice.Protocols -> C:\SPARC\src\NetworkDevice.Protocols\bin\Release\net8.0\NetworkDevice.Protocols.dll
C:\SPARC\src\NetworkDevice.Cisco\CiscoIOSUpgrader.cs(661,21): error CS0841: N├úo ├® poss├¡vel usar a vari├ível local "tftpAttempts" antes de declar├í-la [C:\SPARC\src\NetworkDevice.Cisco\NetworkDevice.Cisco.csproj]

FALHA da compila├º├úo.

C:\SPARC\src\NetworkDevice.Cisco\CiscoIOSUpgrader.cs(661,21): error CS0841: N├úo ├® poss├¡vel usar a vari├ível local "tftpAttempts" antes de declar├í-la [C:\SPARC\src\NetworkDevice.Cisco\NetworkDevice.Cisco.csproj]
    0 Aviso(s)
    1 Erro(s)

Tempo Decorrido 00:00:01.59
2026-08-26 14:44:43 [*] Nova tentativa de compilacao Release...
  Determinando os projetos a serem restaurados...
  Todos os projetos est├úo atualizados para restaura├º├úo.
  NetworkDevice.Core -> C:\SPARC\src\NetworkDevice.Core\bin\Release\net8.0\NetworkDevice.Core.dll
  NetworkDevice.Protocols -> C:\SPARC\src\NetworkDevice.Protocols\bin\Release\net8.0\NetworkDevice.Protocols.dll
C:\SPARC\src\NetworkDevice.Cisco\CiscoIOSUpgrader.cs(661,21): error CS0841: N├úo ├® poss├¡vel usar a vari├ível local "tftpAttempts" antes de declar├í-la [C:\SPARC\src\NetworkDevice.Cisco\NetworkDevice.Cisco.csproj]

FALHA da compila├º├úo.

C:\SPARC\src\NetworkDevice.Cisco\CiscoIOSUpgrader.cs(661,21): error CS0841: N├úo ├® poss├¡vel usar a vari├ível local "tftpAttempts" antes de declar├í-la [C:\SPARC\src\NetworkDevice.Cisco\NetworkDevice.Cisco.csproj]
    0 Aviso(s)
    1 Erro(s)

Tempo Decorrido 00:00:01.48
2026-08-26 14:44:46 [ERRO] Falha na compilacao Release (exit 1).
2026-08-26 14:44:53 [*] Verificando e finalizando instancias antigas do SPARC...
2026-08-26 14:44:53 [*] Verificando atualizacoes no Git remoto...
2026-08-26 14:44:55 [*] Git ja atualizado.
2026-08-26 14:44:55 [*] Codigo fonte mais recente que os binarios (CiscoIOSUpgrader.cs 08/26/2026 14:42:51 > 08/26/2026 13:57:54). Recompilando...
2026-08-26 14:44:55 [*] Compilando Release (dotnet build -c Release)...
  Determinando os projetos a serem restaurados...
  Todos os projetos est├úo atualizados para restaura├º├úo.
  NetworkDevice.Core -> C:\SPARC\src\NetworkDevice.Core\bin\Release\net8.0\NetworkDevice.Core.dll
  NetworkDevice.Protocols -> C:\SPARC\src\NetworkDevice.Protocols\bin\Release\net8.0\NetworkDevice.Protocols.dll
C:\SPARC\src\NetworkDevice.Cisco\CiscoIOSUpgrader.cs(661,21): error CS0841: N├úo ├® poss├¡vel usar a vari├ível local "tftpAttempts" antes de declar├í-la [C:\SPARC\src\NetworkDevice.Cisco\NetworkDevice.Cisco.csproj]

FALHA da compila├º├úo.

C:\SPARC\src\NetworkDevice.Cisco\CiscoIOSUpgrader.cs(661,21): error CS0841: N├úo ├® poss├¡vel usar a vari├ível local "tftpAttempts" antes de declar├í-la [C:\SPARC\src\NetworkDevice.Cisco\NetworkDevice.Cisco.csproj]
    0 Aviso(s)
    1 Erro(s)

Tempo Decorrido 00:00:01.34
2026-08-26 14:44:57 [*] Nova tentativa de compilacao Release...
  Determinando os projetos a serem restaurados...
  Todos os projetos est├úo atualizados para restaura├º├úo.
  NetworkDevice.Core -> C:\SPARC\src\NetworkDevice.Core\bin\Release\net8.0\NetworkDevice.Core.dll
  NetworkDevice.Protocols -> C:\SPARC\src\NetworkDevice.Protocols\bin\Release\net8.0\NetworkDevice.Protocols.dll
C:\SPARC\src\NetworkDevice.Cisco\CiscoIOSUpgrader.cs(661,21): error CS0841: N├úo ├® poss├¡vel usar a vari├ível local "tftpAttempts" antes de declar├í-la [C:\SPARC\src\NetworkDevice.Cisco\NetworkDevice.Cisco.csproj]

FALHA da compila├º├úo.

C:\SPARC\src\NetworkDevice.Cisco\CiscoIOSUpgrader.cs(661,21): error CS0841: N├úo ├® poss├¡vel usar a vari├ível local "tftpAttempts" antes de declar├í-la [C:\SPARC\src\NetworkDevice.Cisco\NetworkDevice.Cisco.csproj]
    0 Aviso(s)
    1 Erro(s)

Tempo Decorrido 00:00:01.38
2026-08-26 14:45:00 [ERRO] Falha na compilacao Release (exit 1).
2026-08-26 14:45:12 [*] Verificando e finalizando instancias antigas do SPARC...
2026-08-26 14:45:14 [*] Verificando atualizacoes no Git remoto...
2026-08-26 14:45:19 [*] Git ja atualizado.
2026-08-26 14:45:19 [*] Codigo fonte mais recente que os binarios (CiscoIOSUpgrader.cs 08/26/2026 14:42:51 > 08/26/2026 13:57:54). Recompilando...
2026-08-26 14:45:19 [*] Compilando Release (dotnet build -c Release)...
  Determinando os projetos a serem restaurados...
  Todos os projetos est├úo atualizados para restaura├º├úo.
  NetworkDevice.Core -> C:\SPARC\src\NetworkDevice.Core\bin\Release\net8.0\NetworkDevice.Core.dll
  NetworkDevice.Protocols -> C:\SPARC\src\NetworkDevice.Protocols\bin\Release\net8.0\NetworkDevice.Protocols.dll
C:\SPARC\src\NetworkDevice.Cisco\CiscoIOSUpgrader.cs(661,21): error CS0841: N├úo ├® poss├¡vel usar a vari├ível local "tftpAttempts" antes de declar├í-la [C:\SPARC\src\NetworkDevice.Cisco\NetworkDevice.Cisco.csproj]

FALHA da compila├º├úo.

C:\SPARC\src\NetworkDevice.Cisco\CiscoIOSUpgrader.cs(661,21): error CS0841: N├úo ├® poss├¡vel usar a vari├ível local "tftpAttempts" antes de declar├í-la [C:\SPARC\src\NetworkDevice.Cisco\NetworkDevice.Cisco.csproj]
    0 Aviso(s)
    1 Erro(s)

Tempo Decorrido 00:00:01.31
2026-08-26 14:45:21 [*] Nova tentativa de compilacao Release...
  Determinando os projetos a serem restaurados...
  Todos os projetos est├úo atualizados para restaura├º├úo.
  NetworkDevice.Core -> C:\SPARC\src\NetworkDevice.Core\bin\Release\net8.0\NetworkDevice.Core.dll
  NetworkDevice.Protocols -> C:\SPARC\src\NetworkDevice.Protocols\bin\Release\net8.0\NetworkDevice.Protocols.dll
C:\SPARC\src\NetworkDevice.Cisco\CiscoIOSUpgrader.cs(661,21): error CS0841: N├úo ├® poss├¡vel usar a vari├ível local "tftpAttempts" antes de declar├í-la [C:\SPARC\src\NetworkDevice.Cisco\NetworkDevice.Cisco.csproj]

FALHA da compila├º├úo.

C:\SPARC\src\NetworkDevice.Cisco\CiscoIOSUpgrader.cs(661,21): error CS0841: N├úo ├® poss├¡vel usar a vari├ível local "tftpAttempts" antes de declar├í-la [C:\SPARC\src\NetworkDevice.Cisco\NetworkDevice.Cisco.csproj]
    0 Aviso(s)
    1 Erro(s)

Tempo Decorrido 00:00:01.38
2026-08-26 14:45:24 [ERRO] Falha na compilacao Release (exit 1).
2026-08-26 14:46:47 [*] Verificando e finalizando instancias antigas do SPARC...
2026-08-26 14:46:49 [*] Verificando atualizacoes no Git remoto...
2026-08-26 14:46:54 [*] Git ja atualizado.
2026-08-26 14:46:54 [*] Codigo fonte mais recente que os binarios (MainWindow.g.cs 08/26/2026 14:46:20 > 08/26/2026 13:57:54). Recompilando...
2026-08-26 14:46:54 [*] Compilando Release (dotnet build -c Release)...
  Determinando os projetos a serem restaurados...
  Todos os projetos est├úo atualizados para restaura├º├úo.
  NetworkDevice.Core -> C:\SPARC\src\NetworkDevice.Core\bin\Release\net8.0\NetworkDevice.Core.dll
  NetworkDevice.Protocols -> C:\SPARC\src\NetworkDevice.Protocols\bin\Release\net8.0\NetworkDevice.Protocols.dll
  NetworkDevice.Cisco -> C:\SPARC\src\NetworkDevice.Cisco\bin\Release\net8.0\NetworkDevice.Cisco.dll
  NetworkDevice.UI -> C:\SPARC\src\NetworkDevice.UI\bin\Release\net8.0-windows\NetworkDevice.UI.dll
  NetworkDevice.Cli -> C:\SPARC\src\NetworkDevice.Cli\bin\Release\net8.0\NetworkDevice.Cli.dll
  NetworkDevice.Tests -> C:\SPARC\tests\NetworkDevice.Tests\bin\Release\net8.0\NetworkDevice.Tests.dll

Compila├º├úo com ├¬xito.
    0 Aviso(s)
    0 Erro(s)

Tempo Decorrido 00:00:01.34
2026-08-26 14:46:57 [OK] Build Release concluido com sucesso.
2026-08-26 14:46:57 [*] Iniciando C:\SPARC\src\NetworkDevice.UI\bin\Release\net8.0-windows\NetworkDevice.UI.exe
2026-08-26 14:53:40 [*] Verificando e finalizando instancias antigas do SPARC...
2026-08-26 14:53:43 [*] Verificando atualizacoes no Git remoto...
2026-08-26 14:53:46 [*] Git ja atualizado.
2026-08-26 14:53:46 [*] Codigo fonte mais recente que os binarios (CiscoIOSUpgrader.cs 08/26/2026 14:53:08 > 08/26/2026 13:57:54). Recompilando...
2026-08-26 14:53:46 [*] Compilando Release (dotnet build -c Release)...
  Determinando os projetos a serem restaurados...
  Todos os projetos est├úo atualizados para restaura├º├úo.
  NetworkDevice.Core -> C:\SPARC\src\NetworkDevice.Core\bin\Release\net8.0\NetworkDevice.Core.dll
  NetworkDevice.Protocols -> C:\SPARC\src\NetworkDevice.Protocols\bin\Release\net8.0\NetworkDevice.Protocols.dll
  NetworkDevice.Cisco -> C:\SPARC\src\NetworkDevice.Cisco\bin\Release\net8.0\NetworkDevice.Cisco.dll
  NetworkDevice.Tests -> C:\SPARC\tests\NetworkDevice.Tests\bin\Release\net8.0\NetworkDevice.Tests.dll
  NetworkDevice.UI -> C:\SPARC\src\NetworkDevice.UI\bin\Release\net8.0-windows\NetworkDevice.UI.dll
  NetworkDevice.Cli -> C:\SPARC\src\NetworkDevice.Cli\bin\Release\net8.0\NetworkDevice.Cli.dll

Compila├º├úo com ├¬xito.
    0 Aviso(s)
    0 Erro(s)

Tempo Decorrido 00:00:02.64
2026-08-26 14:53:49 [OK] Build Release concluido com sucesso.
2026-08-26 14:53:49 [*] Iniciando C:\SPARC\src\NetworkDevice.UI\bin\Release\net8.0-windows\NetworkDevice.UI.exe
2026-08-26 14:57:20 [*] Verificando e finalizando instancias antigas do SPARC...
2026-08-26 14:57:22 [*] Verificando atualizacoes no Git remoto...
2026-08-26 14:57:26 [*] Git ja atualizado.
2026-08-26 14:57:26 [*] Codigo fonte mais recente que os binarios (MainWindow.g.cs 08/26/2026 14:56:25 > 08/26/2026 13:57:54). Recompilando...
2026-08-26 14:57:26 [*] Compilando Release (dotnet build -c Release)...
  Determinando os projetos a serem restaurados...
  Todos os projetos est├úo atualizados para restaura├º├úo.
  NetworkDevice.Core -> C:\SPARC\src\NetworkDevice.Core\bin\Release\net8.0\NetworkDevice.Core.dll
  NetworkDevice.Protocols -> C:\SPARC\src\NetworkDevice.Protocols\bin\Release\net8.0\NetworkDevice.Protocols.dll
  NetworkDevice.Cisco -> C:\SPARC\src\NetworkDevice.Cisco\bin\Release\net8.0\NetworkDevice.Cisco.dll
  NetworkDevice.UI -> C:\SPARC\src\NetworkDevice.UI\bin\Release\net8.0-windows\NetworkDevice.UI.dll
  NetworkDevice.Cli -> C:\SPARC\src\NetworkDevice.Cli\bin\Release\net8.0\NetworkDevice.Cli.dll
  NetworkDevice.Tests -> C:\SPARC\tests\NetworkDevice.Tests\bin\Release\net8.0\NetworkDevice.Tests.dll

Compila├º├úo com ├¬xito.
    0 Aviso(s)
    0 Erro(s)

Tempo Decorrido 00:00:01.27
2026-08-26 14:57:28 [OK] Build Release concluido com sucesso.
2026-08-26 14:57:28 [*] Iniciando C:\SPARC\src\NetworkDevice.UI\bin\Release\net8.0-windows\NetworkDevice.UI.exe
2026-08-26 15:04:54 [*] Verificando e finalizando instancias antigas do SPARC...
2026-08-26 15:04:56 [*] Verificando atualizacoes no Git remoto...
2026-08-26 15:04:58 [*] Git ja atualizado.
2026-08-26 15:04:58 [*] Codigo fonte mais recente que os binarios (MainWindow.g.cs 08/26/2026 15:02:51 > 08/26/2026 13:57:54). Recompilando...
2026-08-26 15:04:58 [*] Compilando Release (dotnet build -c Release)...
  Determinando os projetos a serem restaurados...
  Todos os projetos est├úo atualizados para restaura├º├úo.
  NetworkDevice.Core -> C:\SPARC\src\NetworkDevice.Core\bin\Release\net8.0\NetworkDevice.Core.dll
  NetworkDevice.Protocols -> C:\SPARC\src\NetworkDevice.Protocols\bin\Release\net8.0\NetworkDevice.Protocols.dll
  NetworkDevice.Cisco -> C:\SPARC\src\NetworkDevice.Cisco\bin\Release\net8.0\NetworkDevice.Cisco.dll
  NetworkDevice.Tests -> C:\SPARC\tests\NetworkDevice.Tests\bin\Release\net8.0\NetworkDevice.Tests.dll
  NetworkDevice.UI -> C:\SPARC\src\NetworkDevice.UI\bin\Release\net8.0-windows\NetworkDevice.UI.dll
  NetworkDevice.Cli -> C:\SPARC\src\NetworkDevice.Cli\bin\Release\net8.0\NetworkDevice.Cli.dll

Compila├º├úo com ├¬xito.
    0 Aviso(s)
    0 Erro(s)

Tempo Decorrido 00:00:01.35
2026-08-26 15:05:01 [OK] Build Release concluido com sucesso.
2026-08-26 15:05:01 [*] Iniciando C:\SPARC\src\NetworkDevice.UI\bin\Release\net8.0-windows\NetworkDevice.UI.exe
2026-08-26 15:39:14 [*] Verificando e finalizando instancias antigas do SPARC...
2026-08-26 15:39:15 [*] Verificando atualizacoes no Git remoto...
2026-08-26 15:39:28 [*] Git ja atualizado.
2026-08-26 15:39:28 [*] Codigo fonte mais recente que os binarios (MainWindow.g.cs 08/26/2026 15:33:18 > 08/26/2026 13:57:54). Recompilando...
2026-08-26 15:39:28 [*] Compilando Release (dotnet build -c Release)...
  Determinando os projetos a serem restaurados...
  C:\SPARC\src\NetworkDevice.Core\NetworkDevice.Core.csproj restaurado (em 370 ms).
  C:\SPARC\src\NetworkDevice.Cli\NetworkDevice.Cli.csproj restaurado (em 419 ms).
  C:\SPARC\src\NetworkDevice.Protocols\NetworkDevice.Protocols.csproj restaurado (em 419 ms).
  C:\SPARC\src\NetworkDevice.Cisco\NetworkDevice.Cisco.csproj restaurado (em 6 ms).
  C:\SPARC\src\NetworkDevice.UI\NetworkDevice.UI.csproj restaurado (em 96 ms).
  C:\SPARC\tests\NetworkDevice.Tests\NetworkDevice.Tests.csproj restaurado (em 491 ms).
  NetworkDevice.Core -> C:\SPARC\src\NetworkDevice.Core\bin\Release\net8.0\NetworkDevice.Core.dll
  NetworkDevice.Protocols -> C:\SPARC\src\NetworkDevice.Protocols\bin\Release\net8.0\NetworkDevice.Protocols.dll
  NetworkDevice.Cisco -> C:\SPARC\src\NetworkDevice.Cisco\bin\Release\net8.0\NetworkDevice.Cisco.dll
  NetworkDevice.UI -> C:\SPARC\src\NetworkDevice.UI\bin\Release\net8.0-windows\NetworkDevice.UI.dll
  NetworkDevice.Tests -> C:\SPARC\tests\NetworkDevice.Tests\bin\Release\net8.0\NetworkDevice.Tests.dll
  NetworkDevice.Cli -> C:\SPARC\src\NetworkDevice.Cli\bin\Release\net8.0\NetworkDevice.Cli.dll

Compila├º├úo com ├¬xito.
    0 Aviso(s)
    0 Erro(s)

Tempo Decorrido 00:00:08.27
2026-08-26 15:39:37 [OK] Build Release concluido com sucesso.
2026-08-26 15:39:37 [*] Iniciando C:\SPARC\src\NetworkDevice.UI\bin\Release\net8.0-windows\NetworkDevice.UI.exe
2026-08-26 15:50:48 [*] Verificando e finalizando instancias antigas do SPARC...
2026-08-26 15:50:49 [*] Verificando atualizacoes no Git remoto...
2026-08-26 15:50:51 [*] Git ja atualizado.
2026-08-26 15:50:51 [*] Codigo fonte mais recente que os binarios (MainWindow.xaml.cs 08/26/2026 15:49:40 > 08/26/2026 13:57:54). Recompilando...
2026-08-26 15:50:51 [*] Compilando Release (dotnet build -c Release)...
  Determinando os projetos a serem restaurados...
  Todos os projetos est├úo atualizados para restaura├º├úo.
  NetworkDevice.Core -> C:\SPARC\src\NetworkDevice.Core\bin\Release\net8.0\NetworkDevice.Core.dll
  NetworkDevice.Protocols -> C:\SPARC\src\NetworkDevice.Protocols\bin\Release\net8.0\NetworkDevice.Protocols.dll
  NetworkDevice.Cisco -> C:\SPARC\src\NetworkDevice.Cisco\bin\Release\net8.0\NetworkDevice.Cisco.dll
  NetworkDevice.Tests -> C:\SPARC\tests\NetworkDevice.Tests\bin\Release\net8.0\NetworkDevice.Tests.dll
  NetworkDevice.UI -> C:\SPARC\src\NetworkDevice.UI\bin\Release\net8.0-windows\NetworkDevice.UI.dll
  NetworkDevice.Cli -> C:\SPARC\src\NetworkDevice.Cli\bin\Release\net8.0\NetworkDevice.Cli.dll

Compila├º├úo com ├¬xito.
    0 Aviso(s)
    0 Erro(s)

Tempo Decorrido 00:00:04.87
2026-08-26 15:50:57 [OK] Build Release concluido com sucesso.
2026-08-26 15:50:57 [*] Iniciando C:\SPARC\src\NetworkDevice.UI\bin\Release\net8.0-windows\NetworkDevice.UI.exe
2026-08-26 15:57:20 [*] Verificando e finalizando instancias antigas do SPARC...
2026-08-26 15:57:22 [*] Verificando atualizacoes no Git remoto...
2026-08-26 15:57:24 [*] Git ja atualizado.
2026-08-26 15:57:24 [*] Codigo fonte mais recente que os binarios (MainWindow.g.cs 08/26/2026 15:56:20 > 08/26/2026 13:57:54). Recompilando...
2026-08-26 15:57:24 [*] Compilando Release (dotnet build -c Release)...
  Determinando os projetos a serem restaurados...
  Todos os projetos est├úo atualizados para restaura├º├úo.
  NetworkDevice.Core -> C:\SPARC\src\NetworkDevice.Core\bin\Release\net8.0\NetworkDevice.Core.dll
  NetworkDevice.Protocols -> C:\SPARC\src\NetworkDevice.Protocols\bin\Release\net8.0\NetworkDevice.Protocols.dll
  NetworkDevice.Cisco -> C:\SPARC\src\NetworkDevice.Cisco\bin\Release\net8.0\NetworkDevice.Cisco.dll
  NetworkDevice.Tests -> C:\SPARC\tests\NetworkDevice.Tests\bin\Release\net8.0\NetworkDevice.Tests.dll
  NetworkDevice.UI -> C:\SPARC\src\NetworkDevice.UI\bin\Release\net8.0-windows\NetworkDevice.UI.dll
  NetworkDevice.Cli -> C:\SPARC\src\NetworkDevice.Cli\bin\Release\net8.0\NetworkDevice.Cli.dll

Compila├º├úo com ├¬xito.
    0 Aviso(s)
    0 Erro(s)

Tempo Decorrido 00:00:01.37
2026-08-26 15:57:27 [OK] Build Release concluido com sucesso.
2026-08-26 15:57:27 [*] Iniciando C:\SPARC\src\NetworkDevice.UI\bin\Release\net8.0-windows\NetworkDevice.UI.exe
2026-08-26 16:02:02 [*] Verificando e finalizando instancias antigas do SPARC...
2026-08-26 16:02:04 [*] Verificando atualizacoes no Git remoto...
2026-08-26 16:02:09 [*] Git ja atualizado.
2026-08-26 16:02:09 [*] Codigo fonte mais recente que os binarios (CiscoIOSUpgrader.cs 08/26/2026 16:01:44 > 08/26/2026 13:57:54). Recompilando...
2026-08-26 16:02:09 [*] Compilando Release (dotnet build -c Release)...
  Determinando os projetos a serem restaurados...
  Todos os projetos est├úo atualizados para restaura├º├úo.
  NetworkDevice.Core -> C:\SPARC\src\NetworkDevice.Core\bin\Release\net8.0\NetworkDevice.Core.dll
  NetworkDevice.Protocols -> C:\SPARC\src\NetworkDevice.Protocols\bin\Release\net8.0\NetworkDevice.Protocols.dll
C:\SPARC\src\NetworkDevice.Cisco\CiscoIOSUpgrader.cs(741,25): error CS0103: O nome "confirmPromptReceived" n├úo existe no contexto atual [C:\SPARC\src\NetworkDevice.Cisco\NetworkDevice.Cisco.csproj]
C:\SPARC\src\NetworkDevice.Cisco\CiscoIOSUpgrader.cs(663,21): warning CS0219: A vari├ível "confirmPromptReceived" ├® atribu├¡da, mas seu valor nunca ├® usado [C:\SPARC\src\NetworkDevice.Cisco\NetworkDevice.Cisco.csproj]

FALHA da compila├º├úo.

C:\SPARC\src\NetworkDevice.Cisco\CiscoIOSUpgrader.cs(663,21): warning CS0219: A vari├ível "confirmPromptReceived" ├® atribu├¡da, mas seu valor nunca ├® usado [C:\SPARC\src\NetworkDevice.Cisco\NetworkDevice.Cisco.csproj]
C:\SPARC\src\NetworkDevice.Cisco\CiscoIOSUpgrader.cs(741,25): error CS0103: O nome "confirmPromptReceived" n├úo existe no contexto atual [C:\SPARC\src\NetworkDevice.Cisco\NetworkDevice.Cisco.csproj]
    1 Aviso(s)
    1 Erro(s)

Tempo Decorrido 00:00:01.50
2026-08-26 16:02:12 [*] Nova tentativa de compilacao Release...
  Determinando os projetos a serem restaurados...
  Todos os projetos est├úo atualizados para restaura├º├úo.
  NetworkDevice.Core -> C:\SPARC\src\NetworkDevice.Core\bin\Release\net8.0\NetworkDevice.Core.dll
  NetworkDevice.Protocols -> C:\SPARC\src\NetworkDevice.Protocols\bin\Release\net8.0\NetworkDevice.Protocols.dll
C:\SPARC\src\NetworkDevice.Cisco\CiscoIOSUpgrader.cs(741,25): error CS0103: O nome "confirmPromptReceived" n├úo existe no contexto atual [C:\SPARC\src\NetworkDevice.Cisco\NetworkDevice.Cisco.csproj]
C:\SPARC\src\NetworkDevice.Cisco\CiscoIOSUpgrader.cs(663,21): warning CS0219: A vari├ível "confirmPromptReceived" ├® atribu├¡da, mas seu valor nunca ├® usado [C:\SPARC\src\NetworkDevice.Cisco\NetworkDevice.Cisco.csproj]

FALHA da compila├º├úo.

C:\SPARC\src\NetworkDevice.Cisco\CiscoIOSUpgrader.cs(663,21): warning CS0219: A vari├ível "confirmPromptReceived" ├® atribu├¡da, mas seu valor nunca ├® usado [C:\SPARC\src\NetworkDevice.Cisco\NetworkDevice.Cisco.csproj]
C:\SPARC\src\NetworkDevice.Cisco\CiscoIOSUpgrader.cs(741,25): error CS0103: O nome "confirmPromptReceived" n├úo existe no contexto atual [C:\SPARC\src\NetworkDevice.Cisco\NetworkDevice.Cisco.csproj]
    1 Aviso(s)
    1 Erro(s)

Tempo Decorrido 00:00:01.47
2026-08-26 16:02:15 [ERRO] Falha na compilacao Release (exit 1).
2026-08-26 16:02:22 [*] Verificando e finalizando instancias antigas do SPARC...
2026-08-26 16:02:23 [*] Verificando atualizacoes no Git remoto...
2026-08-26 16:02:24 [*] Git ja atualizado.
2026-08-26 16:02:24 [*] Codigo fonte mais recente que os binarios (CiscoIOSUpgrader.cs 08/26/2026 16:01:44 > 08/26/2026 13:57:54). Recompilando...
2026-08-26 16:02:24 [*] Compilando Release (dotnet build -c Release)...
  Determinando os projetos a serem restaurados...
  Todos os projetos est├úo atualizados para restaura├º├úo.
  NetworkDevice.Core -> C:\SPARC\src\NetworkDevice.Core\bin\Release\net8.0\NetworkDevice.Core.dll
  NetworkDevice.Protocols -> C:\SPARC\src\NetworkDevice.Protocols\bin\Release\net8.0\NetworkDevice.Protocols.dll
C:\SPARC\src\NetworkDevice.Cisco\CiscoIOSUpgrader.cs(741,25): error CS0103: O nome "confirmPromptReceived" n├úo existe no contexto atual [C:\SPARC\src\NetworkDevice.Cisco\NetworkDevice.Cisco.csproj]
C:\SPARC\src\NetworkDevice.Cisco\CiscoIOSUpgrader.cs(663,21): warning CS0219: A vari├ível "confirmPromptReceived" ├® atribu├¡da, mas seu valor nunca ├® usado [C:\SPARC\src\NetworkDevice.Cisco\NetworkDevice.Cisco.csproj]

FALHA da compila├º├úo.

C:\SPARC\src\NetworkDevice.Cisco\CiscoIOSUpgrader.cs(663,21): warning CS0219: A vari├ível "confirmPromptReceived" ├® atribu├¡da, mas seu valor nunca ├® usado [C:\SPARC\src\NetworkDevice.Cisco\NetworkDevice.Cisco.csproj]
C:\SPARC\src\NetworkDevice.Cisco\CiscoIOSUpgrader.cs(741,25): error CS0103: O nome "confirmPromptReceived" n├úo existe no contexto atual [C:\SPARC\src\NetworkDevice.Cisco\NetworkDevice.Cisco.csproj]
    1 Aviso(s)
    1 Erro(s)

Tempo Decorrido 00:00:01.37
2026-08-26 16:02:26 [*] Nova tentativa de compilacao Release...
  Determinando os projetos a serem restaurados...
  Todos os projetos est├úo atualizados para restaura├º├úo.
  NetworkDevice.Core -> C:\SPARC\src\NetworkDevice.Core\bin\Release\net8.0\NetworkDevice.Core.dll
  NetworkDevice.Protocols -> C:\SPARC\src\NetworkDevice.Protocols\bin\Release\net8.0\NetworkDevice.Protocols.dll
C:\SPARC\src\NetworkDevice.Cisco\CiscoIOSUpgrader.cs(741,25): error CS0103: O nome "confirmPromptReceived" n├úo existe no contexto atual [C:\SPARC\src\NetworkDevice.Cisco\NetworkDevice.Cisco.csproj]
C:\SPARC\src\NetworkDevice.Cisco\CiscoIOSUpgrader.cs(663,21): warning CS0219: A vari├ível "confirmPromptReceived" ├® atribu├¡da, mas seu valor nunca ├® usado [C:\SPARC\src\NetworkDevice.Cisco\NetworkDevice.Cisco.csproj]

FALHA da compila├º├úo.

C:\SPARC\src\NetworkDevice.Cisco\CiscoIOSUpgrader.cs(663,21): warning CS0219: A vari├ível "confirmPromptReceived" ├® atribu├¡da, mas seu valor nunca ├® usado [C:\SPARC\src\NetworkDevice.Cisco\NetworkDevice.Cisco.csproj]
C:\SPARC\src\NetworkDevice.Cisco\CiscoIOSUpgrader.cs(741,25): error CS0103: O nome "confirmPromptReceived" n├úo existe no contexto atual [C:\SPARC\src\NetworkDevice.Cisco\NetworkDevice.Cisco.csproj]
    1 Aviso(s)
    1 Erro(s)

Tempo Decorrido 00:00:01.39
2026-08-26 16:02:29 [ERRO] Falha na compilacao Release (exit 1).
2026-08-26 16:03:41 [*] Verificando e finalizando instancias antigas do SPARC...
2026-08-26 16:03:43 [*] Verificando atualizacoes no Git remoto...
2026-08-26 16:03:47 [*] Git ja atualizado.
2026-08-26 16:03:47 [*] Codigo fonte mais recente que os binarios (MainWindow.g.cs 08/26/2026 16:03:02 > 08/26/2026 13:57:54). Recompilando...
2026-08-26 16:03:47 [*] Compilando Release (dotnet build -c Release)...
  Determinando os projetos a serem restaurados...
  Todos os projetos est├úo atualizados para restaura├º├úo.
  NetworkDevice.Core -> C:\SPARC\src\NetworkDevice.Core\bin\Release\net8.0\NetworkDevice.Core.dll
  NetworkDevice.Protocols -> C:\SPARC\src\NetworkDevice.Protocols\bin\Release\net8.0\NetworkDevice.Protocols.dll
  NetworkDevice.Cisco -> C:\SPARC\src\NetworkDevice.Cisco\bin\Release\net8.0\NetworkDevice.Cisco.dll
  NetworkDevice.Tests -> C:\SPARC\tests\NetworkDevice.Tests\bin\Release\net8.0\NetworkDevice.Tests.dll
  NetworkDevice.UI -> C:\SPARC\src\NetworkDevice.UI\bin\Release\net8.0-windows\NetworkDevice.UI.dll
  NetworkDevice.Cli -> C:\SPARC\src\NetworkDevice.Cli\bin\Release\net8.0\NetworkDevice.Cli.dll

Compila├º├úo com ├¬xito.
    0 Aviso(s)
    0 Erro(s)

Tempo Decorrido 00:00:01.39
2026-08-26 16:03:49 [OK] Build Release concluido com sucesso.
2026-08-26 16:03:49 [*] Iniciando C:\SPARC\src\NetworkDevice.UI\bin\Release\net8.0-windows\NetworkDevice.UI.exe
2026-08-26 16:11:38 [*] Verificando e finalizando instancias antigas do SPARC...
2026-08-26 16:11:40 [*] Verificando atualizacoes no Git remoto...
2026-08-26 16:11:42 [*] Git ja atualizado.
2026-08-26 16:11:42 [*] Codigo fonte mais recente que os binarios (CiscoIOSUpgrader.cs 08/26/2026 16:11:21 > 08/26/2026 13:57:54). Recompilando...
2026-08-26 16:11:42 [*] Compilando Release (dotnet build -c Release)...
  Determinando os projetos a serem restaurados...
  Todos os projetos est├úo atualizados para restaura├º├úo.
  NetworkDevice.Core -> C:\SPARC\src\NetworkDevice.Core\bin\Release\net8.0\NetworkDevice.Core.dll
  NetworkDevice.Protocols -> C:\SPARC\src\NetworkDevice.Protocols\bin\Release\net8.0\NetworkDevice.Protocols.dll
  NetworkDevice.Cisco -> C:\SPARC\src\NetworkDevice.Cisco\bin\Release\net8.0\NetworkDevice.Cisco.dll
  NetworkDevice.Tests -> C:\SPARC\tests\NetworkDevice.Tests\bin\Release\net8.0\NetworkDevice.Tests.dll
  NetworkDevice.UI -> C:\SPARC\src\NetworkDevice.UI\bin\Release\net8.0-windows\NetworkDevice.UI.dll
  NetworkDevice.Cli -> C:\SPARC\src\NetworkDevice.Cli\bin\Release\net8.0\NetworkDevice.Cli.dll

Compila├º├úo com ├¬xito.
    0 Aviso(s)
    0 Erro(s)

Tempo Decorrido 00:00:02.08
2026-08-26 16:11:45 [OK] Build Release concluido com sucesso.
2026-08-26 16:11:45 [*] Iniciando C:\SPARC\src\NetworkDevice.UI\bin\Release\net8.0-windows\NetworkDevice.UI.exe
2026-08-26 16:28:39 [*] Verificando e finalizando instancias antigas do SPARC...
2026-08-26 16:28:41 [*] Verificando atualizacoes no Git remoto...
2026-08-26 16:28:43 [*] Git ja atualizado.
2026-08-26 16:28:43 [*] Codigo fonte mais recente que os binarios (MainWindow.g.cs 08/26/2026 16:24:53 > 08/26/2026 13:57:54). Recompilando...
2026-08-26 16:28:43 [*] Compilando Release (dotnet build -c Release)...
  Determinando os projetos a serem restaurados...
  Todos os projetos est├úo atualizados para restaura├º├úo.
  NetworkDevice.Core -> C:\SPARC\src\NetworkDevice.Core\bin\Release\net8.0\NetworkDevice.Core.dll
  NetworkDevice.Protocols -> C:\SPARC\src\NetworkDevice.Protocols\bin\Release\net8.0\NetworkDevice.Protocols.dll
  NetworkDevice.Cisco -> C:\SPARC\src\NetworkDevice.Cisco\bin\Release\net8.0\NetworkDevice.Cisco.dll
  NetworkDevice.UI -> C:\SPARC\src\NetworkDevice.UI\bin\Release\net8.0-windows\NetworkDevice.UI.dll
  NetworkDevice.Cli -> C:\SPARC\src\NetworkDevice.Cli\bin\Release\net8.0\NetworkDevice.Cli.dll
  NetworkDevice.Tests -> C:\SPARC\tests\NetworkDevice.Tests\bin\Release\net8.0\NetworkDevice.Tests.dll

Compila├º├úo com ├¬xito.
    0 Aviso(s)
    0 Erro(s)

Tempo Decorrido 00:00:01.36
2026-08-26 16:28:45 [OK] Build Release concluido com sucesso.
2026-08-26 16:28:45 [*] Iniciando C:\SPARC\src\NetworkDevice.UI\bin\Release\net8.0-windows\NetworkDevice.UI.exe
2026-08-26 16:39:56 [*] Verificando e finalizando instancias antigas do SPARC...
2026-08-26 16:39:58 [*] Verificando atualizacoes no Git remoto...
2026-08-26 16:40:02 [*] Git ja atualizado.
2026-08-26 16:40:02 [*] Codigo fonte mais recente que os binarios (CiscoIOSUpgrader.cs 08/26/2026 16:39:20 > 08/26/2026 13:57:54). Recompilando...
2026-08-26 16:40:02 [*] Compilando Release (dotnet build -c Release)...
  Determinando os projetos a serem restaurados...
  Todos os projetos est├úo atualizados para restaura├º├úo.
  NetworkDevice.Core -> C:\SPARC\src\NetworkDevice.Core\bin\Release\net8.0\NetworkDevice.Core.dll
  NetworkDevice.Protocols -> C:\SPARC\src\NetworkDevice.Protocols\bin\Release\net8.0\NetworkDevice.Protocols.dll
  NetworkDevice.Cisco -> C:\SPARC\src\NetworkDevice.Cisco\bin\Release\net8.0\NetworkDevice.Cisco.dll
  NetworkDevice.Tests -> C:\SPARC\tests\NetworkDevice.Tests\bin\Release\net8.0\NetworkDevice.Tests.dll
  NetworkDevice.UI -> C:\SPARC\src\NetworkDevice.UI\bin\Release\net8.0-windows\NetworkDevice.UI.dll
  NetworkDevice.Cli -> C:\SPARC\src\NetworkDevice.Cli\bin\Release\net8.0\NetworkDevice.Cli.dll

Compila├º├úo com ├¬xito.
    0 Aviso(s)
    0 Erro(s)

Tempo Decorrido 00:00:05.51
2026-08-26 16:40:08 [OK] Build Release concluido com sucesso.
2026-08-26 16:40:08 [*] Iniciando C:\SPARC\src\NetworkDevice.UI\bin\Release\net8.0-windows\NetworkDevice.UI.exe
2026-08-26 16:44:28 [*] Verificando e finalizando instancias antigas do SPARC...
2026-08-26 16:44:30 [*] Verificando atualizacoes no Git remoto...
2026-08-26 16:44:35 [*] Git ja atualizado.
2026-08-26 16:44:36 [*] Codigo fonte mais recente que os binarios (MainWindow.g.cs 08/26/2026 16:41:35 > 08/26/2026 13:57:54). Recompilando...
2026-08-26 16:44:36 [*] Compilando Release (dotnet build -c Release)...
  Determinando os projetos a serem restaurados...
  Todos os projetos est├úo atualizados para restaura├º├úo.
  NetworkDevice.Core -> C:\SPARC\src\NetworkDevice.Core\bin\Release\net8.0\NetworkDevice.Core.dll
  NetworkDevice.Protocols -> C:\SPARC\src\NetworkDevice.Protocols\bin\Release\net8.0\NetworkDevice.Protocols.dll
  NetworkDevice.Cisco -> C:\SPARC\src\NetworkDevice.Cisco\bin\Release\net8.0\NetworkDevice.Cisco.dll
  NetworkDevice.Tests -> C:\SPARC\tests\NetworkDevice.Tests\bin\Release\net8.0\NetworkDevice.Tests.dll
  NetworkDevice.UI -> C:\SPARC\src\NetworkDevice.UI\bin\Release\net8.0-windows\NetworkDevice.UI.dll
  NetworkDevice.Cli -> C:\SPARC\src\NetworkDevice.Cli\bin\Release\net8.0\NetworkDevice.Cli.dll

Compila├º├úo com ├¬xito.
    0 Aviso(s)
    0 Erro(s)

Tempo Decorrido 00:00:01.31
2026-08-26 16:44:38 [OK] Build Release concluido com sucesso.
2026-08-26 16:44:38 [*] Iniciando C:\SPARC\src\NetworkDevice.UI\bin\Release\net8.0-windows\NetworkDevice.UI.exe
2026-08-26 16:54:12 [*] Verificando e finalizando instancias antigas do SPARC...
2026-08-26 16:54:14 [*] Verificando atualizacoes no Git remoto...
2026-08-26 16:54:17 [*] Git ja atualizado.
2026-08-26 16:54:17 [*] Codigo fonte mais recente que os binarios (CiscoIOSUpgrader.cs 08/26/2026 16:51:45 > 08/26/2026 13:57:54). Recompilando...
2026-08-26 16:54:17 [*] Compilando Release (dotnet build -c Release)...
  Determinando os projetos a serem restaurados...
  Todos os projetos est├úo atualizados para restaura├º├úo.
  NetworkDevice.Core -> C:\SPARC\src\NetworkDevice.Core\bin\Release\net8.0\NetworkDevice.Core.dll
  NetworkDevice.Protocols -> C:\SPARC\src\NetworkDevice.Protocols\bin\Release\net8.0\NetworkDevice.Protocols.dll
C:\SPARC\src\NetworkDevice.Cisco\CiscoIOSUpgrader.cs(560,17): warning CS8602: Desrefer├¬ncia de uma refer├¬ncia possivelmente nula. [C:\SPARC\src\NetworkDevice.Cisco\NetworkDevice.Cisco.csproj]
  NetworkDevice.Cisco -> C:\SPARC\src\NetworkDevice.Cisco\bin\Release\net8.0\NetworkDevice.Cisco.dll
  NetworkDevice.Cli -> C:\SPARC\src\NetworkDevice.Cli\bin\Release\net8.0\NetworkDevice.Cli.dll
  NetworkDevice.UI -> C:\SPARC\src\NetworkDevice.UI\bin\Release\net8.0-windows\NetworkDevice.UI.dll
  NetworkDevice.Tests -> C:\SPARC\tests\NetworkDevice.Tests\bin\Release\net8.0\NetworkDevice.Tests.dll

Compila├º├úo com ├¬xito.

C:\SPARC\src\NetworkDevice.Cisco\CiscoIOSUpgrader.cs(560,17): warning CS8602: Desrefer├¬ncia de uma refer├¬ncia possivelmente nula. [C:\SPARC\src\NetworkDevice.Cisco\NetworkDevice.Cisco.csproj]
    1 Aviso(s)
    0 Erro(s)

Tempo Decorrido 00:00:05.35
2026-08-26 16:54:24 [OK] Build Release concluido com sucesso.
2026-08-26 16:54:24 [*] Iniciando C:\SPARC\src\NetworkDevice.UI\bin\Release\net8.0-windows\NetworkDevice.UI.exe
2026-08-26 17:03:01 [*] Verificando e finalizando instancias antigas do SPARC...
2026-08-26 17:03:04 [*] Verificando atualizacoes no Git remoto...
2026-08-26 17:03:06 [*] Git ja atualizado.
2026-08-26 17:03:06 [*] Codigo fonte mais recente que os binarios (MainWindow.g.cs 08/26/2026 16:54:22 > 08/26/2026 13:57:54). Recompilando...
2026-08-26 17:03:06 [*] Compilando Release (dotnet build -c Release)...
  Determinando os projetos a serem restaurados...
  Todos os projetos est├úo atualizados para restaura├º├úo.
  NetworkDevice.Core -> C:\SPARC\src\NetworkDevice.Core\bin\Release\net8.0\NetworkDevice.Core.dll
  NetworkDevice.Protocols -> C:\SPARC\src\NetworkDevice.Protocols\bin\Release\net8.0\NetworkDevice.Protocols.dll
  NetworkDevice.Cisco -> C:\SPARC\src\NetworkDevice.Cisco\bin\Release\net8.0\NetworkDevice.Cisco.dll
  NetworkDevice.UI -> C:\SPARC\src\NetworkDevice.UI\bin\Release\net8.0-windows\NetworkDevice.UI.dll
  NetworkDevice.Cli -> C:\SPARC\src\NetworkDevice.Cli\bin\Release\net8.0\NetworkDevice.Cli.dll
  NetworkDevice.Tests -> C:\SPARC\tests\NetworkDevice.Tests\bin\Release\net8.0\NetworkDevice.Tests.dll

Compila├º├úo com ├¬xito.
    0 Aviso(s)
    0 Erro(s)

Tempo Decorrido 00:00:01.39
2026-08-26 17:03:08 [OK] Build Release concluido com sucesso.
2026-08-26 17:03:08 [*] Iniciando C:\SPARC\src\NetworkDevice.UI\bin\Release\net8.0-windows\NetworkDevice.UI.exe
2026-08-26 17:08:58 [*] Verificando e finalizando instancias antigas do SPARC...
2026-08-26 17:09:00 [*] Verificando atualizacoes no Git remoto...
2026-08-26 17:09:04 [*] Git ja atualizado.
2026-08-26 17:09:04 [*] Codigo fonte mais recente que os binarios (CiscoIOSUpgrader.cs 08/26/2026 17:07:13 > 08/26/2026 13:57:54). Recompilando...
2026-08-26 17:09:04 [*] Compilando Release (dotnet build -c Release)...
  Determinando os projetos a serem restaurados...
  Todos os projetos est├úo atualizados para restaura├º├úo.
  NetworkDevice.Core -> C:\SPARC\src\NetworkDevice.Core\bin\Release\net8.0\NetworkDevice.Core.dll
  NetworkDevice.Protocols -> C:\SPARC\src\NetworkDevice.Protocols\bin\Release\net8.0\NetworkDevice.Protocols.dll
C:\SPARC\src\NetworkDevice.Cisco\CiscoIOSUpgrader.cs(560,17): warning CS8602: Desrefer├¬ncia de uma refer├¬ncia possivelmente nula. [C:\SPARC\src\NetworkDevice.Cisco\NetworkDevice.Cisco.csproj]
  NetworkDevice.Cisco -> C:\SPARC\src\NetworkDevice.Cisco\bin\Release\net8.0\NetworkDevice.Cisco.dll
  NetworkDevice.Tests -> C:\SPARC\tests\NetworkDevice.Tests\bin\Release\net8.0\NetworkDevice.Tests.dll
  NetworkDevice.UI -> C:\SPARC\src\NetworkDevice.UI\bin\Release\net8.0-windows\NetworkDevice.UI.dll
  NetworkDevice.Cli -> C:\SPARC\src\NetworkDevice.Cli\bin\Release\net8.0\NetworkDevice.Cli.dll

Compila├º├úo com ├¬xito.

C:\SPARC\src\NetworkDevice.Cisco\CiscoIOSUpgrader.cs(560,17): warning CS8602: Desrefer├¬ncia de uma refer├¬ncia possivelmente nula. [C:\SPARC\src\NetworkDevice.Cisco\NetworkDevice.Cisco.csproj]
    1 Aviso(s)
    0 Erro(s)

Tempo Decorrido 00:00:05.01
2026-08-26 17:09:10 [OK] Build Release concluido com sucesso.
2026-08-26 17:09:10 [*] Iniciando C:\SPARC\src\NetworkDevice.UI\bin\Release\net8.0-windows\NetworkDevice.UI.exe
2026-08-26 17:12:32 [*] Verificando e finalizando instancias antigas do SPARC...
2026-08-26 17:12:34 [*] Verificando atualizacoes no Git remoto...
2026-08-26 17:12:38 [*] Git ja atualizado.
2026-08-26 17:12:38 [*] Codigo fonte mais recente que os binarios (MainWindow.g.cs 08/26/2026 17:09:08 > 08/26/2026 13:57:54). Recompilando...
2026-08-26 17:12:38 [*] Compilando Release (dotnet build -c Release)...
  Determinando os projetos a serem restaurados...
  Todos os projetos est├úo atualizados para restaura├º├úo.
  NetworkDevice.Core -> C:\SPARC\src\NetworkDevice.Core\bin\Release\net8.0\NetworkDevice.Core.dll
  NetworkDevice.Protocols -> C:\SPARC\src\NetworkDevice.Protocols\bin\Release\net8.0\NetworkDevice.Protocols.dll
  NetworkDevice.Cisco -> C:\SPARC\src\NetworkDevice.Cisco\bin\Release\net8.0\NetworkDevice.Cisco.dll
  NetworkDevice.UI -> C:\SPARC\src\NetworkDevice.UI\bin\Release\net8.0-windows\NetworkDevice.UI.dll
  NetworkDevice.Cli -> C:\SPARC\src\NetworkDevice.Cli\bin\Release\net8.0\NetworkDevice.Cli.dll
  NetworkDevice.Tests -> C:\SPARC\tests\NetworkDevice.Tests\bin\Release\net8.0\NetworkDevice.Tests.dll

Compila├º├úo com ├¬xito.
    0 Aviso(s)
    0 Erro(s)

Tempo Decorrido 00:00:01.31
2026-08-26 17:12:41 [OK] Build Release concluido com sucesso.
2026-08-26 17:12:41 [*] Iniciando C:\SPARC\src\NetworkDevice.UI\bin\Release\net8.0-windows\NetworkDevice.UI.exe
2026-08-26 17:25:56 [*] Verificando e finalizando instancias antigas do SPARC...
2026-08-26 17:25:58 [*] Verificando atualizacoes no Git remoto...
2026-08-26 17:26:02 [*] Git ja atualizado.
2026-08-26 17:26:02 [*] Codigo fonte mais recente que os binarios (CiscoIOSUpgrader.cs 08/26/2026 17:18:52 > 08/26/2026 13:57:54). Recompilando...
2026-08-26 17:26:02 [*] Compilando Release (dotnet build -c Release)...
  Determinando os projetos a serem restaurados...
  Todos os projetos est├úo atualizados para restaura├º├úo.
  NetworkDevice.Core -> C:\SPARC\src\NetworkDevice.Core\bin\Release\net8.0\NetworkDevice.Core.dll
  NetworkDevice.Protocols -> C:\SPARC\src\NetworkDevice.Protocols\bin\Release\net8.0\NetworkDevice.Protocols.dll
C:\SPARC\src\NetworkDevice.Cisco\CiscoIOSUpgrader.cs(560,17): warning CS8602: Desrefer├¬ncia de uma refer├¬ncia possivelmente nula. [C:\SPARC\src\NetworkDevice.Cisco\NetworkDevice.Cisco.csproj]
  NetworkDevice.Cisco -> C:\SPARC\src\NetworkDevice.Cisco\bin\Release\net8.0\NetworkDevice.Cisco.dll
  NetworkDevice.Tests -> C:\SPARC\tests\NetworkDevice.Tests\bin\Release\net8.0\NetworkDevice.Tests.dll
  NetworkDevice.UI -> C:\SPARC\src\NetworkDevice.UI\bin\Release\net8.0-windows\NetworkDevice.UI.dll
  NetworkDevice.Cli -> C:\SPARC\src\NetworkDevice.Cli\bin\Release\net8.0\NetworkDevice.Cli.dll

Compila├º├úo com ├¬xito.

C:\SPARC\src\NetworkDevice.Cisco\CiscoIOSUpgrader.cs(560,17): warning CS8602: Desrefer├¬ncia de uma refer├¬ncia possivelmente nula. [C:\SPARC\src\NetworkDevice.Cisco\NetworkDevice.Cisco.csproj]
    1 Aviso(s)
    0 Erro(s)

Tempo Decorrido 00:00:05.15
2026-08-26 17:26:08 [OK] Build Release concluido com sucesso.
2026-08-26 17:26:08 [*] Iniciando C:\SPARC\src\NetworkDevice.UI\bin\Release\net8.0-windows\NetworkDevice.UI.exe
2026-08-26 17:31:22 [*] Verificando e finalizando instancias antigas do SPARC...
2026-08-26 17:31:24 [*] Verificando atualizacoes no Git remoto...
2026-08-26 17:31:27 [*] Git ja atualizado.
2026-08-26 17:31:28 [*] Codigo fonte mais recente que os binarios (CiscoIOSUpgrader.cs 08/26/2026 17:30:08 > 08/26/2026 13:57:54). Recompilando...
2026-08-26 17:31:28 [*] Compilando Release (dotnet build -c Release)...
  Determinando os projetos a serem restaurados...
  Todos os projetos est├úo atualizados para restaura├º├úo.
  NetworkDevice.Core -> C:\SPARC\src\NetworkDevice.Core\bin\Release\net8.0\NetworkDevice.Core.dll
  NetworkDevice.Protocols -> C:\SPARC\src\NetworkDevice.Protocols\bin\Release\net8.0\NetworkDevice.Protocols.dll
C:\SPARC\src\NetworkDevice.Cisco\CiscoIOSUpgrader.cs(560,17): warning CS8602: Desrefer├¬ncia de uma refer├¬ncia possivelmente nula. [C:\SPARC\src\NetworkDevice.Cisco\NetworkDevice.Cisco.csproj]
  NetworkDevice.Cisco -> C:\SPARC\src\NetworkDevice.Cisco\bin\Release\net8.0\NetworkDevice.Cisco.dll
  NetworkDevice.Tests -> C:\SPARC\tests\NetworkDevice.Tests\bin\Release\net8.0\NetworkDevice.Tests.dll
  NetworkDevice.Cli -> C:\SPARC\src\NetworkDevice.Cli\bin\Release\net8.0\NetworkDevice.Cli.dll
  NetworkDevice.UI -> C:\SPARC\src\NetworkDevice.UI\bin\Release\net8.0-windows\NetworkDevice.UI.dll

Compila├º├úo com ├¬xito.

C:\SPARC\src\NetworkDevice.Cisco\CiscoIOSUpgrader.cs(560,17): warning CS8602: Desrefer├¬ncia de uma refer├¬ncia possivelmente nula. [C:\SPARC\src\NetworkDevice.Cisco\NetworkDevice.Cisco.csproj]
    1 Aviso(s)
    0 Erro(s)

Tempo Decorrido 00:00:03.94
2026-08-26 17:31:32 [OK] Build Release concluido com sucesso.
2026-08-26 17:31:32 [*] Iniciando C:\SPARC\src\NetworkDevice.UI\bin\Release\net8.0-windows\NetworkDevice.UI.exe
2026-08-26 17:32:37 [*] Verificando e finalizando instancias antigas do SPARC...
2026-08-26 17:32:39 [*] Verificando atualizacoes no Git remoto...
2026-08-26 17:32:44 [*] Git ja atualizado.
2026-08-26 17:32:44 [*] Codigo fonte mais recente que os binarios (MainWindow.g.cs 08/26/2026 17:31:30 > 08/26/2026 13:57:54). Recompilando...
2026-08-26 17:32:44 [*] Compilando Release (dotnet build -c Release)...
  Determinando os projetos a serem restaurados...
  Todos os projetos est├úo atualizados para restaura├º├úo.
  NetworkDevice.Core -> C:\SPARC\src\NetworkDevice.Core\bin\Release\net8.0\NetworkDevice.Core.dll
  NetworkDevice.Protocols -> C:\SPARC\src\NetworkDevice.Protocols\bin\Release\net8.0\NetworkDevice.Protocols.dll
  NetworkDevice.Cisco -> C:\SPARC\src\NetworkDevice.Cisco\bin\Release\net8.0\NetworkDevice.Cisco.dll
  NetworkDevice.UI -> C:\SPARC\src\NetworkDevice.UI\bin\Release\net8.0-windows\NetworkDevice.UI.dll
  NetworkDevice.Cli -> C:\SPARC\src\NetworkDevice.Cli\bin\Release\net8.0\NetworkDevice.Cli.dll
  NetworkDevice.Tests -> C:\SPARC\tests\NetworkDevice.Tests\bin\Release\net8.0\NetworkDevice.Tests.dll

Compila├º├úo com ├¬xito.
    0 Aviso(s)
    0 Erro(s)

Tempo Decorrido 00:00:01.32
2026-08-26 17:32:47 [OK] Build Release concluido com sucesso.
2026-08-26 17:32:47 [*] Iniciando C:\SPARC\src\NetworkDevice.UI\bin\Release\net8.0-windows\NetworkDevice.UI.exe
2026-08-26 17:38:41 [*] Verificando e finalizando instancias antigas do SPARC...
2026-08-26 17:38:42 [*] Verificando atualizacoes no Git remoto...
2026-08-26 17:38:44 [*] Git ja atualizado.
2026-08-26 17:38:44 [*] Codigo fonte mais recente que os binarios (MainWindow.g.cs 08/26/2026 17:31:30 > 08/26/2026 13:57:54). Recompilando...
2026-08-26 17:38:44 [*] Compilando Release (dotnet build -c Release)...
  Determinando os projetos a serem restaurados...
  Todos os projetos est├úo atualizados para restaura├º├úo.
  NetworkDevice.Core -> C:\SPARC\src\NetworkDevice.Core\bin\Release\net8.0\NetworkDevice.Core.dll
  NetworkDevice.Protocols -> C:\SPARC\src\NetworkDevice.Protocols\bin\Release\net8.0\NetworkDevice.Protocols.dll
  NetworkDevice.Cisco -> C:\SPARC\src\NetworkDevice.Cisco\bin\Release\net8.0\NetworkDevice.Cisco.dll
  NetworkDevice.UI -> C:\SPARC\src\NetworkDevice.UI\bin\Release\net8.0-windows\NetworkDevice.UI.dll
  NetworkDevice.Cli -> C:\SPARC\src\NetworkDevice.Cli\bin\Release\net8.0\NetworkDevice.Cli.dll
  NetworkDevice.Tests -> C:\SPARC\tests\NetworkDevice.Tests\bin\Release\net8.0\NetworkDevice.Tests.dll

Compila├º├úo com ├¬xito.
    0 Aviso(s)
    0 Erro(s)

Tempo Decorrido 00:00:01.29
2026-08-26 17:38:46 [OK] Build Release concluido com sucesso.
2026-08-26 17:38:46 [*] Iniciando C:\SPARC\src\NetworkDevice.UI\bin\Release\net8.0-windows\NetworkDevice.UI.exe
2026-08-26 17:54:16 [*] Verificando e finalizando instancias antigas do SPARC...
2026-08-26 17:54:19 [*] Verificando atualizacoes no Git remoto...
2026-08-26 17:54:22 [*] Git ja atualizado.
2026-08-26 17:54:22 [*] Codigo fonte mais recente que os binarios (CiscoIOSUpgrader.cs 08/26/2026 17:47:54 > 08/26/2026 13:57:54). Recompilando...
2026-08-26 17:54:22 [*] Compilando Release (dotnet build -c Release)...
  Determinando os projetos a serem restaurados...
  Todos os projetos est├úo atualizados para restaura├º├úo.
  NetworkDevice.Core -> C:\SPARC\src\NetworkDevice.Core\bin\Release\net8.0\NetworkDevice.Core.dll
  NetworkDevice.Protocols -> C:\SPARC\src\NetworkDevice.Protocols\bin\Release\net8.0\NetworkDevice.Protocols.dll
C:\SPARC\src\NetworkDevice.Cisco\CiscoIOSUpgrader.cs(560,17): warning CS8602: Desrefer├¬ncia de uma refer├¬ncia possivelmente nula. [C:\SPARC\src\NetworkDevice.Cisco\NetworkDevice.Cisco.csproj]
  NetworkDevice.Cisco -> C:\SPARC\src\NetworkDevice.Cisco\bin\Release\net8.0\NetworkDevice.Cisco.dll
  NetworkDevice.UI -> C:\SPARC\src\NetworkDevice.UI\bin\Release\net8.0-windows\NetworkDevice.UI.dll
  NetworkDevice.Tests -> C:\SPARC\tests\NetworkDevice.Tests\bin\Release\net8.0\NetworkDevice.Tests.dll
  NetworkDevice.Cli -> C:\SPARC\src\NetworkDevice.Cli\bin\Release\net8.0\NetworkDevice.Cli.dll

Compila├º├úo com ├¬xito.

C:\SPARC\src\NetworkDevice.Cisco\CiscoIOSUpgrader.cs(560,17): warning CS8602: Desrefer├¬ncia de uma refer├¬ncia possivelmente nula. [C:\SPARC\src\NetworkDevice.Cisco\NetworkDevice.Cisco.csproj]
    1 Aviso(s)
    0 Erro(s)

Tempo Decorrido 00:00:06.85
2026-08-26 17:54:30 [OK] Build Release concluido com sucesso.
2026-08-26 17:54:30 [*] Iniciando C:\SPARC\src\NetworkDevice.UI\bin\Release\net8.0-windows\NetworkDevice.UI.exe
2026-08-26 18:01:59 [*] Verificando e finalizando instancias antigas do SPARC...
2026-08-26 18:02:01 [*] Verificando atualizacoes no Git remoto...
2026-08-26 18:02:04 [*] Git ja atualizado.
2026-08-26 18:02:04 [*] Codigo fonte mais recente que os binarios (CiscoIOSUpgrader.cs 08/26/2026 17:59:18 > 08/26/2026 13:57:54). Recompilando...
2026-08-26 18:02:04 [*] Compilando Release (dotnet build -c Release)...
  Determinando os projetos a serem restaurados...
  Todos os projetos est├úo atualizados para restaura├º├úo.
  NetworkDevice.Core -> C:\SPARC\src\NetworkDevice.Core\bin\Release\net8.0\NetworkDevice.Core.dll
  NetworkDevice.Protocols -> C:\SPARC\src\NetworkDevice.Protocols\bin\Release\net8.0\NetworkDevice.Protocols.dll
C:\SPARC\src\NetworkDevice.Cisco\CiscoIOSUpgrader.cs(560,17): warning CS8602: Desrefer├¬ncia de uma refer├¬ncia possivelmente nula. [C:\SPARC\src\NetworkDevice.Cisco\NetworkDevice.Cisco.csproj]
  NetworkDevice.Cisco -> C:\SPARC\src\NetworkDevice.Cisco\bin\Release\net8.0\NetworkDevice.Cisco.dll
  NetworkDevice.UI -> C:\SPARC\src\NetworkDevice.UI\bin\Release\net8.0-windows\NetworkDevice.UI.dll
  NetworkDevice.Cli -> C:\SPARC\src\NetworkDevice.Cli\bin\Release\net8.0\NetworkDevice.Cli.dll
  NetworkDevice.Tests -> C:\SPARC\tests\NetworkDevice.Tests\bin\Release\net8.0\NetworkDevice.Tests.dll

Compila├º├úo com ├¬xito.

C:\SPARC\src\NetworkDevice.Cisco\CiscoIOSUpgrader.cs(560,17): warning CS8602: Desrefer├¬ncia de uma refer├¬ncia possivelmente nula. [C:\SPARC\src\NetworkDevice.Cisco\NetworkDevice.Cisco.csproj]
    1 Aviso(s)
    0 Erro(s)

Tempo Decorrido 00:00:04.10
2026-08-26 18:02:09 [OK] Build Release concluido com sucesso.
2026-08-26 18:02:09 [*] Iniciando C:\SPARC\src\NetworkDevice.UI\bin\Release\net8.0-windows\NetworkDevice.UI.exe
2026-08-26 18:03:33 [*] Verificando e finalizando instancias antigas do SPARC...
2026-08-26 18:03:35 [*] Verificando atualizacoes no Git remoto...
2026-08-26 18:03:40 [*] Git ja atualizado.
2026-08-26 18:03:40 [*] Codigo fonte mais recente que os binarios (MainWindow.g.cs 08/26/2026 18:02:08 > 08/26/2026 13:57:54). Recompilando...
2026-08-26 18:03:40 [*] Compilando Release (dotnet build -c Release)...
  Determinando os projetos a serem restaurados...
  Todos os projetos est├úo atualizados para restaura├º├úo.
  NetworkDevice.Core -> C:\SPARC\src\NetworkDevice.Core\bin\Release\net8.0\NetworkDevice.Core.dll
  NetworkDevice.Protocols -> C:\SPARC\src\NetworkDevice.Protocols\bin\Release\net8.0\NetworkDevice.Protocols.dll
  NetworkDevice.Cisco -> C:\SPARC\src\NetworkDevice.Cisco\bin\Release\net8.0\NetworkDevice.Cisco.dll
  NetworkDevice.UI -> C:\SPARC\src\NetworkDevice.UI\bin\Release\net8.0-windows\NetworkDevice.UI.dll
  NetworkDevice.Cli -> C:\SPARC\src\NetworkDevice.Cli\bin\Release\net8.0\NetworkDevice.Cli.dll
  NetworkDevice.Tests -> C:\SPARC\tests\NetworkDevice.Tests\bin\Release\net8.0\NetworkDevice.Tests.dll

Compila├º├úo com ├¬xito.
    0 Aviso(s)
    0 Erro(s)

Tempo Decorrido 00:00:01.35
2026-08-26 18:03:42 [OK] Build Release concluido com sucesso.
2026-08-26 18:03:42 [*] Iniciando C:\SPARC\src\NetworkDevice.UI\bin\Release\net8.0-windows\NetworkDevice.UI.exe
2026-08-26 18:10:51 [*] Verificando e finalizando instancias antigas do SPARC...
2026-08-26 18:10:53 [*] Verificando atualizacoes no Git remoto...
2026-08-26 18:10:54 [*] Git ja atualizado.
2026-08-26 18:10:54 [*] Codigo fonte mais recente que os binarios (MainWindow.g.cs 08/26/2026 18:02:08 > 08/26/2026 13:57:54). Recompilando...
2026-08-26 18:10:54 [*] Compilando Release (dotnet build -c Release)...
  Determinando os projetos a serem restaurados...
  Todos os projetos est├úo atualizados para restaura├º├úo.
  NetworkDevice.Core -> C:\SPARC\src\NetworkDevice.Core\bin\Release\net8.0\NetworkDevice.Core.dll
  NetworkDevice.Protocols -> C:\SPARC\src\NetworkDevice.Protocols\bin\Release\net8.0\NetworkDevice.Protocols.dll
  NetworkDevice.Cisco -> C:\SPARC\src\NetworkDevice.Cisco\bin\Release\net8.0\NetworkDevice.Cisco.dll
  NetworkDevice.Tests -> C:\SPARC\tests\NetworkDevice.Tests\bin\Release\net8.0\NetworkDevice.Tests.dll
  NetworkDevice.UI -> C:\SPARC\src\NetworkDevice.UI\bin\Release\net8.0-windows\NetworkDevice.UI.dll
  NetworkDevice.Cli -> C:\SPARC\src\NetworkDevice.Cli\bin\Release\net8.0\NetworkDevice.Cli.dll

Compila├º├úo com ├¬xito.
    0 Aviso(s)
    0 Erro(s)

Tempo Decorrido 00:00:01.39
2026-08-26 18:10:57 [OK] Build Release concluido com sucesso.
2026-08-26 18:10:57 [*] Iniciando C:\SPARC\src\NetworkDevice.UI\bin\Release\net8.0-windows\NetworkDevice.UI.exe
2026-08-27 08:52:20 [*] Verificando e finalizando instancias antigas do SPARC...
2026-08-27 08:52:21 [*] Verificando atualizacoes no Git remoto...
2026-08-27 08:52:24 [*] Git ja atualizado.
2026-08-27 08:52:24 [*] Codigo fonte mais recente que os binarios (MainWindow.g.cs 08/26/2026 18:02:08 > 08/26/2026 13:57:54). Recompilando...
2026-08-27 08:52:24 [*] Compilando Release (dotnet build -c Release)...
  Determinando os projetos a serem restaurados...
  Todos os projetos est├úo atualizados para restaura├º├úo.
  NetworkDevice.Core -> C:\SPARC\src\NetworkDevice.Core\bin\Release\net8.0\NetworkDevice.Core.dll
  NetworkDevice.Protocols -> C:\SPARC\src\NetworkDevice.Protocols\bin\Release\net8.0\NetworkDevice.Protocols.dll
  NetworkDevice.Cisco -> C:\SPARC\src\NetworkDevice.Cisco\bin\Release\net8.0\NetworkDevice.Cisco.dll
  NetworkDevice.UI -> C:\SPARC\src\NetworkDevice.UI\bin\Release\net8.0-windows\NetworkDevice.UI.dll
  NetworkDevice.Cli -> C:\SPARC\src\NetworkDevice.Cli\bin\Release\net8.0\NetworkDevice.Cli.dll
  NetworkDevice.Tests -> C:\SPARC\tests\NetworkDevice.Tests\bin\Release\net8.0\NetworkDevice.Tests.dll

Compila├º├úo com ├¬xito.
    0 Aviso(s)
    0 Erro(s)

Tempo Decorrido 00:00:03.49
2026-08-27 08:52:30 [OK] Build Release concluido com sucesso.
2026-08-27 08:52:30 [*] Iniciando C:\SPARC\src\NetworkDevice.UI\bin\Release\net8.0-windows\NetworkDevice.UI.exe
2026-08-27 09:14:46 [*] Verificando e finalizando instancias antigas do SPARC...
2026-08-27 09:14:48 [*] Verificando atualizacoes no Git remoto...
2026-08-27 09:14:52 [*] Git ja atualizado.
2026-08-27 09:14:52 [*] Codigo fonte mais recente que os binarios (MainWindow.g.cs 08/26/2026 18:02:08 > 08/26/2026 13:57:54). Recompilando...
2026-08-27 09:14:52 [*] Compilando Release (dotnet build -c Release)...
  Determinando os projetos a serem restaurados...
  Todos os projetos est├úo atualizados para restaura├º├úo.
  NetworkDevice.Core -> C:\SPARC\src\NetworkDevice.Core\bin\Release\net8.0\NetworkDevice.Core.dll
  NetworkDevice.Protocols -> C:\SPARC\src\NetworkDevice.Protocols\bin\Release\net8.0\NetworkDevice.Protocols.dll
  NetworkDevice.Cisco -> C:\SPARC\src\NetworkDevice.Cisco\bin\Release\net8.0\NetworkDevice.Cisco.dll
  NetworkDevice.UI -> C:\SPARC\src\NetworkDevice.UI\bin\Release\net8.0-windows\NetworkDevice.UI.dll
  NetworkDevice.Cli -> C:\SPARC\src\NetworkDevice.Cli\bin\Release\net8.0\NetworkDevice.Cli.dll
  NetworkDevice.Tests -> C:\SPARC\tests\NetworkDevice.Tests\bin\Release\net8.0\NetworkDevice.Tests.dll

Compila├º├úo com ├¬xito.
    0 Aviso(s)
    0 Erro(s)

Tempo Decorrido 00:00:02.82
2026-08-27 09:14:56 [OK] Build Release concluido com sucesso.
2026-08-27 09:14:56 [*] Iniciando C:\SPARC\src\NetworkDevice.UI\bin\Release\net8.0-windows\NetworkDevice.UI.exe
2026-08-27 09:16:14 [*] Verificando e finalizando instancias antigas do SPARC...
2026-08-27 09:16:16 [*] Verificando atualizacoes no Git remoto...
2026-08-27 09:16:19 [*] Git ja atualizado.
2026-08-27 09:16:19 [*] Codigo fonte mais recente que os binarios (MainWindow.g.cs 08/26/2026 18:02:08 > 08/26/2026 13:57:54). Recompilando...
2026-08-27 09:16:19 [*] Compilando Release (dotnet build -c Release)...
  Determinando os projetos a serem restaurados...
  Todos os projetos est├úo atualizados para restaura├º├úo.
  NetworkDevice.Core -> C:\SPARC\src\NetworkDevice.Core\bin\Release\net8.0\NetworkDevice.Core.dll
  NetworkDevice.Protocols -> C:\SPARC\src\NetworkDevice.Protocols\bin\Release\net8.0\NetworkDevice.Protocols.dll
  NetworkDevice.Cisco -> C:\SPARC\src\NetworkDevice.Cisco\bin\Release\net8.0\NetworkDevice.Cisco.dll
  NetworkDevice.UI -> C:\SPARC\src\NetworkDevice.UI\bin\Release\net8.0-windows\NetworkDevice.UI.dll
  NetworkDevice.Cli -> C:\SPARC\src\NetworkDevice.Cli\bin\Release\net8.0\NetworkDevice.Cli.dll
  NetworkDevice.Tests -> C:\SPARC\tests\NetworkDevice.Tests\bin\Release\net8.0\NetworkDevice.Tests.dll

Compila├º├úo com ├¬xito.
    0 Aviso(s)
    0 Erro(s)

Tempo Decorrido 00:00:01.61
2026-08-27 09:16:22 [OK] Build Release concluido com sucesso.
2026-08-27 09:16:22 [*] Iniciando C:\SPARC\src\NetworkDevice.UI\bin\Release\net8.0-windows\NetworkDevice.UI.exe
2026-08-27 09:28:25 [*] Verificando e finalizando instancias antigas do SPARC...
2026-08-27 09:28:26 [*] Verificando atualizacoes no Git remoto...
2026-08-27 09:29:36 [*] Codigo fonte mais recente que os binarios (MainWindow.g.cs 08/26/2026 18:02:08 > 08/26/2026 13:57:54). Recompilando...
2026-08-27 09:29:36 [*] Compilando Release (dotnet build -c Release)...
  Determinando os projetos a serem restaurados...
  Todos os projetos est├úo atualizados para restaura├º├úo.
  NetworkDevice.Core -> C:\SPARC\src\NetworkDevice.Core\bin\Release\net8.0\NetworkDevice.Core.dll
  NetworkDevice.Protocols -> C:\SPARC\src\NetworkDevice.Protocols\bin\Release\net8.0\NetworkDevice.Protocols.dll
  NetworkDevice.Cisco -> C:\SPARC\src\NetworkDevice.Cisco\bin\Release\net8.0\NetworkDevice.Cisco.dll
  NetworkDevice.Tests -> C:\SPARC\tests\NetworkDevice.Tests\bin\Release\net8.0\NetworkDevice.Tests.dll
  NetworkDevice.UI -> C:\SPARC\src\NetworkDevice.UI\bin\Release\net8.0-windows\NetworkDevice.UI.dll
  NetworkDevice.Cli -> C:\SPARC\src\NetworkDevice.Cli\bin\Release\net8.0\NetworkDevice.Cli.dll

Compila├º├úo com ├¬xito.
    0 Aviso(s)
    0 Erro(s)

Tempo Decorrido 00:00:01.41
2026-08-27 09:29:40 [OK] Build Release concluido com sucesso.
2026-08-27 09:29:40 [*] Iniciando C:\SPARC\src\NetworkDevice.UI\bin\Release\net8.0-windows\NetworkDevice.UI.exe
2026-08-27 09:35:49 [*] Verificando e finalizando instancias antigas do SPARC...
2026-08-27 09:35:51 [*] Verificando atualizacoes no Git remoto...
2026-08-27 09:36:06 [*] Git ja atualizado.
2026-08-27 09:36:06 [*] Codigo fonte mais recente que os binarios (MainWindow.xaml.cs 08/27/2026 09:33:35 > 08/26/2026 13:57:54). Recompilando...
2026-08-27 09:36:06 [*] Compilando Release (dotnet build -c Release)...
  Determinando os projetos a serem restaurados...
  Todos os projetos est├úo atualizados para restaura├º├úo.
  NetworkDevice.Core -> C:\SPARC\src\NetworkDevice.Core\bin\Release\net8.0\NetworkDevice.Core.dll
  NetworkDevice.Protocols -> C:\SPARC\src\NetworkDevice.Protocols\bin\Release\net8.0\NetworkDevice.Protocols.dll
C:\SPARC\src\NetworkDevice.Cisco\CiscoIOSUpgrader.cs(560,17): warning CS8602: Desrefer├¬ncia de uma refer├¬ncia possivelmente nula. [C:\SPARC\src\NetworkDevice.Cisco\NetworkDevice.Cisco.csproj]
  NetworkDevice.Cisco -> C:\SPARC\src\NetworkDevice.Cisco\bin\Release\net8.0\NetworkDevice.Cisco.dll
  NetworkDevice.UI -> C:\SPARC\src\NetworkDevice.UI\bin\Release\net8.0-windows\NetworkDevice.UI.dll
  NetworkDevice.Cli -> C:\SPARC\src\NetworkDevice.Cli\bin\Release\net8.0\NetworkDevice.Cli.dll
  NetworkDevice.Tests -> C:\SPARC\tests\NetworkDevice.Tests\bin\Release\net8.0\NetworkDevice.Tests.dll

Compila├º├úo com ├¬xito.

C:\SPARC\src\NetworkDevice.Cisco\CiscoIOSUpgrader.cs(560,17): warning CS8602: Desrefer├¬ncia de uma refer├¬ncia possivelmente nula. [C:\SPARC\src\NetworkDevice.Cisco\NetworkDevice.Cisco.csproj]
    1 Aviso(s)
    0 Erro(s)

Tempo Decorrido 00:00:03.89
2026-08-27 09:36:11 [OK] Build Release concluido com sucesso.
2026-08-27 09:36:11 [*] Iniciando C:\SPARC\src\NetworkDevice.UI\bin\Release\net8.0-windows\NetworkDevice.UI.exe
2026-08-27 09:45:45 [*] Verificando e finalizando instancias antigas do SPARC...
2026-08-27 09:45:47 [*] Verificando atualizacoes no Git remoto...
2026-08-27 09:45:59 [*] Git ja atualizado.
2026-08-27 09:45:59 [*] Codigo fonte mais recente que os binarios (MainWindow.g.cs 08/27/2026 09:36:09 > 08/26/2026 13:57:54). Recompilando...
2026-08-27 09:45:59 [*] Compilando Release (dotnet build -c Release)...
  Determinando os projetos a serem restaurados...
  Todos os projetos est├úo atualizados para restaura├º├úo.
  NetworkDevice.Core -> C:\SPARC\src\NetworkDevice.Core\bin\Release\net8.0\NetworkDevice.Core.dll
  NetworkDevice.Protocols -> C:\SPARC\src\NetworkDevice.Protocols\bin\Release\net8.0\NetworkDevice.Protocols.dll
  NetworkDevice.Cisco -> C:\SPARC\src\NetworkDevice.Cisco\bin\Release\net8.0\NetworkDevice.Cisco.dll
  NetworkDevice.UI -> C:\SPARC\src\NetworkDevice.UI\bin\Release\net8.0-windows\NetworkDevice.UI.dll
  NetworkDevice.Cli -> C:\SPARC\src\NetworkDevice.Cli\bin\Release\net8.0\NetworkDevice.Cli.dll
  NetworkDevice.Tests -> C:\SPARC\tests\NetworkDevice.Tests\bin\Release\net8.0\NetworkDevice.Tests.dll

Compila├º├úo com ├¬xito.
    0 Aviso(s)
    0 Erro(s)

Tempo Decorrido 00:00:01.29
2026-08-27 09:46:01 [OK] Build Release concluido com sucesso.
2026-08-27 09:46:01 [*] Iniciando C:\SPARC\src\NetworkDevice.UI\bin\Release\net8.0-windows\NetworkDevice.UI.exe
2026-08-27 10:12:27 [*] Verificando e finalizando instancias antigas do SPARC...
2026-08-27 10:12:27 [*] Verificando atualizacoes no Git remoto...
2026-08-27 10:12:40 [*] Git ja atualizado.
2026-08-27 10:12:40 [*] Codigo fonte mais recente que os binarios (CiscoIOSUpgrader.cs 08/27/2026 10:09:14 > 08/26/2026 13:57:54). Recompilando...
2026-08-27 10:12:40 [*] Compilando Release (dotnet build -c Release)...
  Determinando os projetos a serem restaurados...
  Todos os projetos est├úo atualizados para restaura├º├úo.
  NetworkDevice.Core -> C:\SPARC\src\NetworkDevice.Core\bin\Release\net8.0\NetworkDevice.Core.dll
  NetworkDevice.Protocols -> C:\SPARC\src\NetworkDevice.Protocols\bin\Release\net8.0\NetworkDevice.Protocols.dll
  NetworkDevice.Cisco -> C:\SPARC\src\NetworkDevice.Cisco\bin\Release\net8.0\NetworkDevice.Cisco.dll
  NetworkDevice.Cli -> C:\SPARC\src\NetworkDevice.Cli\bin\Release\net8.0\NetworkDevice.Cli.dll
  NetworkDevice.UI -> C:\SPARC\src\NetworkDevice.UI\bin\Release\net8.0-windows\NetworkDevice.UI.dll
  NetworkDevice.Tests -> C:\SPARC\tests\NetworkDevice.Tests\bin\Release\net8.0\NetworkDevice.Tests.dll

Compila├º├úo com ├¬xito.
    0 Aviso(s)
    0 Erro(s)

Tempo Decorrido 00:00:17.49
2026-08-27 10:12:58 [OK] Build Release concluido com sucesso.
2026-08-27 10:12:58 [*] Iniciando C:\SPARC\src\NetworkDevice.UI\bin\Release\net8.0-windows\NetworkDevice.UI.exe
2026-08-27 10:18:55 [*] Verificando e finalizando instancias antigas do SPARC...
2026-08-27 10:18:55 [*] Verificando atualizacoes no Git remoto...
2026-08-27 10:18:57 [*] Git ja atualizado.
2026-08-27 10:18:57 [*] Codigo fonte mais recente que os binarios (CiscoIOSUpgrader.cs 08/27/2026 10:17:55 > 08/26/2026 13:57:54). Recompilando...
2026-08-27 10:18:57 [*] Compilando Release (dotnet build -c Release)...
  Determinando os projetos a serem restaurados...
  Todos os projetos est├úo atualizados para restaura├º├úo.
  NetworkDevice.Core -> C:\SPARC\src\NetworkDevice.Core\bin\Release\net8.0\NetworkDevice.Core.dll
  NetworkDevice.Protocols -> C:\SPARC\src\NetworkDevice.Protocols\bin\Release\net8.0\NetworkDevice.Protocols.dll
  NetworkDevice.Cisco -> C:\SPARC\src\NetworkDevice.Cisco\bin\Release\net8.0\NetworkDevice.Cisco.dll
  NetworkDevice.Tests -> C:\SPARC\tests\NetworkDevice.Tests\bin\Release\net8.0\NetworkDevice.Tests.dll
  NetworkDevice.UI -> C:\SPARC\src\NetworkDevice.UI\bin\Release\net8.0-windows\NetworkDevice.UI.dll
  NetworkDevice.Cli -> C:\SPARC\src\NetworkDevice.Cli\bin\Release\net8.0\NetworkDevice.Cli.dll

Compila├º├úo com ├¬xito.
    0 Aviso(s)
    0 Erro(s)

Tempo Decorrido 00:00:02.44
2026-08-27 10:19:00 [OK] Build Release concluido com sucesso.
2026-08-27 10:19:00 [*] Iniciando C:\SPARC\src\NetworkDevice.UI\bin\Release\net8.0-windows\NetworkDevice.UI.exe
2026-08-27 10:29:23 [*] Verificando e finalizando instancias antigas do SPARC...
2026-08-27 10:29:24 [*] Verificando atualizacoes no Git remoto...
2026-08-27 10:29:25 [*] Git ja atualizado.
2026-08-27 10:29:26 [*] Codigo fonte mais recente que os binarios (HostNetworkManager.cs 08/27/2026 10:23:49 > 08/26/2026 13:57:54). Recompilando...
2026-08-27 10:29:26 [*] Compilando Release (dotnet build -c Release)...
  Determinando os projetos a serem restaurados...
  Todos os projetos est├úo atualizados para restaura├º├úo.
  NetworkDevice.Core -> C:\SPARC\src\NetworkDevice.Core\bin\Release\net8.0\NetworkDevice.Core.dll
  NetworkDevice.Protocols -> C:\SPARC\src\NetworkDevice.Protocols\bin\Release\net8.0\NetworkDevice.Protocols.dll
  NetworkDevice.Cisco -> C:\SPARC\src\NetworkDevice.Cisco\bin\Release\net8.0\NetworkDevice.Cisco.dll
  NetworkDevice.Cli -> C:\SPARC\src\NetworkDevice.Cli\bin\Release\net8.0\NetworkDevice.Cli.dll
  NetworkDevice.UI -> C:\SPARC\src\NetworkDevice.UI\bin\Release\net8.0-windows\NetworkDevice.UI.dll
  NetworkDevice.Tests -> C:\SPARC\tests\NetworkDevice.Tests\bin\Release\net8.0\NetworkDevice.Tests.dll

Compila├º├úo com ├¬xito.
    0 Aviso(s)
    0 Erro(s)

Tempo Decorrido 00:00:02.20
2026-08-27 10:29:29 [OK] Build Release concluido com sucesso.
2026-08-27 10:29:29 [*] Iniciando C:\SPARC\src\NetworkDevice.UI\bin\Release\net8.0-windows\NetworkDevice.UI.exe
2026-08-27 10:32:15 [*] Verificando e finalizando instancias antigas do SPARC...
2026-08-27 10:32:16 [*] Verificando atualizacoes no Git remoto...
2026-08-27 10:32:17 [*] Git ja atualizado.
2026-08-27 10:32:17 [*] Codigo fonte mais recente que os binarios (CiscoIOSUpgrader.cs 08/27/2026 10:31:48 > 08/27/2026 10:24:31). Recompilando...
2026-08-27 10:32:17 [*] Compilando Release (dotnet build -c Release)...
  Determinando os projetos a serem restaurados...
  Todos os projetos est├úo atualizados para restaura├º├úo.
  NetworkDevice.Core -> C:\SPARC\src\NetworkDevice.Core\bin\Release\net8.0\NetworkDevice.Core.dll
  NetworkDevice.Protocols -> C:\SPARC\src\NetworkDevice.Protocols\bin\Release\net8.0\NetworkDevice.Protocols.dll
  NetworkDevice.Cisco -> C:\SPARC\src\NetworkDevice.Cisco\bin\Release\net8.0\NetworkDevice.Cisco.dll
  NetworkDevice.Tests -> C:\SPARC\tests\NetworkDevice.Tests\bin\Release\net8.0\NetworkDevice.Tests.dll
  NetworkDevice.UI -> C:\SPARC\src\NetworkDevice.UI\bin\Release\net8.0-windows\NetworkDevice.UI.dll
  NetworkDevice.Cli -> C:\SPARC\src\NetworkDevice.Cli\bin\Release\net8.0\NetworkDevice.Cli.dll

Compila├º├úo com ├¬xito.
    0 Aviso(s)
    0 Erro(s)

Tempo Decorrido 00:00:02.17
2026-08-27 10:32:20 [OK] Build Release concluido com sucesso.
2026-08-27 10:32:20 [*] Iniciando C:\SPARC\src\NetworkDevice.UI\bin\Release\net8.0-windows\NetworkDevice.UI.exe
2026-08-27 10:34:46 [*] Verificando e finalizando instancias antigas do SPARC...
2026-08-27 10:34:48 [*] Verificando atualizacoes no Git remoto...
2026-08-27 10:34:49 [*] Git ja atualizado.
2026-08-27 10:34:49 [*] Codigo fonte mais recente que os binarios (CiscoIOSUpgrader.cs 08/27/2026 10:34:19 > 08/27/2026 10:24:31). Recompilando...
2026-08-27 10:34:49 [*] Compilando Release (dotnet build -c Release)...
  Determinando os projetos a serem restaurados...
  Todos os projetos est├úo atualizados para restaura├º├úo.
  NetworkDevice.Core -> C:\SPARC\src\NetworkDevice.Core\bin\Release\net8.0\NetworkDevice.Core.dll
  NetworkDevice.Protocols -> C:\SPARC\src\NetworkDevice.Protocols\bin\Release\net8.0\NetworkDevice.Protocols.dll
  NetworkDevice.Cisco -> C:\SPARC\src\NetworkDevice.Cisco\bin\Release\net8.0\NetworkDevice.Cisco.dll
  NetworkDevice.Tests -> C:\SPARC\tests\NetworkDevice.Tests\bin\Release\net8.0\NetworkDevice.Tests.dll
  NetworkDevice.UI -> C:\SPARC\src\NetworkDevice.UI\bin\Release\net8.0-windows\NetworkDevice.UI.dll
  NetworkDevice.Cli -> C:\SPARC\src\NetworkDevice.Cli\bin\Release\net8.0\NetworkDevice.Cli.dll

Compila├º├úo com ├¬xito.
    0 Aviso(s)
    0 Erro(s)

Tempo Decorrido 00:00:02.17
2026-08-27 10:34:52 [OK] Build Release concluido com sucesso.
2026-08-27 10:34:52 [*] Iniciando C:\SPARC\src\NetworkDevice.UI\bin\Release\net8.0-windows\NetworkDevice.UI.exe
2026-08-27 10:37:38 [*] Verificando e finalizando instancias antigas do SPARC...
2026-08-27 10:37:40 [*] Verificando atualizacoes no Git remoto...
2026-08-27 10:37:42 [*] Git ja atualizado.
2026-08-27 10:37:42 [*] Codigo fonte mais recente que os binarios (MainWindow.g.cs 08/27/2026 10:34:51 > 08/27/2026 10:24:31). Recompilando...
2026-08-27 10:37:42 [*] Compilando Release (dotnet build -c Release)...
  Determinando os projetos a serem restaurados...
  Todos os projetos est├úo atualizados para restaura├º├úo.
  NetworkDevice.Core -> C:\SPARC\src\NetworkDevice.Core\bin\Release\net8.0\NetworkDevice.Core.dll
  NetworkDevice.Protocols -> C:\SPARC\src\NetworkDevice.Protocols\bin\Release\net8.0\NetworkDevice.Protocols.dll
  NetworkDevice.Cisco -> C:\SPARC\src\NetworkDevice.Cisco\bin\Release\net8.0\NetworkDevice.Cisco.dll
  NetworkDevice.Tests -> C:\SPARC\tests\NetworkDevice.Tests\bin\Release\net8.0\NetworkDevice.Tests.dll
  NetworkDevice.UI -> C:\SPARC\src\NetworkDevice.UI\bin\Release\net8.0-windows\NetworkDevice.UI.dll
  NetworkDevice.Cli -> C:\SPARC\src\NetworkDevice.Cli\bin\Release\net8.0\NetworkDevice.Cli.dll

Compila├º├úo com ├¬xito.
    0 Aviso(s)
    0 Erro(s)

Tempo Decorrido 00:00:02.82
2026-08-27 10:37:46 [OK] Build Release concluido com sucesso.
2026-08-27 10:37:46 [*] Iniciando C:\SPARC\src\NetworkDevice.UI\bin\Release\net8.0-windows\NetworkDevice.UI.exe
2026-08-27 10:52:06 [*] Verificando e finalizando instancias antigas do SPARC...
2026-08-27 10:52:08 [*] Verificando atualizacoes no Git remoto...
2026-08-27 10:52:09 [*] Git ja atualizado.
2026-08-27 10:52:09 [*] Codigo fonte mais recente que os binarios (CiscoIOSUpgrader.cs 08/27/2026 10:39:34 > 08/27/2026 10:24:31). Recompilando...
2026-08-27 10:52:09 [*] Compilando Release (dotnet build -c Release)...
  Determinando os projetos a serem restaurados...
  Todos os projetos est├úo atualizados para restaura├º├úo.
  NetworkDevice.Core -> C:\SPARC\src\NetworkDevice.Core\bin\Release\net8.0\NetworkDevice.Core.dll
  NetworkDevice.Protocols -> C:\SPARC\src\NetworkDevice.Protocols\bin\Release\net8.0\NetworkDevice.Protocols.dll
  NetworkDevice.Cisco -> C:\SPARC\src\NetworkDevice.Cisco\bin\Release\net8.0\NetworkDevice.Cisco.dll
  NetworkDevice.Tests -> C:\SPARC\tests\NetworkDevice.Tests\bin\Release\net8.0\NetworkDevice.Tests.dll
  NetworkDevice.Cli -> C:\SPARC\src\NetworkDevice.Cli\bin\Release\net8.0\NetworkDevice.Cli.dll
  NetworkDevice.UI -> C:\SPARC\src\NetworkDevice.UI\bin\Release\net8.0-windows\NetworkDevice.UI.dll

Compila├º├úo com ├¬xito.
    0 Aviso(s)
    0 Erro(s)

Tempo Decorrido 00:00:05.95
2026-08-27 10:52:16 [OK] Build Release concluido com sucesso.
2026-08-27 10:52:16 [*] Iniciando C:\SPARC\src\NetworkDevice.UI\bin\Release\net8.0-windows\NetworkDevice.UI.exe
2026-08-27 11:06:11 [*] Verificando e finalizando instancias antigas do SPARC...
2026-08-27 11:06:13 [*] Verificando atualizacoes no Git remoto...
2026-08-27 11:06:17 [*] Git ja atualizado.
2026-08-27 11:06:17 [*] Codigo fonte mais recente que os binarios (CiscoIOSUpgrader.cs 08/27/2026 10:53:24 > 08/27/2026 10:24:31). Recompilando...
2026-08-27 11:06:17 [*] Compilando Release (dotnet build -c Release)...
  Determinando os projetos a serem restaurados...
  Todos os projetos est├úo atualizados para restaura├º├úo.
  NetworkDevice.Core -> C:\SPARC\src\NetworkDevice.Core\bin\Release\net8.0\NetworkDevice.Core.dll
  NetworkDevice.Protocols -> C:\SPARC\src\NetworkDevice.Protocols\bin\Release\net8.0\NetworkDevice.Protocols.dll
  NetworkDevice.Cisco -> C:\SPARC\src\NetworkDevice.Cisco\bin\Release\net8.0\NetworkDevice.Cisco.dll
  NetworkDevice.Cli -> C:\SPARC\src\NetworkDevice.Cli\bin\Release\net8.0\NetworkDevice.Cli.dll
  NetworkDevice.UI -> C:\SPARC\src\NetworkDevice.UI\bin\Release\net8.0-windows\NetworkDevice.UI.dll
  NetworkDevice.Tests -> C:\SPARC\tests\NetworkDevice.Tests\bin\Release\net8.0\NetworkDevice.Tests.dll

Compila├º├úo com ├¬xito.
    0 Aviso(s)
    0 Erro(s)

Tempo Decorrido 00:00:05.80
2026-08-27 11:06:23 [OK] Build Release concluido com sucesso.
2026-08-27 11:06:23 [*] Iniciando C:\SPARC\src\NetworkDevice.UI\bin\Release\net8.0-windows\NetworkDevice.UI.exe
2026-08-27 11:06:29 [*] Verificando e finalizando instancias antigas do SPARC...
2026-08-27 11:06:30 [*] Verificando atualizacoes no Git remoto...
2026-08-27 11:06:31 [*] Git ja atualizado.
2026-08-27 11:06:31 [*] Codigo fonte mais recente que os binarios (MainWindow.g.cs 08/27/2026 11:06:20 > 08/27/2026 10:24:31). Recompilando...
2026-08-27 11:06:31 [*] Compilando Release (dotnet build -c Release)...
  Determinando os projetos a serem restaurados...
  Todos os projetos est├úo atualizados para restaura├º├úo.
  NetworkDevice.Core -> C:\SPARC\src\NetworkDevice.Core\bin\Release\net8.0\NetworkDevice.Core.dll
  NetworkDevice.Protocols -> C:\SPARC\src\NetworkDevice.Protocols\bin\Release\net8.0\NetworkDevice.Protocols.dll
  NetworkDevice.Cisco -> C:\SPARC\src\NetworkDevice.Cisco\bin\Release\net8.0\NetworkDevice.Cisco.dll
  NetworkDevice.UI -> C:\SPARC\src\NetworkDevice.UI\bin\Release\net8.0-windows\NetworkDevice.UI.dll
  NetworkDevice.Cli -> C:\SPARC\src\NetworkDevice.Cli\bin\Release\net8.0\NetworkDevice.Cli.dll
  NetworkDevice.Tests -> C:\SPARC\tests\NetworkDevice.Tests\bin\Release\net8.0\NetworkDevice.Tests.dll

Compila├º├úo com ├¬xito.
    0 Aviso(s)
    0 Erro(s)

Tempo Decorrido 00:00:01.35
2026-08-27 11:06:34 [OK] Build Release concluido com sucesso.
2026-08-27 11:06:34 [*] Iniciando C:\SPARC\src\NetworkDevice.UI\bin\Release\net8.0-windows\NetworkDevice.UI.exe
2026-08-27 11:15:54 [*] Verificando e finalizando instancias antigas do SPARC...
2026-08-27 11:15:57 [*] Verificando atualizacoes no Git remoto...
2026-08-27 11:15:58 [*] Git ja atualizado.
2026-08-27 11:15:58 [*] Codigo fonte mais recente que os binarios (MainWindow.g.cs 08/27/2026 11:06:20 > 08/27/2026 10:24:31). Recompilando...
2026-08-27 11:15:58 [*] Compilando Release (dotnet build -c Release)...
  Determinando os projetos a serem restaurados...
  Todos os projetos est├úo atualizados para restaura├º├úo.
  NetworkDevice.Core -> C:\SPARC\src\NetworkDevice.Core\bin\Release\net8.0\NetworkDevice.Core.dll
  NetworkDevice.Protocols -> C:\SPARC\src\NetworkDevice.Protocols\bin\Release\net8.0\NetworkDevice.Protocols.dll
  NetworkDevice.Cisco -> C:\SPARC\src\NetworkDevice.Cisco\bin\Release\net8.0\NetworkDevice.Cisco.dll
  NetworkDevice.Tests -> C:\SPARC\tests\NetworkDevice.Tests\bin\Release\net8.0\NetworkDevice.Tests.dll
  NetworkDevice.UI -> C:\SPARC\src\NetworkDevice.UI\bin\Release\net8.0-windows\NetworkDevice.UI.dll
  NetworkDevice.Cli -> C:\SPARC\src\NetworkDevice.Cli\bin\Release\net8.0\NetworkDevice.Cli.dll

Compila├º├úo com ├¬xito.
    0 Aviso(s)
    0 Erro(s)

Tempo Decorrido 00:00:01.35
2026-08-27 11:16:00 [OK] Build Release concluido com sucesso.
2026-08-27 11:16:00 [*] Iniciando C:\SPARC\src\NetworkDevice.UI\bin\Release\net8.0-windows\NetworkDevice.UI.exe
2026-08-27 11:27:59 [*] Verificando e finalizando instancias antigas do SPARC...
2026-08-27 11:28:02 [*] Verificando atualizacoes no Git remoto...
2026-08-27 11:28:05 [*] Git ja atualizado.
2026-08-27 11:28:06 [*] Codigo fonte mais recente que os binarios (MainWindow.g.cs 08/27/2026 11:06:20 > 08/27/2026 10:24:31). Recompilando...
2026-08-27 11:28:06 [*] Compilando Release (dotnet build -c Release)...
  Determinando os projetos a serem restaurados...
  Todos os projetos est├úo atualizados para restaura├º├úo.
  NetworkDevice.Core -> C:\SPARC\src\NetworkDevice.Core\bin\Release\net8.0\NetworkDevice.Core.dll
  NetworkDevice.Protocols -> C:\SPARC\src\NetworkDevice.Protocols\bin\Release\net8.0\NetworkDevice.Protocols.dll
  NetworkDevice.Cisco -> C:\SPARC\src\NetworkDevice.Cisco\bin\Release\net8.0\NetworkDevice.Cisco.dll
  NetworkDevice.UI -> C:\SPARC\src\NetworkDevice.UI\bin\Release\net8.0-windows\NetworkDevice.UI.dll
  NetworkDevice.Cli -> C:\SPARC\src\NetworkDevice.Cli\bin\Release\net8.0\NetworkDevice.Cli.dll
  NetworkDevice.Tests -> C:\SPARC\tests\NetworkDevice.Tests\bin\Release\net8.0\NetworkDevice.Tests.dll

Compila├º├úo com ├¬xito.
    0 Aviso(s)
    0 Erro(s)

Tempo Decorrido 00:00:01.35
2026-08-27 11:28:08 [OK] Build Release concluido com sucesso.
2026-08-27 11:28:08 [*] Iniciando C:\SPARC\src\NetworkDevice.UI\bin\Release\net8.0-windows\NetworkDevice.UI.exe
2026-08-27 11:32:16 [*] Verificando e finalizando instancias antigas do SPARC...
2026-08-27 11:32:18 [*] Verificando atualizacoes no Git remoto...
2026-08-27 11:32:22 [*] Git ja atualizado.
2026-08-27 11:32:23 [*] Codigo fonte mais recente que os binarios (CiscoIOSUpgrader.cs 08/27/2026 11:29:51 > 08/27/2026 10:24:31). Recompilando...
2026-08-27 11:32:23 [*] Compilando Release (dotnet build -c Release)...
  Determinando os projetos a serem restaurados...
  Todos os projetos est├úo atualizados para restaura├º├úo.
  NetworkDevice.Core -> C:\SPARC\src\NetworkDevice.Core\bin\Release\net8.0\NetworkDevice.Core.dll
  NetworkDevice.Protocols -> C:\SPARC\src\NetworkDevice.Protocols\bin\Release\net8.0\NetworkDevice.Protocols.dll
  NetworkDevice.Cisco -> C:\SPARC\src\NetworkDevice.Cisco\bin\Release\net8.0\NetworkDevice.Cisco.dll
  NetworkDevice.UI -> C:\SPARC\src\NetworkDevice.UI\bin\Release\net8.0-windows\NetworkDevice.UI.dll
  NetworkDevice.Tests -> C:\SPARC\tests\NetworkDevice.Tests\bin\Release\net8.0\NetworkDevice.Tests.dll
  NetworkDevice.Cli -> C:\SPARC\src\NetworkDevice.Cli\bin\Release\net8.0\NetworkDevice.Cli.dll

Compila├º├úo com ├¬xito.
    0 Aviso(s)
    0 Erro(s)

Tempo Decorrido 00:00:05.12
2026-08-27 11:32:29 [OK] Build Release concluido com sucesso.
2026-08-27 11:32:29 [*] Iniciando C:\SPARC\src\NetworkDevice.UI\bin\Release\net8.0-windows\NetworkDevice.UI.exe
2026-08-27 12:12:27 [*] Verificando e finalizando instancias antigas do SPARC...
2026-08-27 12:12:29 [*] Verificando atualizacoes no Git remoto...
2026-08-27 12:12:30 [*] Git ja atualizado.
2026-08-27 12:12:31 [*] Codigo fonte mais recente que os binarios (MainWindow.g.cs 08/27/2026 12:11:57 > 08/27/2026 10:24:31). Recompilando...
2026-08-27 12:12:31 [*] Compilando Release (dotnet build -c Release)...
  Determinando os projetos a serem restaurados...
  Todos os projetos est├úo atualizados para restaura├º├úo.
  NetworkDevice.Core -> C:\SPARC\src\NetworkDevice.Core\bin\Release\net8.0\NetworkDevice.Core.dll
  NetworkDevice.Protocols -> C:\SPARC\src\NetworkDevice.Protocols\bin\Release\net8.0\NetworkDevice.Protocols.dll
  NetworkDevice.Cisco -> C:\SPARC\src\NetworkDevice.Cisco\bin\Release\net8.0\NetworkDevice.Cisco.dll
  NetworkDevice.UI -> C:\SPARC\src\NetworkDevice.UI\bin\Release\net8.0-windows\NetworkDevice.UI.dll
  NetworkDevice.Cli -> C:\SPARC\src\NetworkDevice.Cli\bin\Release\net8.0\NetworkDevice.Cli.dll
  NetworkDevice.Tests -> C:\SPARC\tests\NetworkDevice.Tests\bin\Release\net8.0\NetworkDevice.Tests.dll

Compila├º├úo com ├¬xito.
    0 Aviso(s)
    0 Erro(s)

Tempo Decorrido 00:00:03.90
2026-08-27 12:12:35 [OK] Build Release concluido com sucesso.
2026-08-27 12:12:35 [*] Iniciando C:\SPARC\src\NetworkDevice.UI\bin\Release\net8.0-windows\NetworkDevice.UI.exe
2026-08-27 12:14:24 [*] Verificando e finalizando instancias antigas do SPARC...
2026-08-27 12:14:26 [*] Verificando atualizacoes no Git remoto...
2026-08-27 12:14:39 [*] Verificando e finalizando instancias antigas do SPARC...
2026-08-27 12:14:40 [*] Verificando atualizacoes no Git remoto...
2026-08-27 12:15:09 [*] Codigo fonte mais recente que os binarios (MainWindow.g.cs 08/27/2026 12:14:05 > 08/27/2026 10:24:31). Recompilando...
2026-08-27 12:15:09 [*] Compilando Release (dotnet build -c Release)...
  Determinando os projetos a serem restaurados...
  Todos os projetos est├úo atualizados para restaura├º├úo.
  NetworkDevice.Core -> C:\SPARC\src\NetworkDevice.Core\bin\Release\net8.0\NetworkDevice.Core.dll
  NetworkDevice.Protocols -> C:\SPARC\src\NetworkDevice.Protocols\bin\Release\net8.0\NetworkDevice.Protocols.dll
  NetworkDevice.Cisco -> C:\SPARC\src\NetworkDevice.Cisco\bin\Release\net8.0\NetworkDevice.Cisco.dll
  NetworkDevice.Cli -> C:\SPARC\src\NetworkDevice.Cli\bin\Release\net8.0\NetworkDevice.Cli.dll
  NetworkDevice.UI -> C:\SPARC\src\NetworkDevice.UI\bin\Release\net8.0-windows\NetworkDevice.UI.dll
  NetworkDevice.Tests -> C:\SPARC\tests\NetworkDevice.Tests\bin\Release\net8.0\NetworkDevice.Tests.dll

Compila├º├úo com ├¬xito.
    0 Aviso(s)
    0 Erro(s)

Tempo Decorrido 00:00:07.92
2026-08-27 12:15:18 [OK] Build Release concluido com sucesso.
2026-08-27 12:15:18 [*] Iniciando C:\SPARC\src\NetworkDevice.UI\bin\Release\net8.0-windows\NetworkDevice.UI.exe
2026-08-27 12:15:24 [*] Codigo fonte mais recente que os binarios (MainWindow.g.cs 08/27/2026 12:15:16 > 08/27/2026 10:24:31). Recompilando...
2026-08-27 12:15:24 [*] Compilando Release (dotnet build -c Release)...
  Determinando os projetos a serem restaurados...
  Todos os projetos est├úo atualizados para restaura├º├úo.
  NetworkDevice.Core -> C:\SPARC\src\NetworkDevice.Core\bin\Release\net8.0\NetworkDevice.Core.dll
  NetworkDevice.Protocols -> C:\SPARC\src\NetworkDevice.Protocols\bin\Release\net8.0\NetworkDevice.Protocols.dll
  NetworkDevice.Cisco -> C:\SPARC\src\NetworkDevice.Cisco\bin\Release\net8.0\NetworkDevice.Cisco.dll
  NetworkDevice.UI -> C:\SPARC\src\NetworkDevice.UI\bin\Release\net8.0-windows\NetworkDevice.UI.dll
  NetworkDevice.Tests -> C:\SPARC\tests\NetworkDevice.Tests\bin\Release\net8.0\NetworkDevice.Tests.dll
  NetworkDevice.Cli -> C:\SPARC\src\NetworkDevice.Cli\bin\Release\net8.0\NetworkDevice.Cli.dll

Compila├º├úo com ├¬xito.
    0 Aviso(s)
    0 Erro(s)

Tempo Decorrido 00:00:02.93
2026-08-27 12:15:29 [OK] Build Release concluido com sucesso.
2026-08-27 12:15:29 [*] Iniciando C:\SPARC\src\NetworkDevice.UI\bin\Release\net8.0-windows\NetworkDevice.UI.exe
2026-08-27 12:18:17 [*] Verificando e finalizando instancias antigas do SPARC...
2026-08-27 12:18:18 [*] Verificando atualizacoes no Git remoto...
2026-08-27 12:18:19 [*] Git ja atualizado.
2026-08-27 12:18:19 [*] Codigo fonte mais recente que os binarios (MainWindow.g.cs 08/27/2026 12:18:00 > 08/27/2026 10:24:31). Recompilando...
2026-08-27 12:18:19 [*] Compilando Release (dotnet build -c Release)...
  Determinando os projetos a serem restaurados...
  Todos os projetos est├úo atualizados para restaura├º├úo.
  NetworkDevice.Core -> C:\SPARC\src\NetworkDevice.Core\bin\Release\net8.0\NetworkDevice.Core.dll
  NetworkDevice.Protocols -> C:\SPARC\src\NetworkDevice.Protocols\bin\Release\net8.0\NetworkDevice.Protocols.dll
  NetworkDevice.Cisco -> C:\SPARC\src\NetworkDevice.Cisco\bin\Release\net8.0\NetworkDevice.Cisco.dll
  NetworkDevice.Tests -> C:\SPARC\tests\NetworkDevice.Tests\bin\Release\net8.0\NetworkDevice.Tests.dll
  NetworkDevice.UI -> C:\SPARC\src\NetworkDevice.UI\bin\Release\net8.0-windows\NetworkDevice.UI.dll
  NetworkDevice.Cli -> C:\SPARC\src\NetworkDevice.Cli\bin\Release\net8.0\NetworkDevice.Cli.dll

Compila├º├úo com ├¬xito.
    0 Aviso(s)
    0 Erro(s)

Tempo Decorrido 00:00:02.66
2026-08-27 12:18:23 [OK] Build Release concluido com sucesso.
2026-08-27 12:18:23 [*] Iniciando C:\SPARC\src\NetworkDevice.UI\bin\Release\net8.0-windows\NetworkDevice.UI.exe
2026-08-27 12:27:13 [*] Verificando e finalizando instancias antigas do SPARC...
2026-08-27 12:27:15 [*] Verificando atualizacoes no Git remoto...
2026-08-27 12:27:18 [*] Git ja atualizado.
2026-08-27 12:27:18 [*] Codigo fonte mais recente que os binarios (MainWindow.g.cs 08/27/2026 12:27:03 > 08/27/2026 10:24:31). Recompilando...
2026-08-27 12:27:18 [*] Compilando Release (dotnet build -c Release)...
  Determinando os projetos a serem restaurados...
  Todos os projetos est├úo atualizados para restaura├º├úo.
  NetworkDevice.Core -> C:\SPARC\src\NetworkDevice.Core\bin\Release\net8.0\NetworkDevice.Core.dll
  NetworkDevice.Protocols -> C:\SPARC\src\NetworkDevice.Protocols\bin\Release\net8.0\NetworkDevice.Protocols.dll
  NetworkDevice.Cisco -> C:\SPARC\src\NetworkDevice.Cisco\bin\Release\net8.0\NetworkDevice.Cisco.dll
  NetworkDevice.Tests -> C:\SPARC\tests\NetworkDevice.Tests\bin\Release\net8.0\NetworkDevice.Tests.dll
  NetworkDevice.UI -> C:\SPARC\src\NetworkDevice.UI\bin\Release\net8.0-windows\NetworkDevice.UI.dll
  NetworkDevice.Cli -> C:\SPARC\src\NetworkDevice.Cli\bin\Release\net8.0\NetworkDevice.Cli.dll

Compila├º├úo com ├¬xito.
    0 Aviso(s)
    0 Erro(s)

Tempo Decorrido 00:00:02.41
2026-08-27 12:27:21 [OK] Build Release concluido com sucesso.
2026-08-27 12:27:21 [*] Iniciando C:\SPARC\src\NetworkDevice.UI\bin\Release\net8.0-windows\NetworkDevice.UI.exe
2026-08-27 12:32:05 [*] Verificando e finalizando instancias antigas do SPARC...
2026-08-27 12:32:07 [*] Verificando atualizacoes no Git remoto...
2026-08-27 12:32:11 [*] Git ja atualizado.
2026-08-27 12:32:11 [*] Codigo fonte mais recente que os binarios (MainWindow.g.cs 08/27/2026 12:31:36 > 08/27/2026 10:24:31). Recompilando...
2026-08-27 12:32:11 [*] Compilando Release (dotnet build -c Release)...
  Determinando os projetos a serem restaurados...
  Todos os projetos est├úo atualizados para restaura├º├úo.
C:\SPARC\src\NetworkDevice.Core\Provisioning\HostNetworkManager.cs(181,39): warning CA1416: Este site de chamada pode ser acessado em todas as plataformas. S├│ h├í suporte para 'WindowsBuiltInRole.Administrator' em: 'windows'. (https://learn.microsoft.com/dotnet/fundamentals/code-analysis/quality-rules/ca1416) [C:\SPARC\src\NetworkDevice.Core\NetworkDevice.Core.csproj]
C:\SPARC\src\NetworkDevice.Core\Provisioning\HostNetworkManager.cs(180,29): warning CA1416: Este site de chamada pode ser acessado em todas as plataformas. S├│ h├í suporte para 'WindowsPrincipal' em: 'windows'. (https://learn.microsoft.com/dotnet/fundamentals/code-analysis/quality-rules/ca1416) [C:\SPARC\src\NetworkDevice.Core\NetworkDevice.Core.csproj]
C:\SPARC\src\NetworkDevice.Core\Provisioning\HostNetworkManager.cs(181,20): warning CA1416: Este site de chamada pode ser acessado em todas as plataformas. S├│ h├í suporte para 'WindowsPrincipal.IsInRole(WindowsBuiltInRole)' em: 'windows'. (https://learn.microsoft.com/dotnet/fundamentals/code-analysis/quality-rules/ca1416) [C:\SPARC\src\NetworkDevice.Core\NetworkDevice.Core.csproj]
C:\SPARC\src\NetworkDevice.Core\Provisioning\HostNetworkManager.cs(179,28): warning CA1416: Este site de chamada pode ser acessado em todas as plataformas. S├│ h├í suporte para 'WindowsIdentity.GetCurrent()' em: 'windows'. (https://learn.microsoft.com/dotnet/fundamentals/code-analysis/quality-rules/ca1416) [C:\SPARC\src\NetworkDevice.Core\NetworkDevice.Core.csproj]
  NetworkDevice.Core -> C:\SPARC\src\NetworkDevice.Core\bin\Release\net8.0\NetworkDevice.Core.dll
  NetworkDevice.Protocols -> C:\SPARC\src\NetworkDevice.Protocols\bin\Release\net8.0\NetworkDevice.Protocols.dll
  NetworkDevice.Cisco -> C:\SPARC\src\NetworkDevice.Cisco\bin\Release\net8.0\NetworkDevice.Cisco.dll
  NetworkDevice.Cli -> C:\SPARC\src\NetworkDevice.Cli\bin\Release\net8.0\NetworkDevice.Cli.dll
  NetworkDevice.UI -> C:\SPARC\src\NetworkDevice.UI\bin\Release\net8.0-windows\NetworkDevice.UI.dll
  NetworkDevice.Tests -> C:\SPARC\tests\NetworkDevice.Tests\bin\Release\net8.0\NetworkDevice.Tests.dll

Compila├º├úo com ├¬xito.

C:\SPARC\src\NetworkDevice.Core\Provisioning\HostNetworkManager.cs(181,39): warning CA1416: Este site de chamada pode ser acessado em todas as plataformas. S├│ h├í suporte para 'WindowsBuiltInRole.Administrator' em: 'windows'. (https://learn.microsoft.com/dotnet/fundamentals/code-analysis/quality-rules/ca1416) [C:\SPARC\src\NetworkDevice.Core\NetworkDevice.Core.csproj]
C:\SPARC\src\NetworkDevice.Core\Provisioning\HostNetworkManager.cs(180,29): warning CA1416: Este site de chamada pode ser acessado em todas as plataformas. S├│ h├í suporte para 'WindowsPrincipal' em: 'windows'. (https://learn.microsoft.com/dotnet/fundamentals/code-analysis/quality-rules/ca1416) [C:\SPARC\src\NetworkDevice.Core\NetworkDevice.Core.csproj]
C:\SPARC\src\NetworkDevice.Core\Provisioning\HostNetworkManager.cs(181,20): warning CA1416: Este site de chamada pode ser acessado em todas as plataformas. S├│ h├í suporte para 'WindowsPrincipal.IsInRole(WindowsBuiltInRole)' em: 'windows'. (https://learn.microsoft.com/dotnet/fundamentals/code-analysis/quality-rules/ca1416) [C:\SPARC\src\NetworkDevice.Core\NetworkDevice.Core.csproj]
C:\SPARC\src\NetworkDevice.Core\Provisioning\HostNetworkManager.cs(179,28): warning CA1416: Este site de chamada pode ser acessado em todas as plataformas. S├│ h├í suporte para 'WindowsIdentity.GetCurrent()' em: 'windows'. (https://learn.microsoft.com/dotnet/fundamentals/code-analysis/quality-rules/ca1416) [C:\SPARC\src\NetworkDevice.Core\NetworkDevice.Core.csproj]
    4 Aviso(s)
    0 Erro(s)

Tempo Decorrido 00:00:02.73
2026-08-27 12:32:15 [OK] Build Release concluido com sucesso.
2026-08-27 12:32:15 [*] Iniciando C:\SPARC\src\NetworkDevice.UI\bin\Release\net8.0-windows\NetworkDevice.UI.exe
2026-08-27 12:45:42 [*] Verificando e finalizando instancias antigas do SPARC...
2026-08-27 12:45:43 [*] Verificando atualizacoes no Git remoto...
2026-08-27 12:45:44 [*] Git ja atualizado.
2026-08-27 12:45:45 [*] Codigo fonte mais recente que os binarios (MainWindow.g.cs 08/27/2026 12:45:20 > 08/27/2026 12:32:13). Recompilando...
2026-08-27 12:45:45 [*] Compilando Release (dotnet build -c Release)...
  Determinando os projetos a serem restaurados...
  Todos os projetos est├úo atualizados para restaura├º├úo.
  NetworkDevice.Core -> C:\SPARC\src\NetworkDevice.Core\bin\Release\net8.0\NetworkDevice.Core.dll
  NetworkDevice.Protocols -> C:\SPARC\src\NetworkDevice.Protocols\bin\Release\net8.0\NetworkDevice.Protocols.dll
  NetworkDevice.Cisco -> C:\SPARC\src\NetworkDevice.Cisco\bin\Release\net8.0\NetworkDevice.Cisco.dll
  NetworkDevice.UI -> C:\SPARC\src\NetworkDevice.UI\bin\Release\net8.0-windows\NetworkDevice.UI.dll
  NetworkDevice.Cli -> C:\SPARC\src\NetworkDevice.Cli\bin\Release\net8.0\NetworkDevice.Cli.dll
  NetworkDevice.Tests -> C:\SPARC\tests\NetworkDevice.Tests\bin\Release\net8.0\NetworkDevice.Tests.dll

Compila├º├úo com ├¬xito.
    0 Aviso(s)
    0 Erro(s)

Tempo Decorrido 00:00:02.40
2026-08-27 12:45:48 [OK] Build Release concluido com sucesso.
2026-08-27 12:45:48 [*] Iniciando C:\SPARC\src\NetworkDevice.UI\bin\Release\net8.0-windows\NetworkDevice.UI.exe
2026-08-27 12:46:05 [*] Verificando e finalizando instancias antigas do SPARC...
2026-08-27 12:46:06 [*] Verificando atualizacoes no Git remoto...
2026-08-27 12:46:07 [*] Git ja atualizado.
2026-08-27 12:46:07 [*] Codigo fonte mais recente que os binarios (MainWindow.g.cs 08/27/2026 12:45:47 > 08/27/2026 12:32:13). Recompilando...
2026-08-27 12:46:07 [*] Compilando Release (dotnet build -c Release)...
  Determinando os projetos a serem restaurados...
  Todos os projetos est├úo atualizados para restaura├º├úo.
  NetworkDevice.Core -> C:\SPARC\src\NetworkDevice.Core\bin\Release\net8.0\NetworkDevice.Core.dll
  NetworkDevice.Protocols -> C:\SPARC\src\NetworkDevice.Protocols\bin\Release\net8.0\NetworkDevice.Protocols.dll
  NetworkDevice.Cisco -> C:\SPARC\src\NetworkDevice.Cisco\bin\Release\net8.0\NetworkDevice.Cisco.dll
  NetworkDevice.Tests -> C:\SPARC\tests\NetworkDevice.Tests\bin\Release\net8.0\NetworkDevice.Tests.dll
  NetworkDevice.Cli -> C:\SPARC\src\NetworkDevice.Cli\bin\Release\net8.0\NetworkDevice.Cli.dll
  NetworkDevice.UI -> C:\SPARC\src\NetworkDevice.UI\bin\Release\net8.0-windows\NetworkDevice.UI.dll

Compila├º├úo com ├¬xito.
    0 Aviso(s)
    0 Erro(s)

Tempo Decorrido 00:00:01.35
2026-08-27 12:46:09 [OK] Build Release concluido com sucesso.
2026-08-27 12:46:09 [*] Iniciando C:\SPARC\src\NetworkDevice.UI\bin\Release\net8.0-windows\NetworkDevice.UI.exe
2026-08-27 12:50:26 [*] Verificando e finalizando instancias antigas do SPARC...
2026-08-27 12:50:28 [*] Verificando atualizacoes no Git remoto...
2026-08-27 12:50:30 [*] Git ja atualizado.
2026-08-27 12:50:30 [*] Codigo fonte mais recente que os binarios (MainWindow.g.cs 08/27/2026 12:49:55 > 08/27/2026 12:32:13). Recompilando...
2026-08-27 12:50:30 [*] Compilando Release (dotnet build -c Release)...
  Determinando os projetos a serem restaurados...
  Todos os projetos est├úo atualizados para restaura├º├úo.
  NetworkDevice.Core -> C:\SPARC\src\NetworkDevice.Core\bin\Release\net8.0\NetworkDevice.Core.dll
  NetworkDevice.Protocols -> C:\SPARC\src\NetworkDevice.Protocols\bin\Release\net8.0\NetworkDevice.Protocols.dll
  NetworkDevice.Cisco -> C:\SPARC\src\NetworkDevice.Cisco\bin\Release\net8.0\NetworkDevice.Cisco.dll
  NetworkDevice.Tests -> C:\SPARC\tests\NetworkDevice.Tests\bin\Release\net8.0\NetworkDevice.Tests.dll
  NetworkDevice.UI -> C:\SPARC\src\NetworkDevice.UI\bin\Release\net8.0-windows\NetworkDevice.UI.dll
  NetworkDevice.Cli -> C:\SPARC\src\NetworkDevice.Cli\bin\Release\net8.0\NetworkDevice.Cli.dll

Compila├º├úo com ├¬xito.
    0 Aviso(s)
    0 Erro(s)

Tempo Decorrido 00:00:02.26
2026-08-27 12:50:33 [OK] Build Release concluido com sucesso.
2026-08-27 12:50:33 [*] Iniciando C:\SPARC\src\NetworkDevice.UI\bin\Release\net8.0-windows\NetworkDevice.UI.exe
2026-08-27 12:54:29 [*] Verificando e finalizando instancias antigas do SPARC...
2026-08-27 12:54:31 [*] Verificando atualizacoes no Git remoto...
2026-08-27 12:54:34 [*] Git ja atualizado.
2026-08-27 12:54:34 [*] Codigo fonte mais recente que os binarios (CiscoIOSRecovery.cs 08/27/2026 12:53:12 > 08/27/2026 12:32:13). Recompilando...
2026-08-27 12:54:34 [*] Compilando Release (dotnet build -c Release)...
  Determinando os projetos a serem restaurados...
  Todos os projetos est├úo atualizados para restaura├º├úo.
  NetworkDevice.Core -> C:\SPARC\src\NetworkDevice.Core\bin\Release\net8.0\NetworkDevice.Core.dll
  NetworkDevice.Protocols -> C:\SPARC\src\NetworkDevice.Protocols\bin\Release\net8.0\NetworkDevice.Protocols.dll
  NetworkDevice.Cisco -> C:\SPARC\src\NetworkDevice.Cisco\bin\Release\net8.0\NetworkDevice.Cisco.dll
  NetworkDevice.Tests -> C:\SPARC\tests\NetworkDevice.Tests\bin\Release\net8.0\NetworkDevice.Tests.dll
  NetworkDevice.UI -> C:\SPARC\src\NetworkDevice.UI\bin\Release\net8.0-windows\NetworkDevice.UI.dll
  NetworkDevice.Cli -> C:\SPARC\src\NetworkDevice.Cli\bin\Release\net8.0\NetworkDevice.Cli.dll

Compila├º├úo com ├¬xito.
    0 Aviso(s)
    0 Erro(s)

Tempo Decorrido 00:00:02.20
2026-08-27 12:54:37 [OK] Build Release concluido com sucesso.
2026-08-27 12:54:37 [*] Iniciando C:\SPARC\src\NetworkDevice.UI\bin\Release\net8.0-windows\NetworkDevice.UI.exe
2026-08-27 13:02:53 [*] Verificando e finalizando instancias antigas do SPARC...
2026-08-27 13:02:55 [*] Verificando atualizacoes no Git remoto...
2026-08-27 13:02:57 [*] Git ja atualizado.
2026-08-27 13:02:57 [*] Codigo fonte mais recente que os binarios (MainWindow.g.cs 08/27/2026 13:02:21 > 08/27/2026 12:32:13). Recompilando...
2026-08-27 13:02:57 [*] Compilando Release (dotnet build -c Release)...
  Determinando os projetos a serem restaurados...
  Todos os projetos est├úo atualizados para restaura├º├úo.
  NetworkDevice.Core -> C:\SPARC\src\NetworkDevice.Core\bin\Release\net8.0\NetworkDevice.Core.dll
  NetworkDevice.Protocols -> C:\SPARC\src\NetworkDevice.Protocols\bin\Release\net8.0\NetworkDevice.Protocols.dll
  NetworkDevice.Cisco -> C:\SPARC\src\NetworkDevice.Cisco\bin\Release\net8.0\NetworkDevice.Cisco.dll
  NetworkDevice.UI -> C:\SPARC\src\NetworkDevice.UI\bin\Release\net8.0-windows\NetworkDevice.UI.dll
  NetworkDevice.Cli -> C:\SPARC\src\NetworkDevice.Cli\bin\Release\net8.0\NetworkDevice.Cli.dll
  NetworkDevice.Tests -> C:\SPARC\tests\NetworkDevice.Tests\bin\Release\net8.0\NetworkDevice.Tests.dll

Compila├º├úo com ├¬xito.
    0 Aviso(s)
    0 Erro(s)

Tempo Decorrido 00:00:02.31
2026-08-27 13:03:00 [OK] Build Release concluido com sucesso.
2026-08-27 13:03:00 [*] Iniciando C:\SPARC\src\NetworkDevice.UI\bin\Release\net8.0-windows\NetworkDevice.UI.exe
2026-08-27 13:07:59 [*] Verificando e finalizando instancias antigas do SPARC...
2026-08-27 13:08:01 [*] Verificando atualizacoes no Git remoto...
2026-08-27 13:08:04 [*] Git ja atualizado.
2026-08-27 13:08:04 [*] Codigo fonte mais recente que os binarios (MainWindow.g.cs 08/27/2026 13:07:34 > 08/27/2026 12:32:13). Recompilando...
2026-08-27 13:08:04 [*] Compilando Release (dotnet build -c Release)...
  Determinando os projetos a serem restaurados...
  Todos os projetos est├úo atualizados para restaura├º├úo.
  NetworkDevice.Core -> C:\SPARC\src\NetworkDevice.Core\bin\Release\net8.0\NetworkDevice.Core.dll
  NetworkDevice.Protocols -> C:\SPARC\src\NetworkDevice.Protocols\bin\Release\net8.0\NetworkDevice.Protocols.dll
  NetworkDevice.Cisco -> C:\SPARC\src\NetworkDevice.Cisco\bin\Release\net8.0\NetworkDevice.Cisco.dll
  NetworkDevice.UI -> C:\SPARC\src\NetworkDevice.UI\bin\Release\net8.0-windows\NetworkDevice.UI.dll
  NetworkDevice.Cli -> C:\SPARC\src\NetworkDevice.Cli\bin\Release\net8.0\NetworkDevice.Cli.dll
  NetworkDevice.Tests -> C:\SPARC\tests\NetworkDevice.Tests\bin\Release\net8.0\NetworkDevice.Tests.dll

Compila├º├úo com ├¬xito.
    0 Aviso(s)
    0 Erro(s)

Tempo Decorrido 00:00:02.34
2026-08-27 13:08:08 [OK] Build Release concluido com sucesso.
2026-08-27 13:08:08 [*] Iniciando C:\SPARC\src\NetworkDevice.UI\bin\Release\net8.0-windows\NetworkDevice.UI.exe
2026-08-27 13:16:00 [*] Verificando e finalizando instancias antigas do SPARC...
2026-08-27 13:16:02 [*] Verificando atualizacoes no Git remoto...
2026-08-27 13:17:08 [*] Codigo fonte mais recente que os binarios (MainWindow.g.cs 08/27/2026 13:15:38 > 08/27/2026 12:32:13). Recompilando...
2026-08-27 13:17:08 [*] Compilando Release (dotnet build -c Release)...
  Determinando os projetos a serem restaurados...
  Todos os projetos est├úo atualizados para restaura├º├úo.
  NetworkDevice.Core -> C:\SPARC\src\NetworkDevice.Core\bin\Release\net8.0\NetworkDevice.Core.dll
  NetworkDevice.Protocols -> C:\SPARC\src\NetworkDevice.Protocols\bin\Release\net8.0\NetworkDevice.Protocols.dll
  NetworkDevice.Cisco -> C:\SPARC\src\NetworkDevice.Cisco\bin\Release\net8.0\NetworkDevice.Cisco.dll
  NetworkDevice.Cli -> C:\SPARC\src\NetworkDevice.Cli\bin\Release\net8.0\NetworkDevice.Cli.dll
  NetworkDevice.UI -> C:\SPARC\src\NetworkDevice.UI\bin\Release\net8.0-windows\NetworkDevice.UI.dll
  NetworkDevice.Tests -> C:\SPARC\tests\NetworkDevice.Tests\bin\Release\net8.0\NetworkDevice.Tests.dll

Compila├º├úo com ├¬xito.
    0 Aviso(s)
    0 Erro(s)

Tempo Decorrido 00:00:02.04
2026-08-27 13:17:12 [OK] Build Release concluido com sucesso.
2026-08-27 13:17:12 [*] Iniciando C:\SPARC\src\NetworkDevice.UI\bin\Release\net8.0-windows\NetworkDevice.UI.exe
2026-08-27 13:31:46 [*] Verificando e finalizando instancias antigas do SPARC...
2026-08-27 13:31:49 [*] Verificando atualizacoes no Git remoto...
2026-08-27 13:31:50 [*] Git ja atualizado.
2026-08-27 13:31:51 [*] Codigo fonte mais recente que os binarios (CiscoIOSUpgrader.cs 08/27/2026 13:29:16 > 08/27/2026 12:32:13). Recompilando...
2026-08-27 13:31:51 [*] Compilando Release (dotnet build -c Release)...
  Determinando os projetos a serem restaurados...
  Todos os projetos est├úo atualizados para restaura├º├úo.
  NetworkDevice.Core -> C:\SPARC\src\NetworkDevice.Core\bin\Release\net8.0\NetworkDevice.Core.dll
  NetworkDevice.Protocols -> C:\SPARC\src\NetworkDevice.Protocols\bin\Release\net8.0\NetworkDevice.Protocols.dll
C:\SPARC\src\NetworkDevice.Cisco\CiscoIOSUpgrader.cs(942,1): error CS1022: Defini├º├úo de namespace ou tipo, ou final do arquivo esperado [C:\SPARC\src\NetworkDevice.Cisco\NetworkDevice.Cisco.csproj]

FALHA da compila├º├úo.

C:\SPARC\src\NetworkDevice.Cisco\CiscoIOSUpgrader.cs(942,1): error CS1022: Defini├º├úo de namespace ou tipo, ou final do arquivo esperado [C:\SPARC\src\NetworkDevice.Cisco\NetworkDevice.Cisco.csproj]
    0 Aviso(s)
    1 Erro(s)

Tempo Decorrido 00:00:01.26
2026-08-27 13:31:53 [*] Nova tentativa de compilacao Release...
  Determinando os projetos a serem restaurados...
  Todos os projetos est├úo atualizados para restaura├º├úo.
  NetworkDevice.Core -> C:\SPARC\src\NetworkDevice.Core\bin\Release\net8.0\NetworkDevice.Core.dll
  NetworkDevice.Protocols -> C:\SPARC\src\NetworkDevice.Protocols\bin\Release\net8.0\NetworkDevice.Protocols.dll
C:\SPARC\src\NetworkDevice.Cisco\CiscoIOSUpgrader.cs(942,1): error CS1022: Defini├º├úo de namespace ou tipo, ou final do arquivo esperado [C:\SPARC\src\NetworkDevice.Cisco\NetworkDevice.Cisco.csproj]

FALHA da compila├º├úo.

C:\SPARC\src\NetworkDevice.Cisco\CiscoIOSUpgrader.cs(942,1): error CS1022: Defini├º├úo de namespace ou tipo, ou final do arquivo esperado [C:\SPARC\src\NetworkDevice.Cisco\NetworkDevice.Cisco.csproj]
    0 Aviso(s)
    1 Erro(s)

Tempo Decorrido 00:00:01.31
2026-08-27 13:31:56 [ERRO] Falha na compilacao Release (exit 1).
2026-08-27 13:34:10 [*] Verificando e finalizando instancias antigas do SPARC...
2026-08-27 13:34:12 [*] Verificando atualizacoes no Git remoto...
2026-08-27 13:34:15 [*] Git ja atualizado.
2026-08-27 13:34:15 [*] Codigo fonte mais recente que os binarios (MainWindow.g.cs 08/27/2026 13:34:01 > 08/27/2026 12:32:13). Recompilando...
2026-08-27 13:34:15 [*] Compilando Release (dotnet build -c Release)...
  Determinando os projetos a serem restaurados...
  Todos os projetos est├úo atualizados para restaura├º├úo.
  NetworkDevice.Core -> C:\SPARC\src\NetworkDevice.Core\bin\Release\net8.0\NetworkDevice.Core.dll
  NetworkDevice.Protocols -> C:\SPARC\src\NetworkDevice.Protocols\bin\Release\net8.0\NetworkDevice.Protocols.dll
  NetworkDevice.Cisco -> C:\SPARC\src\NetworkDevice.Cisco\bin\Release\net8.0\NetworkDevice.Cisco.dll
  NetworkDevice.UI -> C:\SPARC\src\NetworkDevice.UI\bin\Release\net8.0-windows\NetworkDevice.UI.dll
  NetworkDevice.Cli -> C:\SPARC\src\NetworkDevice.Cli\bin\Release\net8.0\NetworkDevice.Cli.dll
  NetworkDevice.Tests -> C:\SPARC\tests\NetworkDevice.Tests\bin\Release\net8.0\NetworkDevice.Tests.dll

Compila├º├úo com ├¬xito.
    0 Aviso(s)
    0 Erro(s)

Tempo Decorrido 00:00:01.34
2026-08-27 13:34:17 [OK] Build Release concluido com sucesso.
2026-08-27 13:34:17 [*] Iniciando C:\SPARC\src\NetworkDevice.UI\bin\Release\net8.0-windows\NetworkDevice.UI.exe
2026-08-27 13:46:27 [*] Verificando e finalizando instancias antigas do SPARC...
2026-08-27 13:46:29 [*] Verificando atualizacoes no Git remoto...
2026-08-27 13:46:32 [*] Git ja atualizado.
2026-08-27 13:46:33 [*] Codigo fonte mais recente que os binarios (MainWindow.g.cs 08/27/2026 13:45:14 > 08/27/2026 12:32:13). Recompilando...
2026-08-27 13:46:33 [*] Compilando Release (dotnet build -c Release)...
  Determinando os projetos a serem restaurados...
  Todos os projetos est├úo atualizados para restaura├º├úo.
  NetworkDevice.Core -> C:\SPARC\src\NetworkDevice.Core\bin\Release\net8.0\NetworkDevice.Core.dll
  NetworkDevice.Protocols -> C:\SPARC\src\NetworkDevice.Protocols\bin\Release\net8.0\NetworkDevice.Protocols.dll
  NetworkDevice.Cisco -> C:\SPARC\src\NetworkDevice.Cisco\bin\Release\net8.0\NetworkDevice.Cisco.dll
  NetworkDevice.Cli -> C:\SPARC\src\NetworkDevice.Cli\bin\Release\net8.0\NetworkDevice.Cli.dll
  NetworkDevice.UI -> C:\SPARC\src\NetworkDevice.UI\bin\Release\net8.0-windows\NetworkDevice.UI.dll
  NetworkDevice.Tests -> C:\SPARC\tests\NetworkDevice.Tests\bin\Release\net8.0\NetworkDevice.Tests.dll

Compila├º├úo com ├¬xito.
    0 Aviso(s)
    0 Erro(s)

Tempo Decorrido 00:00:01.29
2026-08-27 13:46:35 [OK] Build Release concluido com sucesso.
2026-08-27 13:46:35 [*] Iniciando C:\SPARC\src\NetworkDevice.UI\bin\Release\net8.0-windows\NetworkDevice.UI.exe
2026-08-27 13:54:28 [*] Verificando e finalizando instancias antigas do SPARC...
2026-08-27 13:54:29 [*] Verificando atualizacoes no Git remoto...
2026-08-27 13:54:35 [*] Git ja atualizado.
2026-08-27 13:54:35 [*] Codigo fonte mais recente que os binarios (MainWindow.g.cs 08/27/2026 13:53:44 > 08/27/2026 12:32:13). Recompilando...
2026-08-27 13:54:35 [*] Compilando Release (dotnet build -c Release)...
  Determinando os projetos a serem restaurados...
  Todos os projetos est├úo atualizados para restaura├º├úo.
  NetworkDevice.Core -> C:\SPARC\src\NetworkDevice.Core\bin\Release\net8.0\NetworkDevice.Core.dll
  NetworkDevice.Protocols -> C:\SPARC\src\NetworkDevice.Protocols\bin\Release\net8.0\NetworkDevice.Protocols.dll
  NetworkDevice.Cisco -> C:\SPARC\src\NetworkDevice.Cisco\bin\Release\net8.0\NetworkDevice.Cisco.dll
  NetworkDevice.UI -> C:\SPARC\src\NetworkDevice.UI\bin\Release\net8.0-windows\NetworkDevice.UI.dll
  NetworkDevice.Cli -> C:\SPARC\src\NetworkDevice.Cli\bin\Release\net8.0\NetworkDevice.Cli.dll
  NetworkDevice.Tests -> C:\SPARC\tests\NetworkDevice.Tests\bin\Release\net8.0\NetworkDevice.Tests.dll

Compila├º├úo com ├¬xito.
    0 Aviso(s)
    0 Erro(s)

Tempo Decorrido 00:00:01.38
2026-08-27 13:54:37 [OK] Build Release concluido com sucesso.
2026-08-27 13:54:37 [*] Iniciando C:\SPARC\src\NetworkDevice.UI\bin\Release\net8.0-windows\NetworkDevice.UI.exe
2026-08-27 14:01:17 [*] Verificando e finalizando instancias antigas do SPARC...
2026-08-27 14:01:19 [*] Verificando atualizacoes no Git remoto...
2026-08-27 14:01:21 [*] Git ja atualizado.
2026-08-27 14:01:21 [*] Codigo fonte mais recente que os binarios (CiscoIOSUpgrader.cs 08/27/2026 14:00:06 > 08/27/2026 12:32:13). Recompilando...
2026-08-27 14:01:21 [*] Compilando Release (dotnet build -c Release)...
  Determinando os projetos a serem restaurados...
  Todos os projetos est├úo atualizados para restaura├º├úo.
  NetworkDevice.Core -> C:\SPARC\src\NetworkDevice.Core\bin\Release\net8.0\NetworkDevice.Core.dll
  NetworkDevice.Protocols -> C:\SPARC\src\NetworkDevice.Protocols\bin\Release\net8.0\NetworkDevice.Protocols.dll
  NetworkDevice.Cisco -> C:\SPARC\src\NetworkDevice.Cisco\bin\Release\net8.0\NetworkDevice.Cisco.dll
  NetworkDevice.UI -> C:\SPARC\src\NetworkDevice.UI\bin\Release\net8.0-windows\NetworkDevice.UI.dll
  NetworkDevice.Cli -> C:\SPARC\src\NetworkDevice.Cli\bin\Release\net8.0\NetworkDevice.Cli.dll
  NetworkDevice.Tests -> C:\SPARC\tests\NetworkDevice.Tests\bin\Release\net8.0\NetworkDevice.Tests.dll

Compila├º├úo com ├¬xito.
    0 Aviso(s)
    0 Erro(s)

Tempo Decorrido 00:00:02.14
2026-08-27 14:01:24 [OK] Build Release concluido com sucesso.
2026-08-27 14:01:24 [*] Iniciando C:\SPARC\src\NetworkDevice.UI\bin\Release\net8.0-windows\NetworkDevice.UI.exe
2026-08-27 14:23:30 [*] Verificando e finalizando instancias antigas do SPARC...
2026-08-27 14:23:31 [*] Verificando atualizacoes no Git remoto...
2026-08-27 14:24:15 [*] Codigo fonte mais recente que os binarios (MainWindow.xaml.cs 08/27/2026 14:23:02 > 08/27/2026 12:32:13). Recompilando...
2026-08-27 14:24:15 [*] Compilando Release (dotnet build -c Release)...
  Determinando os projetos a serem restaurados...
  C:\SPARC\src\NetworkDevice.Core\NetworkDevice.Core.csproj restaurado (em 309 ms).
  C:\sparc\src\NetworkDevice.Cli\NetworkDevice.Cli.csproj restaurado (em 352 ms).
  C:\sparc\src\NetworkDevice.Protocols\NetworkDevice.Protocols.csproj restaurado (em 351 ms).
  C:\sparc\src\NetworkDevice.Cisco\NetworkDevice.Cisco.csproj restaurado (em 6 ms).
  C:\SPARC\tests\NetworkDevice.Tests\NetworkDevice.Tests.csproj restaurado (em 386 ms).
  C:\SPARC\src\NetworkDevice.UI\NetworkDevice.UI.csproj restaurado (em 51 ms).
C:\SPARC\src\NetworkDevice.Core\Provisioning\HostNetworkManager.cs(179,28): warning CA1416: Este site de chamada pode ser acessado em todas as plataformas. S├│ h├í suporte para 'WindowsIdentity.GetCurrent()' em: 'windows'. (https://learn.microsoft.com/dotnet/fundamentals/code-analysis/quality-rules/ca1416) [C:\SPARC\src\NetworkDevice.Core\NetworkDevice.Core.csproj]
C:\SPARC\src\NetworkDevice.Core\Provisioning\HostNetworkManager.cs(180,29): warning CA1416: Este site de chamada pode ser acessado em todas as plataformas. S├│ h├í suporte para 'WindowsPrincipal' em: 'windows'. (https://learn.microsoft.com/dotnet/fundamentals/code-analysis/quality-rules/ca1416) [C:\SPARC\src\NetworkDevice.Core\NetworkDevice.Core.csproj]
C:\SPARC\src\NetworkDevice.Core\Provisioning\HostNetworkManager.cs(181,20): warning CA1416: Este site de chamada pode ser acessado em todas as plataformas. S├│ h├í suporte para 'WindowsPrincipal.IsInRole(WindowsBuiltInRole)' em: 'windows'. (https://learn.microsoft.com/dotnet/fundamentals/code-analysis/quality-rules/ca1416) [C:\SPARC\src\NetworkDevice.Core\NetworkDevice.Core.csproj]
C:\SPARC\src\NetworkDevice.Core\Provisioning\HostNetworkManager.cs(181,39): warning CA1416: Este site de chamada pode ser acessado em todas as plataformas. S├│ h├í suporte para 'WindowsBuiltInRole.Administrator' em: 'windows'. (https://learn.microsoft.com/dotnet/fundamentals/code-analysis/quality-rules/ca1416) [C:\SPARC\src\NetworkDevice.Core\NetworkDevice.Core.csproj]
  NetworkDevice.Core -> C:\SPARC\src\NetworkDevice.Core\bin\Release\net8.0\NetworkDevice.Core.dll
  NetworkDevice.Protocols -> C:\sparc\src\NetworkDevice.Protocols\bin\Release\net8.0\NetworkDevice.Protocols.dll
  NetworkDevice.Cisco -> C:\sparc\src\NetworkDevice.Cisco\bin\Release\net8.0\NetworkDevice.Cisco.dll
  NetworkDevice.Tests -> C:\SPARC\tests\NetworkDevice.Tests\bin\Release\net8.0\NetworkDevice.Tests.dll
  NetworkDevice.UI -> C:\SPARC\src\NetworkDevice.UI\bin\Release\net8.0-windows\NetworkDevice.UI.dll
  NetworkDevice.Cli -> C:\sparc\src\NetworkDevice.Cli\bin\Release\net8.0\NetworkDevice.Cli.dll

Compila├º├úo com ├¬xito.

C:\SPARC\src\NetworkDevice.Core\Provisioning\HostNetworkManager.cs(179,28): warning CA1416: Este site de chamada pode ser acessado em todas as plataformas. S├│ h├í suporte para 'WindowsIdentity.GetCurrent()' em: 'windows'. (https://learn.microsoft.com/dotnet/fundamentals/code-analysis/quality-rules/ca1416) [C:\SPARC\src\NetworkDevice.Core\NetworkDevice.Core.csproj]
C:\SPARC\src\NetworkDevice.Core\Provisioning\HostNetworkManager.cs(180,29): warning CA1416: Este site de chamada pode ser acessado em todas as plataformas. S├│ h├í suporte para 'WindowsPrincipal' em: 'windows'. (https://learn.microsoft.com/dotnet/fundamentals/code-analysis/quality-rules/ca1416) [C:\SPARC\src\NetworkDevice.Core\NetworkDevice.Core.csproj]
C:\SPARC\src\NetworkDevice.Core\Provisioning\HostNetworkManager.cs(181,20): warning CA1416: Este site de chamada pode ser acessado em todas as plataformas. S├│ h├í suporte para 'WindowsPrincipal.IsInRole(WindowsBuiltInRole)' em: 'windows'. (https://learn.microsoft.com/dotnet/fundamentals/code-analysis/quality-rules/ca1416) [C:\SPARC\src\NetworkDevice.Core\NetworkDevice.Core.csproj]
C:\SPARC\src\NetworkDevice.Core\Provisioning\HostNetworkManager.cs(181,39): warning CA1416: Este site de chamada pode ser acessado em todas as plataformas. S├│ h├í suporte para 'WindowsBuiltInRole.Administrator' em: 'windows'. (https://learn.microsoft.com/dotnet/fundamentals/code-analysis/quality-rules/ca1416) [C:\SPARC\src\NetworkDevice.Core\NetworkDevice.Core.csproj]
    4 Aviso(s)
    0 Erro(s)

Tempo Decorrido 00:00:03.06
2026-08-27 14:24:19 [OK] Build Release concluido com sucesso.
2026-08-27 14:24:19 [*] Iniciando C:\SPARC\src\NetworkDevice.UI\bin\Release\net8.0-windows\NetworkDevice.UI.exe
2026-08-27 14:25:14 [*] Verificando e finalizando instancias antigas do SPARC...
2026-08-27 14:25:16 [*] Verificando atualizacoes no Git remoto...
2026-08-27 14:26:01 [*] Codigo fonte mais recente que os binarios (MainWindow.g.cs 08/27/2026 14:24:18 > 08/27/2026 14:24:18). Recompilando...
2026-08-27 14:26:01 [*] Compilando Release (dotnet build -c Release)...
  Determinando os projetos a serem restaurados...
  C:\SPARC\src\NetworkDevice.Cli\NetworkDevice.Cli.csproj restaurado (em 285 ms).
  5 de 6 projetos est├úo atualizados para restaura├º├úo.
  NetworkDevice.Core -> C:\SPARC\src\NetworkDevice.Core\bin\Release\net8.0\NetworkDevice.Core.dll
  NetworkDevice.Protocols -> C:\SPARC\src\NetworkDevice.Protocols\bin\Release\net8.0\NetworkDevice.Protocols.dll
  NetworkDevice.Cisco -> C:\sparc\src\NetworkDevice.Cisco\bin\Release\net8.0\NetworkDevice.Cisco.dll
  NetworkDevice.UI -> C:\SPARC\src\NetworkDevice.UI\bin\Release\net8.0-windows\NetworkDevice.UI.dll
  NetworkDevice.Cli -> C:\SPARC\src\NetworkDevice.Cli\bin\Release\net8.0\NetworkDevice.Cli.dll
  NetworkDevice.Tests -> C:\SPARC\tests\NetworkDevice.Tests\bin\Release\net8.0\NetworkDevice.Tests.dll

Compila├º├úo com ├¬xito.
    0 Aviso(s)
    0 Erro(s)

Tempo Decorrido 00:00:02.51
2026-08-27 14:26:06 [OK] Build Release concluido com sucesso.
2026-08-27 14:26:06 [*] Iniciando C:\SPARC\src\NetworkDevice.UI\bin\Release\net8.0-windows\NetworkDevice.UI.exe
2026-08-27 14:31:10 [*] Verificando e finalizando instancias antigas do SPARC...
2026-08-27 14:31:12 [*] Verificando atualizacoes no Git remoto...
2026-08-27 14:31:55 [*] Codigo fonte mais recente que os binarios (MainWindow.g.cs 08/27/2026 14:26:05 > 08/27/2026 14:24:18). Recompilando...
2026-08-27 14:31:55 [*] Compilando Release (dotnet build -c Release)...
  Determinando os projetos a serem restaurados...
  Todos os projetos est├úo atualizados para restaura├º├úo.
  NetworkDevice.Core -> C:\SPARC\src\NetworkDevice.Core\bin\Release\net8.0\NetworkDevice.Core.dll
  NetworkDevice.Protocols -> C:\sparc\src\NetworkDevice.Protocols\bin\Release\net8.0\NetworkDevice.Protocols.dll
  NetworkDevice.Cisco -> C:\sparc\src\NetworkDevice.Cisco\bin\Release\net8.0\NetworkDevice.Cisco.dll
  NetworkDevice.Tests -> C:\SPARC\tests\NetworkDevice.Tests\bin\Release\net8.0\NetworkDevice.Tests.dll
  NetworkDevice.UI -> C:\sparc\src\NetworkDevice.UI\bin\Release\net8.0-windows\NetworkDevice.UI.dll
  NetworkDevice.Cli -> C:\SPARC\src\NetworkDevice.Cli\bin\Release\net8.0\NetworkDevice.Cli.dll

Compila├º├úo com ├¬xito.
    0 Aviso(s)
    0 Erro(s)

Tempo Decorrido 00:00:02.29
2026-08-27 14:31:59 [OK] Build Release concluido com sucesso.
2026-08-27 14:31:59 [*] Iniciando C:\SPARC\src\NetworkDevice.UI\bin\Release\net8.0-windows\NetworkDevice.UI.exe
2026-08-27 14:45:26 [*] Verificando e finalizando instancias antigas do SPARC...
2026-08-27 14:45:28 [*] Verificando atualizacoes no Git remoto...
2026-08-27 14:46:12 [*] Codigo fonte mais recente que os binarios (CiscoIOSRecovery.cs 08/27/2026 14:43:02 > 08/27/2026 14:24:18). Recompilando...
2026-08-27 14:46:12 [*] Compilando Release (dotnet build -c Release)...
  Determinando os projetos a serem restaurados...
  C:\SPARC\src\NetworkDevice.Core\NetworkDevice.Core.csproj restaurado (em 264 ms).
  C:\sparc\src\NetworkDevice.Cli\NetworkDevice.Cli.csproj restaurado (em 317 ms).
  C:\sparc\src\NetworkDevice.Protocols\NetworkDevice.Protocols.csproj restaurado (em 271 ms).
  C:\sparc\src\NetworkDevice.Cisco\NetworkDevice.Cisco.csproj restaurado (em 317 ms).
  2 de 6 projetos est├úo atualizados para restaura├º├úo.
C:\SPARC\src\NetworkDevice.Core\Provisioning\HostNetworkManager.cs(179,28): warning CA1416: Este site de chamada pode ser acessado em todas as plataformas. S├│ h├í suporte para 'WindowsIdentity.GetCurrent()' em: 'windows'. (https://learn.microsoft.com/dotnet/fundamentals/code-analysis/quality-rules/ca1416) [C:\SPARC\src\NetworkDevice.Core\NetworkDevice.Core.csproj]
C:\SPARC\src\NetworkDevice.Core\Provisioning\HostNetworkManager.cs(181,39): warning CA1416: Este site de chamada pode ser acessado em todas as plataformas. S├│ h├í suporte para 'WindowsBuiltInRole.Administrator' em: 'windows'. (https://learn.microsoft.com/dotnet/fundamentals/code-analysis/quality-rules/ca1416) [C:\SPARC\src\NetworkDevice.Core\NetworkDevice.Core.csproj]
C:\SPARC\src\NetworkDevice.Core\Provisioning\HostNetworkManager.cs(180,29): warning CA1416: Este site de chamada pode ser acessado em todas as plataformas. S├│ h├í suporte para 'WindowsPrincipal' em: 'windows'. (https://learn.microsoft.com/dotnet/fundamentals/code-analysis/quality-rules/ca1416) [C:\SPARC\src\NetworkDevice.Core\NetworkDevice.Core.csproj]
C:\SPARC\src\NetworkDevice.Core\Provisioning\HostNetworkManager.cs(181,20): warning CA1416: Este site de chamada pode ser acessado em todas as plataformas. S├│ h├í suporte para 'WindowsPrincipal.IsInRole(WindowsBuiltInRole)' em: 'windows'. (https://learn.microsoft.com/dotnet/fundamentals/code-analysis/quality-rules/ca1416) [C:\SPARC\src\NetworkDevice.Core\NetworkDevice.Core.csproj]
  NetworkDevice.Core -> C:\SPARC\src\NetworkDevice.Core\bin\Release\net8.0\NetworkDevice.Core.dll
  NetworkDevice.Protocols -> C:\sparc\src\NetworkDevice.Protocols\bin\Release\net8.0\NetworkDevice.Protocols.dll
  NetworkDevice.Cisco -> C:\sparc\src\NetworkDevice.Cisco\bin\Release\net8.0\NetworkDevice.Cisco.dll
  NetworkDevice.UI -> C:\SPARC\src\NetworkDevice.UI\bin\Release\net8.0-windows\NetworkDevice.UI.dll
  NetworkDevice.Cli -> C:\sparc\src\NetworkDevice.Cli\bin\Release\net8.0\NetworkDevice.Cli.dll
  NetworkDevice.Tests -> C:\SPARC\tests\NetworkDevice.Tests\bin\Release\net8.0\NetworkDevice.Tests.dll

Compila├º├úo com ├¬xito.

C:\SPARC\src\NetworkDevice.Core\Provisioning\HostNetworkManager.cs(179,28): warning CA1416: Este site de chamada pode ser acessado em todas as plataformas. S├│ h├í suporte para 'WindowsIdentity.GetCurrent()' em: 'windows'. (https://learn.microsoft.com/dotnet/fundamentals/code-analysis/quality-rules/ca1416) [C:\SPARC\src\NetworkDevice.Core\NetworkDevice.Core.csproj]
C:\SPARC\src\NetworkDevice.Core\Provisioning\HostNetworkManager.cs(181,39): warning CA1416: Este site de chamada pode ser acessado em todas as plataformas. S├│ h├í suporte para 'WindowsBuiltInRole.Administrator' em: 'windows'. (https://learn.microsoft.com/dotnet/fundamentals/code-analysis/quality-rules/ca1416) [C:\SPARC\src\NetworkDevice.Core\NetworkDevice.Core.csproj]
C:\SPARC\src\NetworkDevice.Core\Provisioning\HostNetworkManager.cs(180,29): warning CA1416: Este site de chamada pode ser acessado em todas as plataformas. S├│ h├í suporte para 'WindowsPrincipal' em: 'windows'. (https://learn.microsoft.com/dotnet/fundamentals/code-analysis/quality-rules/ca1416) [C:\SPARC\src\NetworkDevice.Core\NetworkDevice.Core.csproj]
C:\SPARC\src\NetworkDevice.Core\Provisioning\HostNetworkManager.cs(181,20): warning CA1416: Este site de chamada pode ser acessado em todas as plataformas. S├│ h├í suporte para 'WindowsPrincipal.IsInRole(WindowsBuiltInRole)' em: 'windows'. (https://learn.microsoft.com/dotnet/fundamentals/code-analysis/quality-rules/ca1416) [C:\SPARC\src\NetworkDevice.Core\NetworkDevice.Core.csproj]
    4 Aviso(s)
    0 Erro(s)

Tempo Decorrido 00:00:04.24
2026-08-27 14:46:18 [OK] Build Release concluido com sucesso.
2026-08-27 14:46:18 [*] Iniciando C:\SPARC\src\NetworkDevice.UI\bin\Release\net8.0-windows\NetworkDevice.UI.exe
2026-08-27 14:53:09 [*] Verificando e finalizando instancias antigas do SPARC...
2026-08-27 14:53:11 [*] Verificando atualizacoes no Git remoto...
2026-08-27 14:53:55 [*] Codigo fonte mais recente que os binarios (MainWindow.g.cs 08/27/2026 14:46:17 > 08/27/2026 14:46:16). Recompilando...
2026-08-27 14:53:55 [*] Compilando Release (dotnet build -c Release)...
  Determinando os projetos a serem restaurados...
  C:\SPARC\src\NetworkDevice.Cli\NetworkDevice.Cli.csproj restaurado (em 1,08 seg).
  5 de 6 projetos est├úo atualizados para restaura├º├úo.
  NetworkDevice.Core -> C:\SPARC\src\NetworkDevice.Core\bin\Release\net8.0\NetworkDevice.Core.dll
  NetworkDevice.Protocols -> C:\sparc\src\NetworkDevice.Protocols\bin\Release\net8.0\NetworkDevice.Protocols.dll
  NetworkDevice.Cisco -> C:\sparc\src\NetworkDevice.Cisco\bin\Release\net8.0\NetworkDevice.Cisco.dll
  NetworkDevice.UI -> C:\sparc\src\NetworkDevice.UI\bin\Release\net8.0-windows\NetworkDevice.UI.dll
  NetworkDevice.Cli -> C:\sparc\src\NetworkDevice.Cli\bin\Release\net8.0\NetworkDevice.Cli.dll
  NetworkDevice.Tests -> C:\SPARC\tests\NetworkDevice.Tests\bin\Release\net8.0\NetworkDevice.Tests.dll

Compila├º├úo com ├¬xito.
    0 Aviso(s)
    0 Erro(s)

Tempo Decorrido 00:00:02.96
2026-08-27 14:53:59 [OK] Build Release concluido com sucesso.
2026-08-27 14:53:59 [*] Iniciando C:\SPARC\src\NetworkDevice.UI\bin\Release\net8.0-windows\NetworkDevice.UI.exe
2026-08-27 14:59:42 [*] Verificando e finalizando instancias antigas do SPARC...
2026-08-27 14:59:44 [*] Verificando atualizacoes no Git remoto...
2026-08-27 15:00:26 [*] Verificando e finalizando instancias antigas do SPARC...
2026-08-27 15:00:27 [*] Verificando atualizacoes no Git remoto...
2026-08-27 15:00:28 [*] Codigo fonte mais recente que os binarios (CiscoIOSRecovery.cs 08/27/2026 14:58:46 > 08/27/2026 14:46:16). Recompilando...
2026-08-27 15:00:28 [*] Compilando Release (dotnet build -c Release)...
  Determinando os projetos a serem restaurados...
  C:\sparc\src\NetworkDevice.UI\NetworkDevice.UI.csproj restaurado (em 314 ms).
  5 de 6 projetos est├úo atualizados para restaura├º├úo.
  NetworkDevice.Core -> C:\SPARC\src\NetworkDevice.Core\bin\Release\net8.0\NetworkDevice.Core.dll
  NetworkDevice.Protocols -> C:\SPARC\src\NetworkDevice.Protocols\bin\Release\net8.0\NetworkDevice.Protocols.dll
  NetworkDevice.Cisco -> C:\sparc\src\NetworkDevice.Cisco\bin\Release\net8.0\NetworkDevice.Cisco.dll
  NetworkDevice.UI -> C:\sparc\src\NetworkDevice.UI\bin\Release\net8.0-windows\NetworkDevice.UI.dll
  NetworkDevice.Cli -> C:\SPARC\src\NetworkDevice.Cli\bin\Release\net8.0\NetworkDevice.Cli.dll
  NetworkDevice.Tests -> C:\SPARC\tests\NetworkDevice.Tests\bin\Release\net8.0\NetworkDevice.Tests.dll

Compila├º├úo com ├¬xito.
    0 Aviso(s)
    0 Erro(s)

Tempo Decorrido 00:00:02.76
2026-08-27 15:00:33 [OK] Build Release concluido com sucesso.
2026-08-27 15:00:33 [*] Iniciando C:\SPARC\src\NetworkDevice.UI\bin\Release\net8.0-windows\NetworkDevice.UI.exe
2026-08-27 15:01:10 [*] Codigo fonte mais recente que os binarios (MainWindow.g.cs 08/27/2026 15:00:32 > 08/27/2026 14:46:16). Recompilando...
2026-08-27 15:01:10 [*] Compilando Release (dotnet build -c Release)...
  Determinando os projetos a serem restaurados...
  C:\SPARC\src\NetworkDevice.UI\NetworkDevice.UI.csproj restaurado (em 272 ms).
  5 de 6 projetos est├úo atualizados para restaura├º├úo.
  NetworkDevice.Core -> C:\SPARC\src\NetworkDevice.Core\bin\Release\net8.0\NetworkDevice.Core.dll
  NetworkDevice.Protocols -> C:\sparc\src\NetworkDevice.Protocols\bin\Release\net8.0\NetworkDevice.Protocols.dll
  NetworkDevice.Cisco -> C:\sparc\src\NetworkDevice.Cisco\bin\Release\net8.0\NetworkDevice.Cisco.dll
  NetworkDevice.Tests -> C:\SPARC\tests\NetworkDevice.Tests\bin\Release\net8.0\NetworkDevice.Tests.dll
  NetworkDevice.Cli -> C:\SPARC\src\NetworkDevice.Cli\bin\Release\net8.0\NetworkDevice.Cli.dll
  NetworkDevice.UI -> C:\SPARC\src\NetworkDevice.UI\bin\Release\net8.0-windows\NetworkDevice.UI.dll

Compila├º├úo com ├¬xito.
    0 Aviso(s)
    0 Erro(s)

Tempo Decorrido 00:00:02.39
2026-08-27 15:01:14 [OK] Build Release concluido com sucesso.
2026-08-27 15:01:14 [*] Iniciando C:\SPARC\src\NetworkDevice.UI\bin\Release\net8.0-windows\NetworkDevice.UI.exe
2026-08-27 15:05:03 [*] Verificando e finalizando instancias antigas do SPARC...
2026-08-27 15:05:05 [*] Verificando atualizacoes no Git remoto...
2026-08-27 15:05:49 [*] Codigo fonte mais recente que os binarios (CiscoIOSUpgrader.cs 08/27/2026 15:04:09 > 08/27/2026 14:46:16). Recompilando...
2026-08-27 15:05:49 [*] Compilando Release (dotnet build -c Release)...
  Determinando os projetos a serem restaurados...
  C:\sparc\src\NetworkDevice.UI\NetworkDevice.UI.csproj restaurado (em 280 ms).
  5 de 6 projetos est├úo atualizados para restaura├º├úo.
  NetworkDevice.Core -> C:\SPARC\src\NetworkDevice.Core\bin\Release\net8.0\NetworkDevice.Core.dll
  NetworkDevice.Protocols -> C:\SPARC\src\NetworkDevice.Protocols\bin\Release\net8.0\NetworkDevice.Protocols.dll
  NetworkDevice.Cisco -> C:\sparc\src\NetworkDevice.Cisco\bin\Release\net8.0\NetworkDevice.Cisco.dll
  NetworkDevice.Tests -> C:\SPARC\tests\NetworkDevice.Tests\bin\Release\net8.0\NetworkDevice.Tests.dll
  NetworkDevice.UI -> C:\sparc\src\NetworkDevice.UI\bin\Release\net8.0-windows\NetworkDevice.UI.dll
  NetworkDevice.Cli -> C:\SPARC\src\NetworkDevice.Cli\bin\Release\net8.0\NetworkDevice.Cli.dll

Compila├º├úo com ├¬xito.
    0 Aviso(s)
    0 Erro(s)

Tempo Decorrido 00:00:02.59
2026-08-27 15:05:54 [OK] Build Release concluido com sucesso.
2026-08-27 15:05:54 [*] Iniciando C:\SPARC\src\NetworkDevice.UI\bin\Release\net8.0-windows\NetworkDevice.UI.exe
2026-08-27 15:09:51 [*] Verificando e finalizando instancias antigas do SPARC...
2026-08-27 15:09:53 [*] Verificando atualizacoes no Git remoto...
2026-08-27 15:10:36 [*] Codigo fonte mais recente que os binarios (CiscoIOSUpgrader.cs 08/27/2026 15:09:16 > 08/27/2026 14:46:16). Recompilando...
2026-08-27 15:10:36 [*] Compilando Release (dotnet build -c Release)...
  Determinando os projetos a serem restaurados...
  C:\SPARC\src\NetworkDevice.Protocols\NetworkDevice.Protocols.csproj restaurado (em 351 ms).
  C:\sparc\src\NetworkDevice.Cisco\NetworkDevice.Cisco.csproj restaurado (em 351 ms).
  C:\SPARC\src\NetworkDevice.UI\NetworkDevice.UI.csproj restaurado (em 310 ms).
  C:\SPARC\tests\NetworkDevice.Tests\NetworkDevice.Tests.csproj restaurado (em 369 ms).
  C:\SPARC\src\NetworkDevice.Cli\NetworkDevice.Cli.csproj restaurado (em 5 ms).
  1 de 6 projetos est├úo atualizados para restaura├º├úo.
  NetworkDevice.Core -> C:\SPARC\src\NetworkDevice.Core\bin\Release\net8.0\NetworkDevice.Core.dll
  NetworkDevice.Protocols -> C:\sparc\src\NetworkDevice.Protocols\bin\Release\net8.0\NetworkDevice.Protocols.dll
  NetworkDevice.Cisco -> C:\sparc\src\NetworkDevice.Cisco\bin\Release\net8.0\NetworkDevice.Cisco.dll
  NetworkDevice.UI -> C:\SPARC\src\NetworkDevice.UI\bin\Release\net8.0-windows\NetworkDevice.UI.dll
  NetworkDevice.Cli -> C:\SPARC\src\NetworkDevice.Cli\bin\Release\net8.0\NetworkDevice.Cli.dll
  NetworkDevice.Tests -> C:\SPARC\tests\NetworkDevice.Tests\bin\Release\net8.0\NetworkDevice.Tests.dll

Compila├º├úo com ├¬xito.
    0 Aviso(s)
    0 Erro(s)

Tempo Decorrido 00:00:02.68
2026-08-27 15:10:41 [OK] Build Release concluido com sucesso.
2026-08-27 15:10:41 [*] Iniciando C:\SPARC\src\NetworkDevice.UI\bin\Release\net8.0-windows\NetworkDevice.UI.exe
2026-08-27 15:14:42 [*] Verificando e finalizando instancias antigas do SPARC...
2026-08-27 15:14:43 [*] Verificando atualizacoes no Git remoto...
2026-08-27 15:15:26 [*] Codigo fonte mais recente que os binarios (CiscoIOSUpgrader.cs 08/27/2026 15:13:21 > 08/27/2026 14:46:16). Recompilando...
2026-08-27 15:15:26 [*] Compilando Release (dotnet build -c Release)...
  Determinando os projetos a serem restaurados...
  C:\SPARC\src\NetworkDevice.Core\NetworkDevice.Core.csproj restaurado (em 209 ms).
  C:\SPARC\src\NetworkDevice.Protocols\NetworkDevice.Protocols.csproj restaurado (em 312 ms).
  C:\sparc\src\NetworkDevice.Cisco\NetworkDevice.Cisco.csproj restaurado (em 312 ms).
  3 de 6 projetos est├úo atualizados para restaura├º├úo.
C:\SPARC\src\NetworkDevice.Core\Provisioning\HostNetworkManager.cs(181,39): warning CA1416: Este site de chamada pode ser acessado em todas as plataformas. S├│ h├í suporte para 'WindowsBuiltInRole.Administrator' em: 'windows'. (https://learn.microsoft.com/dotnet/fundamentals/code-analysis/quality-rules/ca1416) [C:\SPARC\src\NetworkDevice.Core\NetworkDevice.Core.csproj]
C:\SPARC\src\NetworkDevice.Core\Provisioning\HostNetworkManager.cs(179,28): warning CA1416: Este site de chamada pode ser acessado em todas as plataformas. S├│ h├í suporte para 'WindowsIdentity.GetCurrent()' em: 'windows'. (https://learn.microsoft.com/dotnet/fundamentals/code-analysis/quality-rules/ca1416) [C:\SPARC\src\NetworkDevice.Core\NetworkDevice.Core.csproj]
C:\SPARC\src\NetworkDevice.Core\Provisioning\HostNetworkManager.cs(180,29): warning CA1416: Este site de chamada pode ser acessado em todas as plataformas. S├│ h├í suporte para 'WindowsPrincipal' em: 'windows'. (https://learn.microsoft.com/dotnet/fundamentals/code-analysis/quality-rules/ca1416) [C:\SPARC\src\NetworkDevice.Core\NetworkDevice.Core.csproj]
C:\SPARC\src\NetworkDevice.Core\Provisioning\HostNetworkManager.cs(181,20): warning CA1416: Este site de chamada pode ser acessado em todas as plataformas. S├│ h├í suporte para 'WindowsPrincipal.IsInRole(WindowsBuiltInRole)' em: 'windows'. (https://learn.microsoft.com/dotnet/fundamentals/code-analysis/quality-rules/ca1416) [C:\SPARC\src\NetworkDevice.Core\NetworkDevice.Core.csproj]
  NetworkDevice.Core -> C:\SPARC\src\NetworkDevice.Core\bin\Release\net8.0\NetworkDevice.Core.dll
  NetworkDevice.Protocols -> C:\sparc\src\NetworkDevice.Protocols\bin\Release\net8.0\NetworkDevice.Protocols.dll
  NetworkDevice.Cisco -> C:\sparc\src\NetworkDevice.Cisco\bin\Release\net8.0\NetworkDevice.Cisco.dll
  NetworkDevice.Cli -> C:\SPARC\src\NetworkDevice.Cli\bin\Release\net8.0\NetworkDevice.Cli.dll
  NetworkDevice.UI -> C:\sparc\src\NetworkDevice.UI\bin\Release\net8.0-windows\NetworkDevice.UI.dll
  NetworkDevice.Tests -> C:\SPARC\tests\NetworkDevice.Tests\bin\Release\net8.0\NetworkDevice.Tests.dll

Compila├º├úo com ├¬xito.

C:\SPARC\src\NetworkDevice.Core\Provisioning\HostNetworkManager.cs(181,39): warning CA1416: Este site de chamada pode ser acessado em todas as plataformas. S├│ h├í suporte para 'WindowsBuiltInRole.Administrator' em: 'windows'. (https://learn.microsoft.com/dotnet/fundamentals/code-analysis/quality-rules/ca1416) [C:\SPARC\src\NetworkDevice.Core\NetworkDevice.Core.csproj]
C:\SPARC\src\NetworkDevice.Core\Provisioning\HostNetworkManager.cs(179,28): warning CA1416: Este site de chamada pode ser acessado em todas as plataformas. S├│ h├í suporte para 'WindowsIdentity.GetCurrent()' em: 'windows'. (https://learn.microsoft.com/dotnet/fundamentals/code-analysis/quality-rules/ca1416) [C:\SPARC\src\NetworkDevice.Core\NetworkDevice.Core.csproj]
C:\SPARC\src\NetworkDevice.Core\Provisioning\HostNetworkManager.cs(180,29): warning CA1416: Este site de chamada pode ser acessado em todas as plataformas. S├│ h├í suporte para 'WindowsPrincipal' em: 'windows'. (https://learn.microsoft.com/dotnet/fundamentals/code-analysis/quality-rules/ca1416) [C:\SPARC\src\NetworkDevice.Core\NetworkDevice.Core.csproj]
C:\SPARC\src\NetworkDevice.Core\Provisioning\HostNetworkManager.cs(181,20): warning CA1416: Este site de chamada pode ser acessado em todas as plataformas. S├│ h├í suporte para 'WindowsPrincipal.IsInRole(WindowsBuiltInRole)' em: 'windows'. (https://learn.microsoft.com/dotnet/fundamentals/code-analysis/quality-rules/ca1416) [C:\SPARC\src\NetworkDevice.Core\NetworkDevice.Core.csproj]
    4 Aviso(s)
    0 Erro(s)

Tempo Decorrido 00:00:02.49
2026-08-27 15:15:31 [OK] Build Release concluido com sucesso.
2026-08-27 15:15:31 [*] Iniciando C:\SPARC\src\NetworkDevice.UI\bin\Release\net8.0-windows\NetworkDevice.UI.exe
2026-08-27 15:20:14 [*] Verificando e finalizando instancias antigas do SPARC...
2026-08-27 15:20:16 [*] Verificando atualizacoes no Git remoto...
2026-08-27 15:21:01 [*] Codigo fonte mais recente que os binarios (MainWindow.g.cs 08/27/2026 15:15:30 > 08/27/2026 15:15:30). Recompilando...
2026-08-27 15:21:01 [*] Compilando Release (dotnet build -c Release)...
  Determinando os projetos a serem restaurados...
  C:\sparc\src\NetworkDevice.Protocols\NetworkDevice.Protocols.csproj restaurado (em 365 ms).
  C:\sparc\src\NetworkDevice.Cisco\NetworkDevice.Cisco.csproj restaurado (em 365 ms).
  C:\sparc\src\NetworkDevice.UI\NetworkDevice.UI.csproj restaurado (em 326 ms).
  C:\SPARC\tests\NetworkDevice.Tests\NetworkDevice.Tests.csproj restaurado (em 381 ms).
  C:\SPARC\src\NetworkDevice.Cli\NetworkDevice.Cli.csproj restaurado (em 6 ms).
  1 de 6 projetos est├úo atualizados para restaura├º├úo.
  NetworkDevice.Core -> C:\SPARC\src\NetworkDevice.Core\bin\Release\net8.0\NetworkDevice.Core.dll
  NetworkDevice.Protocols -> C:\sparc\src\NetworkDevice.Protocols\bin\Release\net8.0\NetworkDevice.Protocols.dll
  NetworkDevice.Cisco -> C:\sparc\src\NetworkDevice.Cisco\bin\Release\net8.0\NetworkDevice.Cisco.dll
  NetworkDevice.UI -> C:\SPARC\src\NetworkDevice.UI\bin\Release\net8.0-windows\NetworkDevice.UI.dll
  NetworkDevice.Cli -> C:\SPARC\src\NetworkDevice.Cli\bin\Release\net8.0\NetworkDevice.Cli.dll
  NetworkDevice.Tests -> C:\SPARC\tests\NetworkDevice.Tests\bin\Release\net8.0\NetworkDevice.Tests.dll

Compila├º├úo com ├¬xito.
    0 Aviso(s)
    0 Erro(s)

Tempo Decorrido 00:00:02.14
2026-08-27 15:21:05 [OK] Build Release concluido com sucesso.
2026-08-27 15:21:05 [*] Iniciando C:\SPARC\src\NetworkDevice.UI\bin\Release\net8.0-windows\NetworkDevice.UI.exe
2026-08-27 15:27:24 [*] Verificando e finalizando instancias antigas do SPARC...
2026-08-27 15:27:25 [*] Verificando atualizacoes no Git remoto...
2026-08-27 15:27:42 [*] Verificando e finalizando instancias antigas do SPARC...
2026-08-27 15:27:43 [*] Verificando atualizacoes no Git remoto...
2026-08-27 15:28:08 [*] Codigo fonte mais recente que os binarios (CiscoIOSUpgrader.cs 08/27/2026 15:26:48 > 08/27/2026 15:15:30). Recompilando...
2026-08-27 15:28:08 [*] Compilando Release (dotnet build -c Release)...
  Determinando os projetos a serem restaurados...
  C:\SPARC\src\NetworkDevice.Core\NetworkDevice.Core.csproj restaurado (em 260 ms).
  C:\SPARC\src\NetworkDevice.UI\NetworkDevice.UI.csproj restaurado (em 281 ms).
  C:\sparc\src\NetworkDevice.Protocols\NetworkDevice.Protocols.csproj restaurado (em 280 ms).
  C:\sparc\src\NetworkDevice.Cisco\NetworkDevice.Cisco.csproj restaurado (em 321 ms).
  2 de 6 projetos est├úo atualizados para restaura├º├úo.
C:\SPARC\src\NetworkDevice.Core\Provisioning\HostNetworkManager.cs(179,28): warning CA1416: Este site de chamada pode ser acessado em todas as plataformas. S├│ h├í suporte para 'WindowsIdentity.GetCurrent()' em: 'windows'. (https://learn.microsoft.com/dotnet/fundamentals/code-analysis/quality-rules/ca1416) [C:\SPARC\src\NetworkDevice.Core\NetworkDevice.Core.csproj]
C:\SPARC\src\NetworkDevice.Core\Provisioning\HostNetworkManager.cs(181,20): warning CA1416: Este site de chamada pode ser acessado em todas as plataformas. S├│ h├í suporte para 'WindowsPrincipal.IsInRole(WindowsBuiltInRole)' em: 'windows'. (https://learn.microsoft.com/dotnet/fundamentals/code-analysis/quality-rules/ca1416) [C:\SPARC\src\NetworkDevice.Core\NetworkDevice.Core.csproj]
C:\SPARC\src\NetworkDevice.Core\Provisioning\HostNetworkManager.cs(180,29): warning CA1416: Este site de chamada pode ser acessado em todas as plataformas. S├│ h├í suporte para 'WindowsPrincipal' em: 'windows'. (https://learn.microsoft.com/dotnet/fundamentals/code-analysis/quality-rules/ca1416) [C:\SPARC\src\NetworkDevice.Core\NetworkDevice.Core.csproj]
C:\SPARC\src\NetworkDevice.Core\Provisioning\HostNetworkManager.cs(181,39): warning CA1416: Este site de chamada pode ser acessado em todas as plataformas. S├│ h├í suporte para 'WindowsBuiltInRole.Administrator' em: 'windows'. (https://learn.microsoft.com/dotnet/fundamentals/code-analysis/quality-rules/ca1416) [C:\SPARC\src\NetworkDevice.Core\NetworkDevice.Core.csproj]
  NetworkDevice.Core -> C:\SPARC\src\NetworkDevice.Core\bin\Release\net8.0\NetworkDevice.Core.dll
  NetworkDevice.Protocols -> C:\sparc\src\NetworkDevice.Protocols\bin\Release\net8.0\NetworkDevice.Protocols.dll
  NetworkDevice.Cisco -> C:\sparc\src\NetworkDevice.Cisco\bin\Release\net8.0\NetworkDevice.Cisco.dll
  NetworkDevice.Tests -> C:\SPARC\tests\NetworkDevice.Tests\bin\Release\net8.0\NetworkDevice.Tests.dll
  NetworkDevice.UI -> C:\SPARC\src\NetworkDevice.UI\bin\Release\net8.0-windows\NetworkDevice.UI.dll
  NetworkDevice.Cli -> C:\sparc\src\NetworkDevice.Cli\bin\Release\net8.0\NetworkDevice.Cli.dll

Compila├º├úo com ├¬xito.

C:\SPARC\src\NetworkDevice.Core\Provisioning\HostNetworkManager.cs(179,28): warning CA1416: Este site de chamada pode ser acessado em todas as plataformas. S├│ h├í suporte para 'WindowsIdentity.GetCurrent()' em: 'windows'. (https://learn.microsoft.com/dotnet/fundamentals/code-analysis/quality-rules/ca1416) [C:\SPARC\src\NetworkDevice.Core\NetworkDevice.Core.csproj]
C:\SPARC\src\NetworkDevice.Core\Provisioning\HostNetworkManager.cs(181,20): warning CA1416: Este site de chamada pode ser acessado em todas as plataformas. S├│ h├í suporte para 'WindowsPrincipal.IsInRole(WindowsBuiltInRole)' em: 'windows'. (https://learn.microsoft.com/dotnet/fundamentals/code-analysis/quality-rules/ca1416) [C:\SPARC\src\NetworkDevice.Core\NetworkDevice.Core.csproj]
C:\SPARC\src\NetworkDevice.Core\Provisioning\HostNetworkManager.cs(180,29): warning CA1416: Este site de chamada pode ser acessado em todas as plataformas. S├│ h├í suporte para 'WindowsPrincipal' em: 'windows'. (https://learn.microsoft.com/dotnet/fundamentals/code-analysis/quality-rules/ca1416) [C:\SPARC\src\NetworkDevice.Core\NetworkDevice.Core.csproj]
C:\SPARC\src\NetworkDevice.Core\Provisioning\HostNetworkManager.cs(181,39): warning CA1416: Este site de chamada pode ser acessado em todas as plataformas. S├│ h├í suporte para 'WindowsBuiltInRole.Administrator' em: 'windows'. (https://learn.microsoft.com/dotnet/fundamentals/code-analysis/quality-rules/ca1416) [C:\SPARC\src\NetworkDevice.Core\NetworkDevice.Core.csproj]
    4 Aviso(s)
    0 Erro(s)

Tempo Decorrido 00:00:02.79
2026-08-27 15:28:12 [OK] Build Release concluido com sucesso.
2026-08-27 15:28:12 [*] Iniciando C:\SPARC\src\NetworkDevice.UI\bin\Release\net8.0-windows\NetworkDevice.UI.exe
2026-08-27 15:34:24 [*] Verificando e finalizando instancias antigas do SPARC...
2026-08-27 15:34:26 [*] Verificando atualizacoes no Git remoto...
2026-08-27 15:35:10 [*] Codigo fonte mais recente que os binarios (CiscoIOSUpgrader.cs 08/27/2026 15:33:55 > 08/27/2026 15:28:11). Recompilando...
2026-08-27 15:35:10 [*] Compilando Release (dotnet build -c Release)...
  Determinando os projetos a serem restaurados...
  C:\SPARC\src\NetworkDevice.Protocols\NetworkDevice.Protocols.csproj restaurado (em 376 ms).
  C:\sparc\src\NetworkDevice.Cisco\NetworkDevice.Cisco.csproj restaurado (em 376 ms).
  C:\SPARC\src\NetworkDevice.Cli\NetworkDevice.Cli.csproj restaurado (em 376 ms).
  C:\SPARC\tests\NetworkDevice.Tests\NetworkDevice.Tests.csproj restaurado (em 391 ms).
  C:\SPARC\src\NetworkDevice.Core\NetworkDevice.Core.csproj restaurado (em 3 ms).
  C:\SPARC\src\NetworkDevice.UI\NetworkDevice.UI.csproj restaurado (em 47 ms).
C:\SPARC\src\NetworkDevice.Core\Provisioning\HostNetworkManager.cs(181,20): warning CA1416: Este site de chamada pode ser acessado em todas as plataformas. S├│ h├í suporte para 'WindowsPrincipal.IsInRole(WindowsBuiltInRole)' em: 'windows'. (https://learn.microsoft.com/dotnet/fundamentals/code-analysis/quality-rules/ca1416) [C:\SPARC\src\NetworkDevice.Core\NetworkDevice.Core.csproj]
C:\SPARC\src\NetworkDevice.Core\Provisioning\HostNetworkManager.cs(180,29): warning CA1416: Este site de chamada pode ser acessado em todas as plataformas. S├│ h├í suporte para 'WindowsPrincipal' em: 'windows'. (https://learn.microsoft.com/dotnet/fundamentals/code-analysis/quality-rules/ca1416) [C:\SPARC\src\NetworkDevice.Core\NetworkDevice.Core.csproj]
C:\SPARC\src\NetworkDevice.Core\Provisioning\HostNetworkManager.cs(179,28): warning CA1416: Este site de chamada pode ser acessado em todas as plataformas. S├│ h├í suporte para 'WindowsIdentity.GetCurrent()' em: 'windows'. (https://learn.microsoft.com/dotnet/fundamentals/code-analysis/quality-rules/ca1416) [C:\SPARC\src\NetworkDevice.Core\NetworkDevice.Core.csproj]
C:\SPARC\src\NetworkDevice.Core\Provisioning\HostNetworkManager.cs(181,39): warning CA1416: Este site de chamada pode ser acessado em todas as plataformas. S├│ h├í suporte para 'WindowsBuiltInRole.Administrator' em: 'windows'. (https://learn.microsoft.com/dotnet/fundamentals/code-analysis/quality-rules/ca1416) [C:\SPARC\src\NetworkDevice.Core\NetworkDevice.Core.csproj]
  NetworkDevice.Core -> C:\SPARC\src\NetworkDevice.Core\bin\Release\net8.0\NetworkDevice.Core.dll
  NetworkDevice.Protocols -> C:\sparc\src\NetworkDevice.Protocols\bin\Release\net8.0\NetworkDevice.Protocols.dll
  NetworkDevice.Cisco -> C:\sparc\src\NetworkDevice.Cisco\bin\Release\net8.0\NetworkDevice.Cisco.dll
C:\SPARC\src\NetworkDevice.UI\MainWindow.xaml.cs(2671,47): error CS1501: Nenhuma sobrecarga para o m├®todo "UpgradeViaRommonTftpAsync" leva 10 argumentos [C:\SPARC\src\NetworkDevice.UI\NetworkDevice.UI.csproj]
C:\SPARC\src\NetworkDevice.UI\MainWindow.xaml.cs(2808,43): error CS1501: Nenhuma sobrecarga para o m├®todo "UpgradeAsync" leva 11 argumentos [C:\SPARC\src\NetworkDevice.UI\NetworkDevice.UI.csproj]
  NetworkDevice.Cli -> C:\SPARC\src\NetworkDevice.Cli\bin\Release\net8.0\NetworkDevice.Cli.dll
  NetworkDevice.Tests -> C:\SPARC\tests\NetworkDevice.Tests\bin\Release\net8.0\NetworkDevice.Tests.dll

FALHA da compila├º├úo.

C:\SPARC\src\NetworkDevice.Core\Provisioning\HostNetworkManager.cs(181,20): warning CA1416: Este site de chamada pode ser acessado em todas as plataformas. S├│ h├í suporte para 'WindowsPrincipal.IsInRole(WindowsBuiltInRole)' em: 'windows'. (https://learn.microsoft.com/dotnet/fundamentals/code-analysis/quality-rules/ca1416) [C:\SPARC\src\NetworkDevice.Core\NetworkDevice.Core.csproj]
C:\SPARC\src\NetworkDevice.Core\Provisioning\HostNetworkManager.cs(180,29): warning CA1416: Este site de chamada pode ser acessado em todas as plataformas. S├│ h├í suporte para 'WindowsPrincipal' em: 'windows'. (https://learn.microsoft.com/dotnet/fundamentals/code-analysis/quality-rules/ca1416) [C:\SPARC\src\NetworkDevice.Core\NetworkDevice.Core.csproj]
C:\SPARC\src\NetworkDevice.Core\Provisioning\HostNetworkManager.cs(179,28): warning CA1416: Este site de chamada pode ser acessado em todas as plataformas. S├│ h├í suporte para 'WindowsIdentity.GetCurrent()' em: 'windows'. (https://learn.microsoft.com/dotnet/fundamentals/code-analysis/quality-rules/ca1416) [C:\SPARC\src\NetworkDevice.Core\NetworkDevice.Core.csproj]
C:\SPARC\src\NetworkDevice.Core\Provisioning\HostNetworkManager.cs(181,39): warning CA1416: Este site de chamada pode ser acessado em todas as plataformas. S├│ h├í suporte para 'WindowsBuiltInRole.Administrator' em: 'windows'. (https://learn.microsoft.com/dotnet/fundamentals/code-analysis/quality-rules/ca1416) [C:\SPARC\src\NetworkDevice.Core\NetworkDevice.Core.csproj]
C:\SPARC\src\NetworkDevice.UI\MainWindow.xaml.cs(2671,47): error CS1501: Nenhuma sobrecarga para o m├®todo "UpgradeViaRommonTftpAsync" leva 10 argumentos [C:\SPARC\src\NetworkDevice.UI\NetworkDevice.UI.csproj]
C:\SPARC\src\NetworkDevice.UI\MainWindow.xaml.cs(2808,43): error CS1501: Nenhuma sobrecarga para o m├®todo "UpgradeAsync" leva 11 argumentos [C:\SPARC\src\NetworkDevice.UI\NetworkDevice.UI.csproj]
    4 Aviso(s)
    2 Erro(s)

Tempo Decorrido 00:00:02.71
2026-08-27 15:35:14 [*] Nova tentativa de compilacao Release...
  Determinando os projetos a serem restaurados...
  C:\sparc\src\NetworkDevice.UI\NetworkDevice.UI.csproj restaurado (em 302 ms).
  5 de 6 projetos est├úo atualizados para restaura├º├úo.
  NetworkDevice.Core -> C:\SPARC\src\NetworkDevice.Core\bin\Release\net8.0\NetworkDevice.Core.dll
  NetworkDevice.Protocols -> C:\sparc\src\NetworkDevice.Protocols\bin\Release\net8.0\NetworkDevice.Protocols.dll
  NetworkDevice.Cisco -> C:\sparc\src\NetworkDevice.Cisco\bin\Release\net8.0\NetworkDevice.Cisco.dll
C:\SPARC\src\NetworkDevice.UI\MainWindow.xaml.cs(2671,47): error CS1501: Nenhuma sobrecarga para o m├®todo "UpgradeViaRommonTftpAsync" leva 10 argumentos [C:\SPARC\src\NetworkDevice.UI\NetworkDevice.UI.csproj]
C:\SPARC\src\NetworkDevice.UI\MainWindow.xaml.cs(2808,43): error CS1501: Nenhuma sobrecarga para o m├®todo "UpgradeAsync" leva 11 argumentos [C:\SPARC\src\NetworkDevice.UI\NetworkDevice.UI.csproj]
  NetworkDevice.Cli -> C:\SPARC\src\NetworkDevice.Cli\bin\Release\net8.0\NetworkDevice.Cli.dll
  NetworkDevice.Tests -> C:\SPARC\tests\NetworkDevice.Tests\bin\Release\net8.0\NetworkDevice.Tests.dll

FALHA da compila├º├úo.

C:\SPARC\src\NetworkDevice.UI\MainWindow.xaml.cs(2671,47): error CS1501: Nenhuma sobrecarga para o m├®todo "UpgradeViaRommonTftpAsync" leva 10 argumentos [C:\SPARC\src\NetworkDevice.UI\NetworkDevice.UI.csproj]
C:\SPARC\src\NetworkDevice.UI\MainWindow.xaml.cs(2808,43): error CS1501: Nenhuma sobrecarga para o m├®todo "UpgradeAsync" leva 11 argumentos [C:\SPARC\src\NetworkDevice.UI\NetworkDevice.UI.csproj]
    0 Aviso(s)
    2 Erro(s)

Tempo Decorrido 00:00:01.95
2026-08-27 15:35:18 [ERRO] Falha na compilacao Release (exit 1).
2026-08-27 15:49:20 [*] Verificando e finalizando instancias antigas do SPARC...
2026-08-27 15:49:21 [*] Verificando atualizacoes no Git remoto...
2026-08-27 15:50:05 [*] Codigo fonte mais recente que os binarios (MainWindow.g.cs 08/27/2026 15:47:16 > 08/27/2026 15:28:11). Recompilando...
2026-08-27 15:50:05 [*] Compilando Release (dotnet build -c Release)...
  Determinando os projetos a serem restaurados...
  C:\SPARC\src\NetworkDevice.Cli\NetworkDevice.Cli.csproj restaurado (em 326 ms).
  C:\SPARC\src\NetworkDevice.UI\NetworkDevice.UI.csproj restaurado (em 326 ms).
  4 de 6 projetos est├úo atualizados para restaura├º├úo.
  NetworkDevice.Core -> C:\SPARC\src\NetworkDevice.Core\bin\Release\net8.0\NetworkDevice.Core.dll
  NetworkDevice.Protocols -> C:\SPARC\src\NetworkDevice.Protocols\bin\Release\net8.0\NetworkDevice.Protocols.dll
  NetworkDevice.Cisco -> C:\sparc\src\NetworkDevice.Cisco\bin\Release\net8.0\NetworkDevice.Cisco.dll
  NetworkDevice.UI -> C:\SPARC\src\NetworkDevice.UI\bin\Release\net8.0-windows\NetworkDevice.UI.dll
  NetworkDevice.Cli -> C:\SPARC\src\NetworkDevice.Cli\bin\Release\net8.0\NetworkDevice.Cli.dll
  NetworkDevice.Tests -> C:\SPARC\tests\NetworkDevice.Tests\bin\Release\net8.0\NetworkDevice.Tests.dll

Compila├º├úo com ├¬xito.
    0 Aviso(s)
    0 Erro(s)

Tempo Decorrido 00:00:02.77
2026-08-27 15:50:09 [OK] Build Release concluido com sucesso.
2026-08-27 15:50:09 [*] Iniciando C:\SPARC\src\NetworkDevice.UI\bin\Release\net8.0-windows\NetworkDevice.UI.exe
2026-08-27 15:54:53 [*] Verificando e finalizando instancias antigas do SPARC...
2026-08-27 15:54:55 [*] Verificando atualizacoes no Git remoto...
2026-08-27 15:55:37 [*] Codigo fonte mais recente que os binarios (CiscoIOSUpgrader.cs 08/27/2026 15:54:31 > 08/27/2026 15:35:13). Recompilando...
2026-08-27 15:55:37 [*] Compilando Release (dotnet build -c Release)...
  Determinando os projetos a serem restaurados...
  C:\SPARC\src\NetworkDevice.Core\NetworkDevice.Core.csproj restaurado (em 253 ms).
  C:\sparc\src\NetworkDevice.Protocols\NetworkDevice.Protocols.csproj restaurado (em 304 ms).
  C:\sparc\src\NetworkDevice.Cisco\NetworkDevice.Cisco.csproj restaurado (em 304 ms).
  3 de 6 projetos est├úo atualizados para restaura├º├úo.
C:\SPARC\src\NetworkDevice.Core\Provisioning\HostNetworkManager.cs(181,20): warning CA1416: Este site de chamada pode ser acessado em todas as plataformas. S├│ h├í suporte para 'WindowsPrincipal.IsInRole(WindowsBuiltInRole)' em: 'windows'. (https://learn.microsoft.com/dotnet/fundamentals/code-analysis/quality-rules/ca1416) [C:\SPARC\src\NetworkDevice.Core\NetworkDevice.Core.csproj]
C:\SPARC\src\NetworkDevice.Core\Provisioning\HostNetworkManager.cs(179,28): warning CA1416: Este site de chamada pode ser acessado em todas as plataformas. S├│ h├í suporte para 'WindowsIdentity.GetCurrent()' em: 'windows'. (https://learn.microsoft.com/dotnet/fundamentals/code-analysis/quality-rules/ca1416) [C:\SPARC\src\NetworkDevice.Core\NetworkDevice.Core.csproj]
C:\SPARC\src\NetworkDevice.Core\Provisioning\HostNetworkManager.cs(180,29): warning CA1416: Este site de chamada pode ser acessado em todas as plataformas. S├│ h├í suporte para 'WindowsPrincipal' em: 'windows'. (https://learn.microsoft.com/dotnet/fundamentals/code-analysis/quality-rules/ca1416) [C:\SPARC\src\NetworkDevice.Core\NetworkDevice.Core.csproj]
C:\SPARC\src\NetworkDevice.Core\Provisioning\HostNetworkManager.cs(181,39): warning CA1416: Este site de chamada pode ser acessado em todas as plataformas. S├│ h├í suporte para 'WindowsBuiltInRole.Administrator' em: 'windows'. (https://learn.microsoft.com/dotnet/fundamentals/code-analysis/quality-rules/ca1416) [C:\SPARC\src\NetworkDevice.Core\NetworkDevice.Core.csproj]
  NetworkDevice.Core -> C:\SPARC\src\NetworkDevice.Core\bin\Release\net8.0\NetworkDevice.Core.dll
  NetworkDevice.Protocols -> C:\SPARC\src\NetworkDevice.Protocols\bin\Release\net8.0\NetworkDevice.Protocols.dll
  NetworkDevice.Cisco -> C:\sparc\src\NetworkDevice.Cisco\bin\Release\net8.0\NetworkDevice.Cisco.dll
  NetworkDevice.Cli -> C:\SPARC\src\NetworkDevice.Cli\bin\Release\net8.0\NetworkDevice.Cli.dll
  NetworkDevice.UI -> C:\SPARC\src\NetworkDevice.UI\bin\Release\net8.0-windows\NetworkDevice.UI.dll
  NetworkDevice.Tests -> C:\SPARC\tests\NetworkDevice.Tests\bin\Release\net8.0\NetworkDevice.Tests.dll

Compila├º├úo com ├¬xito.

C:\SPARC\src\NetworkDevice.Core\Provisioning\HostNetworkManager.cs(181,20): warning CA1416: Este site de chamada pode ser acessado em todas as plataformas. S├│ h├í suporte para 'WindowsPrincipal.IsInRole(WindowsBuiltInRole)' em: 'windows'. (https://learn.microsoft.com/dotnet/fundamentals/code-analysis/quality-rules/ca1416) [C:\SPARC\src\NetworkDevice.Core\NetworkDevice.Core.csproj]
C:\SPARC\src\NetworkDevice.Core\Provisioning\HostNetworkManager.cs(179,28): warning CA1416: Este site de chamada pode ser acessado em todas as plataformas. S├│ h├í suporte para 'WindowsIdentity.GetCurrent()' em: 'windows'. (https://learn.microsoft.com/dotnet/fundamentals/code-analysis/quality-rules/ca1416) [C:\SPARC\src\NetworkDevice.Core\NetworkDevice.Core.csproj]
C:\SPARC\src\NetworkDevice.Core\Provisioning\HostNetworkManager.cs(180,29): warning CA1416: Este site de chamada pode ser acessado em todas as plataformas. S├│ h├í suporte para 'WindowsPrincipal' em: 'windows'. (https://learn.microsoft.com/dotnet/fundamentals/code-analysis/quality-rules/ca1416) [C:\SPARC\src\NetworkDevice.Core\NetworkDevice.Core.csproj]
C:\SPARC\src\NetworkDevice.Core\Provisioning\HostNetworkManager.cs(181,39): warning CA1416: Este site de chamada pode ser acessado em todas as plataformas. S├│ h├í suporte para 'WindowsBuiltInRole.Administrator' em: 'windows'. (https://learn.microsoft.com/dotnet/fundamentals/code-analysis/quality-rules/ca1416) [C:\SPARC\src\NetworkDevice.Core\NetworkDevice.Core.csproj]
    4 Aviso(s)
    0 Erro(s)

Tempo Decorrido 00:00:02.81
2026-08-27 15:55:42 [OK] Build Release concluido com sucesso.
2026-08-27 15:55:42 [*] Iniciando C:\SPARC\src\NetworkDevice.UI\bin\Release\net8.0-windows\NetworkDevice.UI.exe
2026-08-27 16:02:27 [*] Verificando e finalizando instancias antigas do SPARC...
2026-08-27 16:02:28 [*] Verificando atualizacoes no Git remoto...
2026-08-27 16:03:23 [*] Codigo fonte mais recente que os binarios (MainWindow.xaml.cs 08/27/2026 15:59:45 > 08/27/2026 15:55:41). Recompilando...
2026-08-27 16:03:23 [*] Compilando Release (dotnet build -c Release)...
  Determinando os projetos a serem restaurados...
  C:\sparc\src\NetworkDevice.Cisco\NetworkDevice.Cisco.csproj restaurado (em 373 ms).
  C:\sparc\src\NetworkDevice.Protocols\NetworkDevice.Protocols.csproj restaurado (em 373 ms).
  C:\SPARC\tests\NetworkDevice.Tests\NetworkDevice.Tests.csproj restaurado (em 389 ms).
  C:\SPARC\src\NetworkDevice.Cli\NetworkDevice.Cli.csproj restaurado (em 373 ms).
  C:\SPARC\src\NetworkDevice.Core\NetworkDevice.Core.csproj restaurado (em 3 ms).
  C:\SPARC\src\NetworkDevice.UI\NetworkDevice.UI.csproj restaurado (em 43 ms).
C:\SPARC\src\NetworkDevice.Core\Provisioning\HostNetworkManager.cs(179,28): warning CA1416: Este site de chamada pode ser acessado em todas as plataformas. S├│ h├í suporte para 'WindowsIdentity.GetCurrent()' em: 'windows'. (https://learn.microsoft.com/dotnet/fundamentals/code-analysis/quality-rules/ca1416) [C:\SPARC\src\NetworkDevice.Core\NetworkDevice.Core.csproj]
C:\SPARC\src\NetworkDevice.Core\Provisioning\HostNetworkManager.cs(181,39): warning CA1416: Este site de chamada pode ser acessado em todas as plataformas. S├│ h├í suporte para 'WindowsBuiltInRole.Administrator' em: 'windows'. (https://learn.microsoft.com/dotnet/fundamentals/code-analysis/quality-rules/ca1416) [C:\SPARC\src\NetworkDevice.Core\NetworkDevice.Core.csproj]
C:\SPARC\src\NetworkDevice.Core\Provisioning\HostNetworkManager.cs(181,20): warning CA1416: Este site de chamada pode ser acessado em todas as plataformas. S├│ h├í suporte para 'WindowsPrincipal.IsInRole(WindowsBuiltInRole)' em: 'windows'. (https://learn.microsoft.com/dotnet/fundamentals/code-analysis/quality-rules/ca1416) [C:\SPARC\src\NetworkDevice.Core\NetworkDevice.Core.csproj]
C:\SPARC\src\NetworkDevice.Core\Provisioning\HostNetworkManager.cs(180,29): warning CA1416: Este site de chamada pode ser acessado em todas as plataformas. S├│ h├í suporte para 'WindowsPrincipal' em: 'windows'. (https://learn.microsoft.com/dotnet/fundamentals/code-analysis/quality-rules/ca1416) [C:\SPARC\src\NetworkDevice.Core\NetworkDevice.Core.csproj]
  NetworkDevice.Core -> C:\SPARC\src\NetworkDevice.Core\bin\Release\net8.0\NetworkDevice.Core.dll
  NetworkDevice.Protocols -> C:\sparc\src\NetworkDevice.Protocols\bin\Release\net8.0\NetworkDevice.Protocols.dll
  NetworkDevice.Cisco -> C:\sparc\src\NetworkDevice.Cisco\bin\Release\net8.0\NetworkDevice.Cisco.dll
  NetworkDevice.Tests -> C:\SPARC\tests\NetworkDevice.Tests\bin\Release\net8.0\NetworkDevice.Tests.dll
  NetworkDevice.UI -> C:\SPARC\src\NetworkDevice.UI\bin\Release\net8.0-windows\NetworkDevice.UI.dll
  NetworkDevice.Cli -> C:\sparc\src\NetworkDevice.Cli\bin\Release\net8.0\NetworkDevice.Cli.dll

Compila├º├úo com ├¬xito.

C:\SPARC\src\NetworkDevice.Core\Provisioning\HostNetworkManager.cs(179,28): warning CA1416: Este site de chamada pode ser acessado em todas as plataformas. S├│ h├í suporte para 'WindowsIdentity.GetCurrent()' em: 'windows'. (https://learn.microsoft.com/dotnet/fundamentals/code-analysis/quality-rules/ca1416) [C:\SPARC\src\NetworkDevice.Core\NetworkDevice.Core.csproj]
C:\SPARC\src\NetworkDevice.Core\Provisioning\HostNetworkManager.cs(181,39): warning CA1416: Este site de chamada pode ser acessado em todas as plataformas. S├│ h├í suporte para 'WindowsBuiltInRole.Administrator' em: 'windows'. (https://learn.microsoft.com/dotnet/fundamentals/code-analysis/quality-rules/ca1416) [C:\SPARC\src\NetworkDevice.Core\NetworkDevice.Core.csproj]
C:\SPARC\src\NetworkDevice.Core\Provisioning\HostNetworkManager.cs(181,20): warning CA1416: Este site de chamada pode ser acessado em todas as plataformas. S├│ h├í suporte para 'WindowsPrincipal.IsInRole(WindowsBuiltInRole)' em: 'windows'. (https://learn.microsoft.com/dotnet/fundamentals/code-analysis/quality-rules/ca1416) [C:\SPARC\src\NetworkDevice.Core\NetworkDevice.Core.csproj]
C:\SPARC\src\NetworkDevice.Core\Provisioning\HostNetworkManager.cs(180,29): warning CA1416: Este site de chamada pode ser acessado em todas as plataformas. S├│ h├í suporte para 'WindowsPrincipal' em: 'windows'. (https://learn.microsoft.com/dotnet/fundamentals/code-analysis/quality-rules/ca1416) [C:\SPARC\src\NetworkDevice.Core\NetworkDevice.Core.csproj]
    4 Aviso(s)
    0 Erro(s)

Tempo Decorrido 00:00:02.74
2026-08-27 16:03:27 [OK] Build Release concluido com sucesso.
2026-08-27 16:03:27 [*] Iniciando C:\SPARC\src\NetworkDevice.UI\bin\Release\net8.0-windows\NetworkDevice.UI.exe
2026-08-27 16:14:29 [*] Verificando e finalizando instancias antigas do SPARC...
2026-08-27 16:14:31 [*] Verificando atualizacoes no Git remoto...
2026-08-27 16:15:14 [*] Codigo fonte mais recente que os binarios (MainWindow.xaml.cs 08/27/2026 16:13:31 > 08/27/2026 16:03:26). Recompilando...
2026-08-27 16:15:14 [*] Compilando Release (dotnet build -c Release)...
  Determinando os projetos a serem restaurados...
  C:\SPARC\src\NetworkDevice.Core\NetworkDevice.Core.csproj restaurado (em 254 ms).
  C:\SPARC\src\NetworkDevice.Cli\NetworkDevice.Cli.csproj restaurado (em 318 ms).
  C:\sparc\src\NetworkDevice.Cisco\NetworkDevice.Cisco.csproj restaurado (em 319 ms).
  C:\sparc\src\NetworkDevice.UI\NetworkDevice.UI.csproj restaurado (em 317 ms).
  C:\SPARC\src\NetworkDevice.Protocols\NetworkDevice.Protocols.csproj restaurado (em 7 ms).
  C:\SPARC\tests\NetworkDevice.Tests\NetworkDevice.Tests.csproj restaurado (em 106 ms).
C:\SPARC\src\NetworkDevice.Core\Provisioning\HostNetworkManager.cs(181,20): warning CA1416: Este site de chamada pode ser acessado em todas as plataformas. S├│ h├í suporte para 'WindowsPrincipal.IsInRole(WindowsBuiltInRole)' em: 'windows'. (https://learn.microsoft.com/dotnet/fundamentals/code-analysis/quality-rules/ca1416) [C:\SPARC\src\NetworkDevice.Core\NetworkDevice.Core.csproj]
C:\SPARC\src\NetworkDevice.Core\Provisioning\HostNetworkManager.cs(179,28): warning CA1416: Este site de chamada pode ser acessado em todas as plataformas. S├│ h├í suporte para 'WindowsIdentity.GetCurrent()' em: 'windows'. (https://learn.microsoft.com/dotnet/fundamentals/code-analysis/quality-rules/ca1416) [C:\SPARC\src\NetworkDevice.Core\NetworkDevice.Core.csproj]
C:\SPARC\src\NetworkDevice.Core\Provisioning\HostNetworkManager.cs(181,39): warning CA1416: Este site de chamada pode ser acessado em todas as plataformas. S├│ h├í suporte para 'WindowsBuiltInRole.Administrator' em: 'windows'. (https://learn.microsoft.com/dotnet/fundamentals/code-analysis/quality-rules/ca1416) [C:\SPARC\src\NetworkDevice.Core\NetworkDevice.Core.csproj]
C:\SPARC\src\NetworkDevice.Core\Provisioning\HostNetworkManager.cs(180,29): warning CA1416: Este site de chamada pode ser acessado em todas as plataformas. S├│ h├í suporte para 'WindowsPrincipal' em: 'windows'. (https://learn.microsoft.com/dotnet/fundamentals/code-analysis/quality-rules/ca1416) [C:\SPARC\src\NetworkDevice.Core\NetworkDevice.Core.csproj]
  NetworkDevice.Core -> C:\SPARC\src\NetworkDevice.Core\bin\Release\net8.0\NetworkDevice.Core.dll
  NetworkDevice.Protocols -> C:\sparc\src\NetworkDevice.Protocols\bin\Release\net8.0\NetworkDevice.Protocols.dll
  NetworkDevice.Cisco -> C:\sparc\src\NetworkDevice.Cisco\bin\Release\net8.0\NetworkDevice.Cisco.dll
  NetworkDevice.Tests -> C:\SPARC\tests\NetworkDevice.Tests\bin\Release\net8.0\NetworkDevice.Tests.dll
  NetworkDevice.UI -> C:\sparc\src\NetworkDevice.UI\bin\Release\net8.0-windows\NetworkDevice.UI.dll
  NetworkDevice.Cli -> C:\SPARC\src\NetworkDevice.Cli\bin\Release\net8.0\NetworkDevice.Cli.dll

Compila├º├úo com ├¬xito.

C:\SPARC\src\NetworkDevice.Core\Provisioning\HostNetworkManager.cs(181,20): warning CA1416: Este site de chamada pode ser acessado em todas as plataformas. S├│ h├í suporte para 'WindowsPrincipal.IsInRole(WindowsBuiltInRole)' em: 'windows'. (https://learn.microsoft.com/dotnet/fundamentals/code-analysis/quality-rules/ca1416) [C:\SPARC\src\NetworkDevice.Core\NetworkDevice.Core.csproj]
C:\SPARC\src\NetworkDevice.Core\Provisioning\HostNetworkManager.cs(179,28): warning CA1416: Este site de chamada pode ser acessado em todas as plataformas. S├│ h├í suporte para 'WindowsIdentity.GetCurrent()' em: 'windows'. (https://learn.microsoft.com/dotnet/fundamentals/code-analysis/quality-rules/ca1416) [C:\SPARC\src\NetworkDevice.Core\NetworkDevice.Core.csproj]
C:\SPARC\src\NetworkDevice.Core\Provisioning\HostNetworkManager.cs(181,39): warning CA1416: Este site de chamada pode ser acessado em todas as plataformas. S├│ h├í suporte para 'WindowsBuiltInRole.Administrator' em: 'windows'. (https://learn.microsoft.com/dotnet/fundamentals/code-analysis/quality-rules/ca1416) [C:\SPARC\src\NetworkDevice.Core\NetworkDevice.Core.csproj]
C:\SPARC\src\NetworkDevice.Core\Provisioning\HostNetworkManager.cs(180,29): warning CA1416: Este site de chamada pode ser acessado em todas as plataformas. S├│ h├í suporte para 'WindowsPrincipal' em: 'windows'. (https://learn.microsoft.com/dotnet/fundamentals/code-analysis/quality-rules/ca1416) [C:\SPARC\src\NetworkDevice.Core\NetworkDevice.Core.csproj]
    4 Aviso(s)
    0 Erro(s)

Tempo Decorrido 00:00:04.06
2026-08-27 16:15:20 [OK] Build Release concluido com sucesso.
2026-08-27 16:15:20 [*] Iniciando C:\SPARC\src\NetworkDevice.UI\bin\Release\net8.0-windows\NetworkDevice.UI.exe
2026-08-27 16:28:06 [*] Verificando e finalizando instancias antigas do SPARC...
2026-08-27 16:28:08 [*] Verificando atualizacoes no Git remoto...
2026-08-27 16:28:51 [*] Codigo fonte mais recente que os binarios (MainWindow.g.cs 08/27/2026 16:15:18 > 08/27/2026 16:15:18). Recompilando...
2026-08-27 16:28:51 [*] Compilando Release (dotnet build -c Release)...
  Determinando os projetos a serem restaurados...
  C:\SPARC\src\NetworkDevice.UI\NetworkDevice.UI.csproj restaurado (em 1 seg).
  5 de 6 projetos est├úo atualizados para restaura├º├úo.
  NetworkDevice.Core -> C:\SPARC\src\NetworkDevice.Core\bin\Release\net8.0\NetworkDevice.Core.dll
  NetworkDevice.Protocols -> C:\sparc\src\NetworkDevice.Protocols\bin\Release\net8.0\NetworkDevice.Protocols.dll
  NetworkDevice.Cisco -> C:\sparc\src\NetworkDevice.Cisco\bin\Release\net8.0\NetworkDevice.Cisco.dll
  NetworkDevice.UI -> C:\sparc\src\NetworkDevice.UI\bin\Release\net8.0-windows\NetworkDevice.UI.dll
  NetworkDevice.Cli -> C:\SPARC\src\NetworkDevice.Cli\bin\Release\net8.0\NetworkDevice.Cli.dll
  NetworkDevice.Tests -> C:\SPARC\tests\NetworkDevice.Tests\bin\Release\net8.0\NetworkDevice.Tests.dll

Compila├º├úo com ├¬xito.
    0 Aviso(s)
    0 Erro(s)

Tempo Decorrido 00:00:02.38
2026-08-27 16:28:55 [OK] Build Release concluido com sucesso.
2026-08-27 16:28:55 [*] Iniciando C:\SPARC\src\NetworkDevice.UI\bin\Release\net8.0-windows\NetworkDevice.UI.exe
2026-08-27 16:35:39 [*] Verificando e finalizando instancias antigas do SPARC...
2026-08-27 16:35:42 [*] Verificando atualizacoes no Git remoto...
2026-08-27 16:36:38 [*] Codigo fonte mais recente que os binarios (MainWindow.xaml.cs 08/27/2026 16:32:36 > 08/27/2026 16:15:18). Recompilando...
2026-08-27 16:36:38 [*] Compilando Release (dotnet build -c Release)...
  Determinando os projetos a serem restaurados...
  C:\sparc\src\NetworkDevice.Protocols\NetworkDevice.Protocols.csproj restaurado (em 364 ms).
  C:\SPARC\src\NetworkDevice.Cli\NetworkDevice.Cli.csproj restaurado (em 364 ms).
  C:\sparc\src\NetworkDevice.Cisco\NetworkDevice.Cisco.csproj restaurado (em 364 ms).
  C:\SPARC\tests\NetworkDevice.Tests\NetworkDevice.Tests.csproj restaurado (em 381 ms).
  C:\SPARC\src\NetworkDevice.UI\NetworkDevice.UI.csproj restaurado (em 45 ms).
  1 de 6 projetos est├úo atualizados para restaura├º├úo.
  NetworkDevice.Core -> C:\SPARC\src\NetworkDevice.Core\bin\Release\net8.0\NetworkDevice.Core.dll
  NetworkDevice.Protocols -> C:\SPARC\src\NetworkDevice.Protocols\bin\Release\net8.0\NetworkDevice.Protocols.dll
  NetworkDevice.Cisco -> C:\sparc\src\NetworkDevice.Cisco\bin\Release\net8.0\NetworkDevice.Cisco.dll
C:\SPARC\src\NetworkDevice.UI\MainWindow.xaml.cs(509,31): error CS0029: N├úo ├® poss├¡vel converter implicitamente tipo "NetworkDevice.Cisco.CiscoIOSRecovery.RommonKind?" em "string" [C:\SPARC\src\NetworkDevice.UI\NetworkDevice.UI.csproj]
  NetworkDevice.Cli -> C:\SPARC\src\NetworkDevice.Cli\bin\Release\net8.0\NetworkDevice.Cli.dll
  NetworkDevice.Tests -> C:\SPARC\tests\NetworkDevice.Tests\bin\Release\net8.0\NetworkDevice.Tests.dll

FALHA da compila├º├úo.

C:\SPARC\src\NetworkDevice.UI\MainWindow.xaml.cs(509,31): error CS0029: N├úo ├® poss├¡vel converter implicitamente tipo "NetworkDevice.Cisco.CiscoIOSRecovery.RommonKind?" em "string" [C:\SPARC\src\NetworkDevice.UI\NetworkDevice.UI.csproj]
    0 Aviso(s)
    1 Erro(s)

Tempo Decorrido 00:00:05.48
2026-08-27 16:36:45 [*] Nova tentativa de compilacao Release...
  Determinando os projetos a serem restaurados...
  Todos os projetos est├úo atualizados para restaura├º├úo.
  NetworkDevice.Core -> C:\SPARC\src\NetworkDevice.Core\bin\Release\net8.0\NetworkDevice.Core.dll
  NetworkDevice.Protocols -> C:\sparc\src\NetworkDevice.Protocols\bin\Release\net8.0\NetworkDevice.Protocols.dll
  NetworkDevice.Cisco -> C:\sparc\src\NetworkDevice.Cisco\bin\Release\net8.0\NetworkDevice.Cisco.dll
  NetworkDevice.Tests -> C:\SPARC\tests\NetworkDevice.Tests\bin\Release\net8.0\NetworkDevice.Tests.dll
C:\SPARC\src\NetworkDevice.UI\MainWindow.xaml.cs(509,31): error CS0029: N├úo ├® poss├¡vel converter implicitamente tipo "NetworkDevice.Cisco.CiscoIOSRecovery.RommonKind?" em "string" [C:\SPARC\src\NetworkDevice.UI\NetworkDevice.UI.csproj]
  NetworkDevice.Cli -> C:\SPARC\src\NetworkDevice.Cli\bin\Release\net8.0\NetworkDevice.Cli.dll

FALHA da compila├º├úo.

C:\SPARC\src\NetworkDevice.UI\MainWindow.xaml.cs(509,31): error CS0029: N├úo ├® poss├¡vel converter implicitamente tipo "NetworkDevice.Cisco.CiscoIOSRecovery.RommonKind?" em "string" [C:\SPARC\src\NetworkDevice.UI\NetworkDevice.UI.csproj]
    0 Aviso(s)
    1 Erro(s)

Tempo Decorrido 00:00:02.91
2026-08-27 16:36:49 [ERRO] Falha na compilacao Release (exit 1).
2026-08-27 16:39:04 [*] Verificando e finalizando instancias antigas do SPARC...
2026-08-27 16:39:07 [*] Verificando atualizacoes no Git remoto...
2026-08-27 16:40:03 [*] Codigo fonte mais recente que os binarios (MainWindow.g.cs 08/27/2026 16:37:38 > 08/27/2026 16:15:18). Recompilando...
2026-08-27 16:40:03 [*] Compilando Release (dotnet build -c Release)...
  Determinando os projetos a serem restaurados...
  C:\sparc\src\NetworkDevice.Cisco\NetworkDevice.Cisco.csproj restaurado (em 370 ms).
  C:\SPARC\src\NetworkDevice.Cli\NetworkDevice.Cli.csproj restaurado (em 370 ms).
  C:\sparc\src\NetworkDevice.Protocols\NetworkDevice.Protocols.csproj restaurado (em 370 ms).
  C:\SPARC\tests\NetworkDevice.Tests\NetworkDevice.Tests.csproj restaurado (em 387 ms).
  C:\sparc\src\NetworkDevice.UI\NetworkDevice.UI.csproj restaurado (em 44 ms).
  1 de 6 projetos est├úo atualizados para restaura├º├úo.
  NetworkDevice.Core -> C:\SPARC\src\NetworkDevice.Core\bin\Release\net8.0\NetworkDevice.Core.dll
  NetworkDevice.Protocols -> C:\SPARC\src\NetworkDevice.Protocols\bin\Release\net8.0\NetworkDevice.Protocols.dll
  NetworkDevice.Cisco -> C:\sparc\src\NetworkDevice.Cisco\bin\Release\net8.0\NetworkDevice.Cisco.dll
  NetworkDevice.Tests -> C:\SPARC\tests\NetworkDevice.Tests\bin\Release\net8.0\NetworkDevice.Tests.dll
  NetworkDevice.Cli -> C:\SPARC\src\NetworkDevice.Cli\bin\Release\net8.0\NetworkDevice.Cli.dll
  NetworkDevice.UI -> C:\SPARC\src\NetworkDevice.UI\bin\Release\net8.0-windows\NetworkDevice.UI.dll

Compila├º├úo com ├¬xito.
    0 Aviso(s)
    0 Erro(s)

Tempo Decorrido 00:00:02.43
2026-08-27 16:40:07 [OK] Build Release concluido com sucesso.
2026-08-27 16:40:07 [*] Iniciando C:\SPARC\src\NetworkDevice.UI\bin\Release\net8.0-windows\NetworkDevice.UI.exe
2026-08-27 16:45:30 [*] Verificando e finalizando instancias antigas do SPARC...
2026-08-27 16:45:32 [*] Verificando atualizacoes no Git remoto...
2026-08-27 16:46:29 [*] Codigo fonte mais recente que os binarios (MainWindow.g.cs 08/27/2026 16:44:35 > 08/27/2026 16:15:18). Recompilando...
2026-08-27 16:46:29 [*] Compilando Release (dotnet build -c Release)...
  Determinando os projetos a serem restaurados...
  Todos os projetos est├úo atualizados para restaura├º├úo.
C:\SPARC\src\NetworkDevice.Core\Provisioning\HostNetworkManager.cs(179,28): warning CA1416: Este site de chamada pode ser acessado em todas as plataformas. S├│ h├í suporte para 'WindowsIdentity.GetCurrent()' em: 'windows'. (https://learn.microsoft.com/dotnet/fundamentals/code-analysis/quality-rules/ca1416) [C:\SPARC\src\NetworkDevice.Core\NetworkDevice.Core.csproj]
C:\SPARC\src\NetworkDevice.Core\Provisioning\HostNetworkManager.cs(181,20): warning CA1416: Este site de chamada pode ser acessado em todas as plataformas. S├│ h├í suporte para 'WindowsPrincipal.IsInRole(WindowsBuiltInRole)' em: 'windows'. (https://learn.microsoft.com/dotnet/fundamentals/code-analysis/quality-rules/ca1416) [C:\SPARC\src\NetworkDevice.Core\NetworkDevice.Core.csproj]
C:\SPARC\src\NetworkDevice.Core\Provisioning\HostNetworkManager.cs(180,29): warning CA1416: Este site de chamada pode ser acessado em todas as plataformas. S├│ h├í suporte para 'WindowsPrincipal' em: 'windows'. (https://learn.microsoft.com/dotnet/fundamentals/code-analysis/quality-rules/ca1416) [C:\SPARC\src\NetworkDevice.Core\NetworkDevice.Core.csproj]
C:\SPARC\src\NetworkDevice.Core\Provisioning\HostNetworkManager.cs(181,39): warning CA1416: Este site de chamada pode ser acessado em todas as plataformas. S├│ h├í suporte para 'WindowsBuiltInRole.Administrator' em: 'windows'. (https://learn.microsoft.com/dotnet/fundamentals/code-analysis/quality-rules/ca1416) [C:\SPARC\src\NetworkDevice.Core\NetworkDevice.Core.csproj]
  NetworkDevice.Core -> C:\SPARC\src\NetworkDevice.Core\bin\Release\net8.0\NetworkDevice.Core.dll
  NetworkDevice.Protocols -> C:\sparc\src\NetworkDevice.Protocols\bin\Release\net8.0\NetworkDevice.Protocols.dll
  NetworkDevice.Cisco -> C:\sparc\src\NetworkDevice.Cisco\bin\Release\net8.0\NetworkDevice.Cisco.dll
  NetworkDevice.Tests -> C:\SPARC\tests\NetworkDevice.Tests\bin\Release\net8.0\NetworkDevice.Tests.dll
  NetworkDevice.UI -> C:\SPARC\src\NetworkDevice.UI\bin\Release\net8.0-windows\NetworkDevice.UI.dll
  NetworkDevice.Cli -> C:\SPARC\src\NetworkDevice.Cli\bin\Release\net8.0\NetworkDevice.Cli.dll

Compila├º├úo com ├¬xito.

C:\SPARC\src\NetworkDevice.Core\Provisioning\HostNetworkManager.cs(179,28): warning CA1416: Este site de chamada pode ser acessado em todas as plataformas. S├│ h├í suporte para 'WindowsIdentity.GetCurrent()' em: 'windows'. (https://learn.microsoft.com/dotnet/fundamentals/code-analysis/quality-rules/ca1416) [C:\SPARC\src\NetworkDevice.Core\NetworkDevice.Core.csproj]
C:\SPARC\src\NetworkDevice.Core\Provisioning\HostNetworkManager.cs(181,20): warning CA1416: Este site de chamada pode ser acessado em todas as plataformas. S├│ h├í suporte para 'WindowsPrincipal.IsInRole(WindowsBuiltInRole)' em: 'windows'. (https://learn.microsoft.com/dotnet/fundamentals/code-analysis/quality-rules/ca1416) [C:\SPARC\src\NetworkDevice.Core\NetworkDevice.Core.csproj]
C:\SPARC\src\NetworkDevice.Core\Provisioning\HostNetworkManager.cs(180,29): warning CA1416: Este site de chamada pode ser acessado em todas as plataformas. S├│ h├í suporte para 'WindowsPrincipal' em: 'windows'. (https://learn.microsoft.com/dotnet/fundamentals/code-analysis/quality-rules/ca1416) [C:\SPARC\src\NetworkDevice.Core\NetworkDevice.Core.csproj]
C:\SPARC\src\NetworkDevice.Core\Provisioning\HostNetworkManager.cs(181,39): warning CA1416: Este site de chamada pode ser acessado em todas as plataformas. S├│ h├í suporte para 'WindowsBuiltInRole.Administrator' em: 'windows'. (https://learn.microsoft.com/dotnet/fundamentals/code-analysis/quality-rules/ca1416) [C:\SPARC\src\NetworkDevice.Core\NetworkDevice.Core.csproj]
    4 Aviso(s)
    0 Erro(s)

Tempo Decorrido 00:00:02.57
2026-08-27 16:46:34 [OK] Build Release concluido com sucesso.
2026-08-27 16:46:34 [*] Iniciando C:\SPARC\src\NetworkDevice.UI\bin\Release\net8.0-windows\NetworkDevice.UI.exe
2026-08-27 16:50:16 [*] Verificando e finalizando instancias antigas do SPARC...
2026-08-27 16:50:17 [*] Verificando atualizacoes no Git remoto...
2026-08-27 16:51:25 [*] Codigo fonte mais recente que os binarios (MainWindow.g.cs 08/27/2026 16:49:15 > 08/27/2026 16:46:32). Recompilando...
2026-08-27 16:51:25 [*] Compilando Release (dotnet build -c Release)...
  Determinando os projetos a serem restaurados...
  C:\SPARC\src\NetworkDevice.Cli\NetworkDevice.Cli.csproj restaurado (em 366 ms).
  C:\sparc\src\NetworkDevice.Cisco\NetworkDevice.Cisco.csproj restaurado (em 366 ms).
  C:\SPARC\src\NetworkDevice.UI\NetworkDevice.UI.csproj restaurado (em 325 ms).
  C:\SPARC\tests\NetworkDevice.Tests\NetworkDevice.Tests.csproj restaurado (em 383 ms).
  C:\SPARC\src\NetworkDevice.Protocols\NetworkDevice.Protocols.csproj restaurado (em 7 ms).
  1 de 6 projetos est├úo atualizados para restaura├º├úo.
  NetworkDevice.Core -> C:\SPARC\src\NetworkDevice.Core\bin\Release\net8.0\NetworkDevice.Core.dll
  NetworkDevice.Protocols -> C:\sparc\src\NetworkDevice.Protocols\bin\Release\net8.0\NetworkDevice.Protocols.dll
  NetworkDevice.Cisco -> C:\sparc\src\NetworkDevice.Cisco\bin\Release\net8.0\NetworkDevice.Cisco.dll
  NetworkDevice.Tests -> C:\SPARC\tests\NetworkDevice.Tests\bin\Release\net8.0\NetworkDevice.Tests.dll
  NetworkDevice.UI -> C:\SPARC\src\NetworkDevice.UI\bin\Release\net8.0-windows\NetworkDevice.UI.dll
  NetworkDevice.Cli -> C:\SPARC\src\NetworkDevice.Cli\bin\Release\net8.0\NetworkDevice.Cli.dll

Compila├º├úo com ├¬xito.
    0 Aviso(s)
    0 Erro(s)

Tempo Decorrido 00:00:02.70
2026-08-27 16:51:29 [OK] Build Release concluido com sucesso.
2026-08-27 16:51:29 [*] Iniciando C:\SPARC\src\NetworkDevice.UI\bin\Release\net8.0-windows\NetworkDevice.UI.exe
2026-08-27 16:55:02 [*] Verificando e finalizando instancias antigas do SPARC...
2026-08-27 16:55:03 [*] Verificando atualizacoes no Git remoto...
2026-08-27 16:56:00 [*] Codigo fonte mais recente que os binarios (MainWindow.g.cs 08/27/2026 16:53:58 > 08/27/2026 16:46:32). Recompilando...
2026-08-27 16:56:00 [*] Compilando Release (dotnet build -c Release)...
  Determinando os projetos a serem restaurados...
  C:\SPARC\src\NetworkDevice.UI\NetworkDevice.UI.csproj restaurado (em 279 ms).
  5 de 6 projetos est├úo atualizados para restaura├º├úo.
  NetworkDevice.Core -> C:\SPARC\src\NetworkDevice.Core\bin\Release\net8.0\NetworkDevice.Core.dll
  NetworkDevice.Protocols -> C:\sparc\src\NetworkDevice.Protocols\bin\Release\net8.0\NetworkDevice.Protocols.dll
  NetworkDevice.Cisco -> C:\sparc\src\NetworkDevice.Cisco\bin\Release\net8.0\NetworkDevice.Cisco.dll
  NetworkDevice.UI -> C:\sparc\src\NetworkDevice.UI\bin\Release\net8.0-windows\NetworkDevice.UI.dll
  NetworkDevice.Cli -> C:\sparc\src\NetworkDevice.Cli\bin\Release\net8.0\NetworkDevice.Cli.dll
  NetworkDevice.Tests -> C:\SPARC\tests\NetworkDevice.Tests\bin\Release\net8.0\NetworkDevice.Tests.dll

Compila├º├úo com ├¬xito.
    0 Aviso(s)
    0 Erro(s)

Tempo Decorrido 00:00:02.32
2026-08-27 16:56:04 [OK] Build Release concluido com sucesso.
2026-08-27 16:56:04 [*] Iniciando C:\SPARC\src\NetworkDevice.UI\bin\Release\net8.0-windows\NetworkDevice.UI.exe
2026-08-27 16:56:55 [*] Verificando e finalizando instancias antigas do SPARC...
2026-08-27 16:56:56 [*] Verificando atualizacoes no Git remoto...
2026-08-27 16:57:50 [*] Codigo fonte mais recente que os binarios (MainWindow.g.cs 08/27/2026 16:56:03 > 08/27/2026 16:46:32). Recompilando...
2026-08-27 16:57:50 [*] Compilando Release (dotnet build -c Release)...
  Determinando os projetos a serem restaurados...
  C:\sparc\src\NetworkDevice.UI\NetworkDevice.UI.csproj restaurado (em 319 ms).
  C:\sparc\src\NetworkDevice.Cisco\NetworkDevice.Cisco.csproj restaurado (em 361 ms).
  C:\SPARC\src\NetworkDevice.Cli\NetworkDevice.Cli.csproj restaurado (em 361 ms).
  C:\SPARC\tests\NetworkDevice.Tests\NetworkDevice.Tests.csproj restaurado (em 375 ms).
  C:\SPARC\src\NetworkDevice.Protocols\NetworkDevice.Protocols.csproj restaurado (em 5 ms).
  1 de 6 projetos est├úo atualizados para restaura├º├úo.
  NetworkDevice.Core -> C:\SPARC\src\NetworkDevice.Core\bin\Release\net8.0\NetworkDevice.Core.dll
  NetworkDevice.Protocols -> C:\sparc\src\NetworkDevice.Protocols\bin\Release\net8.0\NetworkDevice.Protocols.dll
  NetworkDevice.Cisco -> C:\sparc\src\NetworkDevice.Cisco\bin\Release\net8.0\NetworkDevice.Cisco.dll
  NetworkDevice.UI -> C:\SPARC\src\NetworkDevice.UI\bin\Release\net8.0-windows\NetworkDevice.UI.dll
  NetworkDevice.Cli -> C:\SPARC\src\NetworkDevice.Cli\bin\Release\net8.0\NetworkDevice.Cli.dll
  NetworkDevice.Tests -> C:\SPARC\tests\NetworkDevice.Tests\bin\Release\net8.0\NetworkDevice.Tests.dll

Compila├º├úo com ├¬xito.
    0 Aviso(s)
    0 Erro(s)

Tempo Decorrido 00:00:02.14
2026-08-27 16:57:54 [OK] Build Release concluido com sucesso.
2026-08-27 16:57:54 [*] Iniciando C:\SPARC\src\NetworkDevice.UI\bin\Release\net8.0-windows\NetworkDevice.UI.exe
2026-08-27 17:00:48 [*] Verificando e finalizando instancias antigas do SPARC...
2026-08-27 17:00:50 [*] Verificando atualizacoes no Git remoto...
2026-08-27 17:01:46 [*] Codigo fonte mais recente que os binarios (MainWindow.g.cs 08/27/2026 17:00:30 > 08/27/2026 16:46:32). Recompilando...
2026-08-27 17:01:46 [*] Compilando Release (dotnet build -c Release)...
  Determinando os projetos a serem restaurados...
  Todos os projetos est├úo atualizados para restaura├º├úo.
C:\SPARC\src\NetworkDevice.Core\Provisioning\HostNetworkManager.cs(181,39): warning CA1416: Este site de chamada pode ser acessado em todas as plataformas. S├│ h├í suporte para 'WindowsBuiltInRole.Administrator' em: 'windows'. (https://learn.microsoft.com/dotnet/fundamentals/code-analysis/quality-rules/ca1416) [C:\SPARC\src\NetworkDevice.Core\NetworkDevice.Core.csproj]
C:\SPARC\src\NetworkDevice.Core\Provisioning\HostNetworkManager.cs(181,20): warning CA1416: Este site de chamada pode ser acessado em todas as plataformas. S├│ h├í suporte para 'WindowsPrincipal.IsInRole(WindowsBuiltInRole)' em: 'windows'. (https://learn.microsoft.com/dotnet/fundamentals/code-analysis/quality-rules/ca1416) [C:\SPARC\src\NetworkDevice.Core\NetworkDevice.Core.csproj]
C:\SPARC\src\NetworkDevice.Core\Provisioning\HostNetworkManager.cs(179,28): warning CA1416: Este site de chamada pode ser acessado em todas as plataformas. S├│ h├í suporte para 'WindowsIdentity.GetCurrent()' em: 'windows'. (https://learn.microsoft.com/dotnet/fundamentals/code-analysis/quality-rules/ca1416) [C:\SPARC\src\NetworkDevice.Core\NetworkDevice.Core.csproj]
C:\SPARC\src\NetworkDevice.Core\Provisioning\HostNetworkManager.cs(180,29): warning CA1416: Este site de chamada pode ser acessado em todas as plataformas. S├│ h├í suporte para 'WindowsPrincipal' em: 'windows'. (https://learn.microsoft.com/dotnet/fundamentals/code-analysis/quality-rules/ca1416) [C:\SPARC\src\NetworkDevice.Core\NetworkDevice.Core.csproj]
  NetworkDevice.Core -> C:\SPARC\src\NetworkDevice.Core\bin\Release\net8.0\NetworkDevice.Core.dll
  NetworkDevice.Protocols -> C:\SPARC\src\NetworkDevice.Protocols\bin\Release\net8.0\NetworkDevice.Protocols.dll
  NetworkDevice.Cisco -> C:\sparc\src\NetworkDevice.Cisco\bin\Release\net8.0\NetworkDevice.Cisco.dll
  NetworkDevice.UI -> C:\sparc\src\NetworkDevice.UI\bin\Release\net8.0-windows\NetworkDevice.UI.dll
  NetworkDevice.Cli -> C:\SPARC\src\NetworkDevice.Cli\bin\Release\net8.0\NetworkDevice.Cli.dll
  NetworkDevice.Tests -> C:\SPARC\tests\NetworkDevice.Tests\bin\Release\net8.0\NetworkDevice.Tests.dll

Compila├º├úo com ├¬xito.

C:\SPARC\src\NetworkDevice.Core\Provisioning\HostNetworkManager.cs(181,39): warning CA1416: Este site de chamada pode ser acessado em todas as plataformas. S├│ h├í suporte para 'WindowsBuiltInRole.Administrator' em: 'windows'. (https://learn.microsoft.com/dotnet/fundamentals/code-analysis/quality-rules/ca1416) [C:\SPARC\src\NetworkDevice.Core\NetworkDevice.Core.csproj]
C:\SPARC\src\NetworkDevice.Core\Provisioning\HostNetworkManager.cs(181,20): warning CA1416: Este site de chamada pode ser acessado em todas as plataformas. S├│ h├í suporte para 'WindowsPrincipal.IsInRole(WindowsBuiltInRole)' em: 'windows'. (https://learn.microsoft.com/dotnet/fundamentals/code-analysis/quality-rules/ca1416) [C:\SPARC\src\NetworkDevice.Core\NetworkDevice.Core.csproj]
C:\SPARC\src\NetworkDevice.Core\Provisioning\HostNetworkManager.cs(179,28): warning CA1416: Este site de chamada pode ser acessado em todas as plataformas. S├│ h├í suporte para 'WindowsIdentity.GetCurrent()' em: 'windows'. (https://learn.microsoft.com/dotnet/fundamentals/code-analysis/quality-rules/ca1416) [C:\SPARC\src\NetworkDevice.Core\NetworkDevice.Core.csproj]
C:\SPARC\src\NetworkDevice.Core\Provisioning\HostNetworkManager.cs(180,29): warning CA1416: Este site de chamada pode ser acessado em todas as plataformas. S├│ h├í suporte para 'WindowsPrincipal' em: 'windows'. (https://learn.microsoft.com/dotnet/fundamentals/code-analysis/quality-rules/ca1416) [C:\SPARC\src\NetworkDevice.Core\NetworkDevice.Core.csproj]
    4 Aviso(s)
    0 Erro(s)

Tempo Decorrido 00:00:02.58
2026-08-27 17:01:50 [OK] Build Release concluido com sucesso.
2026-08-27 17:01:50 [*] Iniciando C:\SPARC\src\NetworkDevice.UI\bin\Release\net8.0-windows\NetworkDevice.UI.exe
2026-08-27 17:04:07 [*] Verificando e finalizando instancias antigas do SPARC...
2026-08-27 17:04:09 [*] Verificando atualizacoes no Git remoto...
2026-08-27 17:05:06 [*] Codigo fonte mais recente que os binarios (MainWindow.g.cs 08/27/2026 17:03:09 > 08/27/2026 17:01:49). Recompilando...
2026-08-27 17:05:06 [*] Compilando Release (dotnet build -c Release)...
  Determinando os projetos a serem restaurados...
  C:\SPARC\src\NetworkDevice.Cli\NetworkDevice.Cli.csproj restaurado (em 352 ms).
  C:\SPARC\src\NetworkDevice.Protocols\NetworkDevice.Protocols.csproj restaurado (em 352 ms).
  C:\sparc\src\NetworkDevice.Cisco\NetworkDevice.Cisco.csproj restaurado (em 352 ms).
  C:\SPARC\tests\NetworkDevice.Tests\NetworkDevice.Tests.csproj restaurado (em 368 ms).
  C:\SPARC\src\NetworkDevice.UI\NetworkDevice.UI.csproj restaurado (em 43 ms).
  1 de 6 projetos est├úo atualizados para restaura├º├úo.
  NetworkDevice.Core -> C:\SPARC\src\NetworkDevice.Core\bin\Release\net8.0\NetworkDevice.Core.dll
  NetworkDevice.Protocols -> C:\SPARC\src\NetworkDevice.Protocols\bin\Release\net8.0\NetworkDevice.Protocols.dll
  NetworkDevice.Cisco -> C:\sparc\src\NetworkDevice.Cisco\bin\Release\net8.0\NetworkDevice.Cisco.dll
  NetworkDevice.UI -> C:\sparc\src\NetworkDevice.UI\bin\Release\net8.0-windows\NetworkDevice.UI.dll
  NetworkDevice.Cli -> C:\SPARC\src\NetworkDevice.Cli\bin\Release\net8.0\NetworkDevice.Cli.dll
  NetworkDevice.Tests -> C:\SPARC\tests\NetworkDevice.Tests\bin\Release\net8.0\NetworkDevice.Tests.dll

Compila├º├úo com ├¬xito.
    0 Aviso(s)
    0 Erro(s)

Tempo Decorrido 00:00:02.33
2026-08-27 17:05:10 [OK] Build Release concluido com sucesso.
2026-08-27 17:05:10 [*] Iniciando C:\SPARC\src\NetworkDevice.UI\bin\Release\net8.0-windows\NetworkDevice.UI.exe
2026-08-27 17:08:25 [*] Verificando e finalizando instancias antigas do SPARC...
2026-08-27 17:08:27 [*] Verificando atualizacoes no Git remoto...
2026-08-27 17:09:25 [*] Codigo fonte mais recente que os binarios (MainWindow.g.cs 08/27/2026 17:08:20 > 08/27/2026 17:01:49). Recompilando...
2026-08-27 17:09:25 [*] Compilando Release (dotnet build -c Release)...
  Determinando os projetos a serem restaurados...
  C:\sparc\src\NetworkDevice.Cli\NetworkDevice.Cli.csproj restaurado (em 368 ms).
  C:\sparc\src\NetworkDevice.Cisco\NetworkDevice.Cisco.csproj restaurado (em 368 ms).
  C:\sparc\src\NetworkDevice.UI\NetworkDevice.UI.csproj restaurado (em 327 ms).
  C:\SPARC\tests\NetworkDevice.Tests\NetworkDevice.Tests.csproj restaurado (em 380 ms).
  C:\sparc\src\NetworkDevice.Protocols\NetworkDevice.Protocols.csproj restaurado (em 4 ms).
  1 de 6 projetos est├úo atualizados para restaura├º├úo.
  NetworkDevice.Core -> C:\SPARC\src\NetworkDevice.Core\bin\Release\net8.0\NetworkDevice.Core.dll
  NetworkDevice.Protocols -> C:\SPARC\src\NetworkDevice.Protocols\bin\Release\net8.0\NetworkDevice.Protocols.dll
  NetworkDevice.Cisco -> C:\sparc\src\NetworkDevice.Cisco\bin\Release\net8.0\NetworkDevice.Cisco.dll
  NetworkDevice.UI -> C:\SPARC\src\NetworkDevice.UI\bin\Release\net8.0-windows\NetworkDevice.UI.dll
  NetworkDevice.Cli -> C:\SPARC\src\NetworkDevice.Cli\bin\Release\net8.0\NetworkDevice.Cli.dll
  NetworkDevice.Tests -> C:\SPARC\tests\NetworkDevice.Tests\bin\Release\net8.0\NetworkDevice.Tests.dll

Compila├º├úo com ├¬xito.
    0 Aviso(s)
    0 Erro(s)

Tempo Decorrido 00:00:02.38
2026-08-27 17:09:29 [OK] Build Release concluido com sucesso.
2026-08-27 17:09:29 [*] Iniciando C:\SPARC\src\NetworkDevice.UI\bin\Release\net8.0-windows\NetworkDevice.UI.exe
2026-08-27 17:11:36 [*] Verificando e finalizando instancias antigas do SPARC...
2026-08-27 17:11:37 [*] Verificando atualizacoes no Git remoto...
2026-08-27 17:12:33 [*] Codigo fonte mais recente que os binarios (MainWindow.g.cs 08/27/2026 17:11:14 > 08/27/2026 17:01:49). Recompilando...
2026-08-27 17:12:33 [*] Compilando Release (dotnet build -c Release)...
  Determinando os projetos a serem restaurados...
  C:\SPARC\src\NetworkDevice.Cli\NetworkDevice.Cli.csproj restaurado (em 326 ms).
  C:\SPARC\src\NetworkDevice.UI\NetworkDevice.UI.csproj restaurado (em 284 ms).
  4 de 6 projetos est├úo atualizados para restaura├º├úo.
C:\SPARC\src\NetworkDevice.Core\Provisioning\HostNetworkManager.cs(180,29): warning CA1416: Este site de chamada pode ser acessado em todas as plataformas. S├│ h├í suporte para 'WindowsPrincipal' em: 'windows'. (https://learn.microsoft.com/dotnet/fundamentals/code-analysis/quality-rules/ca1416) [C:\SPARC\src\NetworkDevice.Core\NetworkDevice.Core.csproj]
C:\SPARC\src\NetworkDevice.Core\Provisioning\HostNetworkManager.cs(181,20): warning CA1416: Este site de chamada pode ser acessado em todas as plataformas. S├│ h├í suporte para 'WindowsPrincipal.IsInRole(WindowsBuiltInRole)' em: 'windows'. (https://learn.microsoft.com/dotnet/fundamentals/code-analysis/quality-rules/ca1416) [C:\SPARC\src\NetworkDevice.Core\NetworkDevice.Core.csproj]
C:\SPARC\src\NetworkDevice.Core\Provisioning\HostNetworkManager.cs(179,28): warning CA1416: Este site de chamada pode ser acessado em todas as plataformas. S├│ h├í suporte para 'WindowsIdentity.GetCurrent()' em: 'windows'. (https://learn.microsoft.com/dotnet/fundamentals/code-analysis/quality-rules/ca1416) [C:\SPARC\src\NetworkDevice.Core\NetworkDevice.Core.csproj]
C:\SPARC\src\NetworkDevice.Core\Provisioning\HostNetworkManager.cs(181,39): warning CA1416: Este site de chamada pode ser acessado em todas as plataformas. S├│ h├í suporte para 'WindowsBuiltInRole.Administrator' em: 'windows'. (https://learn.microsoft.com/dotnet/fundamentals/code-analysis/quality-rules/ca1416) [C:\SPARC\src\NetworkDevice.Core\NetworkDevice.Core.csproj]
  NetworkDevice.Core -> C:\SPARC\src\NetworkDevice.Core\bin\Release\net8.0\NetworkDevice.Core.dll
  NetworkDevice.Protocols -> C:\sparc\src\NetworkDevice.Protocols\bin\Release\net8.0\NetworkDevice.Protocols.dll
  NetworkDevice.Cisco -> C:\sparc\src\NetworkDevice.Cisco\bin\Release\net8.0\NetworkDevice.Cisco.dll
  NetworkDevice.Tests -> C:\SPARC\tests\NetworkDevice.Tests\bin\Release\net8.0\NetworkDevice.Tests.dll
  NetworkDevice.Cli -> C:\sparc\src\NetworkDevice.Cli\bin\Release\net8.0\NetworkDevice.Cli.dll
  NetworkDevice.UI -> C:\SPARC\src\NetworkDevice.UI\bin\Release\net8.0-windows\NetworkDevice.UI.dll

Compila├º├úo com ├¬xito.

C:\SPARC\src\NetworkDevice.Core\Provisioning\HostNetworkManager.cs(180,29): warning CA1416: Este site de chamada pode ser acessado em todas as plataformas. S├│ h├í suporte para 'WindowsPrincipal' em: 'windows'. (https://learn.microsoft.com/dotnet/fundamentals/code-analysis/quality-rules/ca1416) [C:\SPARC\src\NetworkDevice.Core\NetworkDevice.Core.csproj]
C:\SPARC\src\NetworkDevice.Core\Provisioning\HostNetworkManager.cs(181,20): warning CA1416: Este site de chamada pode ser acessado em todas as plataformas. S├│ h├í suporte para 'WindowsPrincipal.IsInRole(WindowsBuiltInRole)' em: 'windows'. (https://learn.microsoft.com/dotnet/fundamentals/code-analysis/quality-rules/ca1416) [C:\SPARC\src\NetworkDevice.Core\NetworkDevice.Core.csproj]
C:\SPARC\src\NetworkDevice.Core\Provisioning\HostNetworkManager.cs(179,28): warning CA1416: Este site de chamada pode ser acessado em todas as plataformas. S├│ h├í suporte para 'WindowsIdentity.GetCurrent()' em: 'windows'. (https://learn.microsoft.com/dotnet/fundamentals/code-analysis/quality-rules/ca1416) [C:\SPARC\src\NetworkDevice.Core\NetworkDevice.Core.csproj]
C:\SPARC\src\NetworkDevice.Core\Provisioning\HostNetworkManager.cs(181,39): warning CA1416: Este site de chamada pode ser acessado em todas as plataformas. S├│ h├í suporte para 'WindowsBuiltInRole.Administrator' em: 'windows'. (https://learn.microsoft.com/dotnet/fundamentals/code-analysis/quality-rules/ca1416) [C:\SPARC\src\NetworkDevice.Core\NetworkDevice.Core.csproj]
    4 Aviso(s)
    0 Erro(s)

Tempo Decorrido 00:00:02.84
2026-08-27 17:12:38 [OK] Build Release concluido com sucesso.
2026-08-27 17:12:38 [*] Iniciando C:\SPARC\src\NetworkDevice.UI\bin\Release\net8.0-windows\NetworkDevice.UI.exe
2026-08-27 17:14:57 [*] Verificando atualizacoes no Git remoto...
2026-08-27 17:15:54 [*] Codigo fonte mais recente que os binarios (MainWindow.g.cs 08/27/2026 17:14:39 > 08/27/2026 17:12:36). Recompilando...
2026-08-27 17:15:54 [*] Compilando Release (dotnet build -c Release)...
  Determinando os projetos a serem restaurados...
  Todos os projetos est├úo atualizados para restaura├º├úo.
C:\SPARC\src\NetworkDevice.Core\Provisioning\HostNetworkManager.cs(166,39): warning CA1416: Este site de chamada pode ser acessado em todas as plataformas. S├│ h├í suporte para 'WindowsBuiltInRole.Administrator' em: 'windows'. (https://learn.microsoft.com/dotnet/fundamentals/code-analysis/quality-rules/ca1416) [C:\SPARC\src\NetworkDevice.Core\NetworkDevice.Core.csproj]
C:\SPARC\src\NetworkDevice.Core\Provisioning\HostNetworkManager.cs(164,28): warning CA1416: Este site de chamada pode ser acessado em todas as plataformas. S├│ h├í suporte para 'WindowsIdentity.GetCurrent()' em: 'windows'. (https://learn.microsoft.com/dotnet/fundamentals/code-analysis/quality-rules/ca1416) [C:\SPARC\src\NetworkDevice.Core\NetworkDevice.Core.csproj]
C:\SPARC\src\NetworkDevice.Core\Provisioning\HostNetworkManager.cs(166,20): warning CA1416: Este site de chamada pode ser acessado em todas as plataformas. S├│ h├í suporte para 'WindowsPrincipal.IsInRole(WindowsBuiltInRole)' em: 'windows'. (https://learn.microsoft.com/dotnet/fundamentals/code-analysis/quality-rules/ca1416) [C:\SPARC\src\NetworkDevice.Core\NetworkDevice.Core.csproj]
C:\SPARC\src\NetworkDevice.Core\Provisioning\HostNetworkManager.cs(165,29): warning CA1416: Este site de chamada pode ser acessado em todas as plataformas. S├│ h├í suporte para 'WindowsPrincipal' em: 'windows'. (https://learn.microsoft.com/dotnet/fundamentals/code-analysis/quality-rules/ca1416) [C:\SPARC\src\NetworkDevice.Core\NetworkDevice.Core.csproj]
  NetworkDevice.Core -> C:\SPARC\src\NetworkDevice.Core\bin\Release\net8.0\NetworkDevice.Core.dll
  NetworkDevice.Protocols -> C:\SPARC\src\NetworkDevice.Protocols\bin\Release\net8.0\NetworkDevice.Protocols.dll
  NetworkDevice.Cisco -> C:\sparc\src\NetworkDevice.Cisco\bin\Release\net8.0\NetworkDevice.Cisco.dll
  NetworkDevice.Cli -> C:\SPARC\src\NetworkDevice.Cli\bin\Release\net8.0\NetworkDevice.Cli.dll
  NetworkDevice.UI -> C:\SPARC\src\NetworkDevice.UI\bin\Release\net8.0-windows\NetworkDevice.UI.dll
  NetworkDevice.Tests -> C:\SPARC\tests\NetworkDevice.Tests\bin\Release\net8.0\NetworkDevice.Tests.dll

Compila├º├úo com ├¬xito.

C:\SPARC\src\NetworkDevice.Core\Provisioning\HostNetworkManager.cs(166,39): warning CA1416: Este site de chamada pode ser acessado em todas as plataformas. S├│ h├í suporte para 'WindowsBuiltInRole.Administrator' em: 'windows'. (https://learn.microsoft.com/dotnet/fundamentals/code-analysis/quality-rules/ca1416) [C:\SPARC\src\NetworkDevice.Core\NetworkDevice.Core.csproj]
C:\SPARC\src\NetworkDevice.Core\Provisioning\HostNetworkManager.cs(164,28): warning CA1416: Este site de chamada pode ser acessado em todas as plataformas. S├│ h├í suporte para 'WindowsIdentity.GetCurrent()' em: 'windows'. (https://learn.microsoft.com/dotnet/fundamentals/code-analysis/quality-rules/ca1416) [C:\SPARC\src\NetworkDevice.Core\NetworkDevice.Core.csproj]
C:\SPARC\src\NetworkDevice.Core\Provisioning\HostNetworkManager.cs(166,20): warning CA1416: Este site de chamada pode ser acessado em todas as plataformas. S├│ h├í suporte para 'WindowsPrincipal.IsInRole(WindowsBuiltInRole)' em: 'windows'. (https://learn.microsoft.com/dotnet/fundamentals/code-analysis/quality-rules/ca1416) [C:\SPARC\src\NetworkDevice.Core\NetworkDevice.Core.csproj]
C:\SPARC\src\NetworkDevice.Core\Provisioning\HostNetworkManager.cs(165,29): warning CA1416: Este site de chamada pode ser acessado em todas as plataformas. S├│ h├í suporte para 'WindowsPrincipal' em: 'windows'. (https://learn.microsoft.com/dotnet/fundamentals/code-analysis/quality-rules/ca1416) [C:\SPARC\src\NetworkDevice.Core\NetworkDevice.Core.csproj]
    4 Aviso(s)
    0 Erro(s)

Tempo Decorrido 00:00:02.45
2026-08-27 17:15:58 [OK] Build Release concluido com sucesso.
2026-08-27 17:15:58 [*] Iniciando C:\SPARC\src\NetworkDevice.UI\bin\Release\net8.0-windows\NetworkDevice.UI.exe
2026-08-27 17:18:02 [*] Verificando atualizacoes no Git remoto...
2026-08-27 17:18:59 [*] Codigo fonte mais recente que os binarios (EmbeddedTftpServer.cs 08/27/2026 17:17:26 > 08/27/2026 17:15:57). Recompilando...
2026-08-27 17:18:59 [*] Compilando Release (dotnet build -c Release)...
  Determinando os projetos a serem restaurados...
  Todos os projetos est├úo atualizados para restaura├º├úo.
  NetworkDevice.Core -> C:\SPARC\src\NetworkDevice.Core\bin\Release\net8.0\NetworkDevice.Core.dll
  NetworkDevice.Protocols -> C:\sparc\src\NetworkDevice.Protocols\bin\Release\net8.0\NetworkDevice.Protocols.dll
  NetworkDevice.Cisco -> C:\sparc\src\NetworkDevice.Cisco\bin\Release\net8.0\NetworkDevice.Cisco.dll
  NetworkDevice.Cli -> C:\sparc\src\NetworkDevice.Cli\bin\Release\net8.0\NetworkDevice.Cli.dll
  NetworkDevice.UI -> C:\SPARC\src\NetworkDevice.UI\bin\Release\net8.0-windows\NetworkDevice.UI.dll
  NetworkDevice.Tests -> C:\SPARC\tests\NetworkDevice.Tests\bin\Release\net8.0\NetworkDevice.Tests.dll

Compila├º├úo com ├¬xito.
    0 Aviso(s)
    0 Erro(s)

Tempo Decorrido 00:00:02.16
2026-08-27 17:19:03 [OK] Build Release concluido com sucesso.
2026-08-27 17:19:03 [*] Iniciando C:\SPARC\src\NetworkDevice.UI\bin\Release\net8.0-windows\NetworkDevice.UI.exe
2026-08-28 13:56:48 [*] Verificando atualizacoes no Git remoto...
2026-08-28 13:57:01 [*] Git ja atualizado.
2026-08-28 13:57:02 [*] Codigo fonte mais recente que os binarios (MainWindow.g.cs 08/27/2026 17:19:02 > 08/27/2026 17:15:57). Recompilando...
2026-08-28 13:57:02 [*] Compilando Release (dotnet build -c Release)...
  Determinando os projetos a serem restaurados...
  C:\SPARC\src\NetworkDevice.Protocols\NetworkDevice.Protocols.csproj restaurado (em 1,12 seg).
  C:\SPARC\src\NetworkDevice.Cisco\NetworkDevice.Cisco.csproj restaurado (em 1,12 seg).
  C:\SPARC\src\NetworkDevice.Cli\NetworkDevice.Cli.csproj restaurado (em 1,12 seg).
  C:\SPARC\tests\NetworkDevice.Tests\NetworkDevice.Tests.csproj restaurado (em 1,14 seg).
  C:\SPARC\src\NetworkDevice.Core\NetworkDevice.Core.csproj restaurado (em 4 ms).
  C:\SPARC\src\NetworkDevice.UI\NetworkDevice.UI.csproj restaurado (em 67 ms).
  NetworkDevice.Core -> C:\SPARC\src\NetworkDevice.Core\bin\Release\net8.0\NetworkDevice.Core.dll
  NetworkDevice.Protocols -> C:\SPARC\src\NetworkDevice.Protocols\bin\Release\net8.0\NetworkDevice.Protocols.dll
  NetworkDevice.Cisco -> C:\SPARC\src\NetworkDevice.Cisco\bin\Release\net8.0\NetworkDevice.Cisco.dll
  NetworkDevice.Cli -> C:\SPARC\src\NetworkDevice.Cli\bin\Release\net8.0\NetworkDevice.Cli.dll
  NetworkDevice.Tests -> C:\SPARC\tests\NetworkDevice.Tests\bin\Release\net8.0\NetworkDevice.Tests.dll
  NetworkDevice.UI -> C:\SPARC\src\NetworkDevice.UI\bin\Release\net8.0-windows\NetworkDevice.UI.dll

Compila├º├úo com ├¬xito.
    0 Aviso(s)
    0 Erro(s)

Tempo Decorrido 00:00:04.83

As atualiza├º├Áes de carga de trabalho est├úo dispon├¡veis. Execute `dotnet workload list` para obter mais informa├º├Áes.
2026-08-28 13:57:07 [OK] Build Release concluido com sucesso.
2026-08-28 13:57:07 [*] Iniciando C:\SPARC\src\NetworkDevice.UI\bin\Release\net8.0-windows\NetworkDevice.UI.exe
2026-08-28 14:11:59 [*] Verificando atualizacoes no Git remoto...
2026-08-28 14:12:12 [*] Git ja atualizado.
2026-08-28 14:12:12 [*] Codigo fonte mais recente que os binarios (MainWindow.g.cs 08/28/2026 14:11:08 > 08/27/2026 17:15:57). Recompilando...
2026-08-28 14:12:12 [*] Compilando Release (dotnet build -c Release)...
  Determinando os projetos a serem restaurados...
  C:\SPARC\src\NetworkDevice.Core\NetworkDevice.Core.csproj restaurado (em 313 ms).
  C:\SPARC\src\NetworkDevice.Cli\NetworkDevice.Cli.csproj restaurado (em 362 ms).
  C:\Sparc\src\NetworkDevice.Cisco\NetworkDevice.Cisco.csproj restaurado (em 359 ms).
  C:\SPARC\src\NetworkDevice.Protocols\NetworkDevice.Protocols.csproj restaurado (em 7 ms).
  C:\SPARC\tests\NetworkDevice.Tests\NetworkDevice.Tests.csproj restaurado (em 393 ms).
  C:\SPARC\src\NetworkDevice.UI\NetworkDevice.UI.csproj restaurado (em 59 ms).
  NetworkDevice.Core -> C:\SPARC\src\NetworkDevice.Core\bin\Release\net8.0\NetworkDevice.Core.dll
  NetworkDevice.Protocols -> C:\SPARC\src\NetworkDevice.Protocols\bin\Release\net8.0\NetworkDevice.Protocols.dll
  NetworkDevice.Cisco -> C:\Sparc\src\NetworkDevice.Cisco\bin\Release\net8.0\NetworkDevice.Cisco.dll
  NetworkDevice.Cli -> C:\SPARC\src\NetworkDevice.Cli\bin\Release\net8.0\NetworkDevice.Cli.dll
  NetworkDevice.UI -> C:\Sparc\src\NetworkDevice.UI\bin\Release\net8.0-windows\NetworkDevice.UI.dll
  NetworkDevice.Tests -> C:\SPARC\tests\NetworkDevice.Tests\bin\Release\net8.0\NetworkDevice.Tests.dll

Compila├º├úo com ├¬xito.
    0 Aviso(s)
    0 Erro(s)

Tempo Decorrido 00:00:04.21

As atualiza├º├Áes de carga de trabalho est├úo dispon├¡veis. Execute `dotnet workload list` para obter mais informa├º├Áes.
2026-08-28 14:12:17 [OK] Build Release concluido com sucesso.
2026-08-28 14:12:17 [*] Iniciando C:\SPARC\src\NetworkDevice.UI\bin\Release\net8.0-windows\NetworkDevice.UI.exe
2026-08-28 14:16:12 [*] Verificando atualizacoes no Git remoto...
2026-08-28 14:16:24 [*] Git ja atualizado.
2026-08-28 14:16:25 [*] Codigo fonte mais recente que os binarios (MainWindow.g.cs 08/28/2026 14:15:48 > 08/27/2026 17:15:57). Recompilando...
2026-08-28 14:16:25 [*] Compilando Release (dotnet build -c Release)...
  Determinando os projetos a serem restaurados...
  C:\SPARC\src\NetworkDevice.Core\NetworkDevice.Core.csproj restaurado (em 315 ms).
  C:\Sparc\src\NetworkDevice.Cli\NetworkDevice.Cli.csproj restaurado (em 361 ms).
  C:\SPARC\src\NetworkDevice.Protocols\NetworkDevice.Protocols.csproj restaurado (em 361 ms).
  C:\Sparc\src\NetworkDevice.Cisco\NetworkDevice.Cisco.csproj restaurado (em 7 ms).
  C:\SPARC\tests\NetworkDevice.Tests\NetworkDevice.Tests.csproj restaurado (em 396 ms).
  C:\SPARC\src\NetworkDevice.UI\NetworkDevice.UI.csproj restaurado (em 54 ms).
  NetworkDevice.Core -> C:\SPARC\src\NetworkDevice.Core\bin\Release\net8.0\NetworkDevice.Core.dll
  NetworkDevice.Protocols -> C:\SPARC\src\NetworkDevice.Protocols\bin\Release\net8.0\NetworkDevice.Protocols.dll
  NetworkDevice.Cisco -> C:\Sparc\src\NetworkDevice.Cisco\bin\Release\net8.0\NetworkDevice.Cisco.dll
  NetworkDevice.Tests -> C:\SPARC\tests\NetworkDevice.Tests\bin\Release\net8.0\NetworkDevice.Tests.dll
C:\SPARC\src\NetworkDevice.UI\MainWindow.xaml.cs(439,38): warning CS0169: O campo "MainWindow._serialTestCts" nunca ├® usado [C:\SPARC\src\NetworkDevice.UI\NetworkDevice.UI.csproj]
C:\SPARC\src\NetworkDevice.UI\MainWindow.xaml.cs(440,19): warning CS0169: O campo "MainWindow._serialTestTask" nunca ├® usado [C:\SPARC\src\NetworkDevice.UI\NetworkDevice.UI.csproj]
  NetworkDevice.UI -> C:\Sparc\src\NetworkDevice.UI\bin\Release\net8.0-windows\NetworkDevice.UI.dll
  NetworkDevice.Cli -> C:\Sparc\src\NetworkDevice.Cli\bin\Release\net8.0\NetworkDevice.Cli.dll

Compila├º├úo com ├¬xito.

C:\SPARC\src\NetworkDevice.UI\MainWindow.xaml.cs(439,38): warning CS0169: O campo "MainWindow._serialTestCts" nunca ├® usado [C:\SPARC\src\NetworkDevice.UI\NetworkDevice.UI.csproj]
C:\SPARC\src\NetworkDevice.UI\MainWindow.xaml.cs(440,19): warning CS0169: O campo "MainWindow._serialTestTask" nunca ├® usado [C:\SPARC\src\NetworkDevice.UI\NetworkDevice.UI.csproj]
    2 Aviso(s)
    0 Erro(s)

Tempo Decorrido 00:00:02.58

As atualiza├º├Áes de carga de trabalho est├úo dispon├¡veis. Execute `dotnet workload list` para obter mais informa├º├Áes.
2026-08-28 14:16:28 [OK] Build Release concluido com sucesso.
2026-08-28 14:16:28 [*] Iniciando C:\SPARC\src\NetworkDevice.UI\bin\Release\net8.0-windows\NetworkDevice.UI.exe
2026-08-28 14:19:37 [*] Verificando atualizacoes no Git remoto...
2026-08-28 14:19:50 [*] Git ja atualizado.
2026-08-28 14:19:50 [*] Codigo fonte mais recente que os binarios (MainWindow.g.cs 08/28/2026 14:19:12 > 08/27/2026 17:15:57). Recompilando...
2026-08-28 14:19:50 [*] Compilando Release (dotnet build -c Release)...
  Determinando os projetos a serem restaurados...
  C:\SPARC\src\NetworkDevice.Core\NetworkDevice.Core.csproj restaurado (em 273 ms).
  C:\SPARC\src\NetworkDevice.Cli\NetworkDevice.Cli.csproj restaurado (em 335 ms).
  C:\SPARC\src\NetworkDevice.UI\NetworkDevice.UI.csproj restaurado (em 336 ms).
  C:\Sparc\src\NetworkDevice.Cisco\NetworkDevice.Cisco.csproj restaurado (em 336 ms).
  C:\SPARC\src\NetworkDevice.Protocols\NetworkDevice.Protocols.csproj restaurado (em 4 ms).
  C:\SPARC\tests\NetworkDevice.Tests\NetworkDevice.Tests.csproj restaurado (em 103 ms).
C:\SPARC\src\NetworkDevice.Core\Provisioning\HostNetworkManager.cs(166,39): warning CA1416: Este site de chamada pode ser acessado em todas as plataformas. S├│ h├í suporte para 'WindowsBuiltInRole.Administrator' em: 'windows'. (https://learn.microsoft.com/dotnet/fundamentals/code-analysis/quality-rules/ca1416) [C:\SPARC\src\NetworkDevice.Core\NetworkDevice.Core.csproj]
C:\SPARC\src\NetworkDevice.Core\Provisioning\HostNetworkManager.cs(166,20): warning CA1416: Este site de chamada pode ser acessado em todas as plataformas. S├│ h├í suporte para 'WindowsPrincipal.IsInRole(WindowsBuiltInRole)' em: 'windows'. (https://learn.microsoft.com/dotnet/fundamentals/code-analysis/quality-rules/ca1416) [C:\SPARC\src\NetworkDevice.Core\NetworkDevice.Core.csproj]
C:\SPARC\src\NetworkDevice.Core\Provisioning\HostNetworkManager.cs(165,29): warning CA1416: Este site de chamada pode ser acessado em todas as plataformas. S├│ h├í suporte para 'WindowsPrincipal' em: 'windows'. (https://learn.microsoft.com/dotnet/fundamentals/code-analysis/quality-rules/ca1416) [C:\SPARC\src\NetworkDevice.Core\NetworkDevice.Core.csproj]
C:\SPARC\src\NetworkDevice.Core\Provisioning\HostNetworkManager.cs(164,28): warning CA1416: Este site de chamada pode ser acessado em todas as plataformas. S├│ h├í suporte para 'WindowsIdentity.GetCurrent()' em: 'windows'. (https://learn.microsoft.com/dotnet/fundamentals/code-analysis/quality-rules/ca1416) [C:\SPARC\src\NetworkDevice.Core\NetworkDevice.Core.csproj]
  NetworkDevice.Core -> C:\SPARC\src\NetworkDevice.Core\bin\Release\net8.0\NetworkDevice.Core.dll
  NetworkDevice.Protocols -> C:\SPARC\src\NetworkDevice.Protocols\bin\Release\net8.0\NetworkDevice.Protocols.dll
  NetworkDevice.Cisco -> C:\SPARC\src\NetworkDevice.Cisco\bin\Release\net8.0\NetworkDevice.Cisco.dll
C:\SPARC\src\NetworkDevice.UI\MainWindow.xaml.cs(439,38): warning CS0169: O campo "MainWindow._serialTestCts" nunca ├® usado [C:\SPARC\src\NetworkDevice.UI\NetworkDevice.UI.csproj]
C:\SPARC\src\NetworkDevice.UI\MainWindow.xaml.cs(440,19): warning CS0169: O campo "MainWindow._serialTestTask" nunca ├® usado [C:\SPARC\src\NetworkDevice.UI\NetworkDevice.UI.csproj]
  NetworkDevice.UI -> C:\Sparc\src\NetworkDevice.UI\bin\Release\net8.0-windows\NetworkDevice.UI.dll
  NetworkDevice.Tests -> C:\Sparc\tests\NetworkDevice.Tests\bin\Release\net8.0\NetworkDevice.Tests.dll
  NetworkDevice.Cli -> C:\SPARC\src\NetworkDevice.Cli\bin\Release\net8.0\NetworkDevice.Cli.dll

Compila├º├úo com ├¬xito.

C:\SPARC\src\NetworkDevice.Core\Provisioning\HostNetworkManager.cs(166,39): warning CA1416: Este site de chamada pode ser acessado em todas as plataformas. S├│ h├í suporte para 'WindowsBuiltInRole.Administrator' em: 'windows'. (https://learn.microsoft.com/dotnet/fundamentals/code-analysis/quality-rules/ca1416) [C:\SPARC\src\NetworkDevice.Core\NetworkDevice.Core.csproj]
C:\SPARC\src\NetworkDevice.Core\Provisioning\HostNetworkManager.cs(166,20): warning CA1416: Este site de chamada pode ser acessado em todas as plataformas. S├│ h├í suporte para 'WindowsPrincipal.IsInRole(WindowsBuiltInRole)' em: 'windows'. (https://learn.microsoft.com/dotnet/fundamentals/code-analysis/quality-rules/ca1416) [C:\SPARC\src\NetworkDevice.Core\NetworkDevice.Core.csproj]
C:\SPARC\src\NetworkDevice.Core\Provisioning\HostNetworkManager.cs(165,29): warning CA1416: Este site de chamada pode ser acessado em todas as plataformas. S├│ h├í suporte para 'WindowsPrincipal' em: 'windows'. (https://learn.microsoft.com/dotnet/fundamentals/code-analysis/quality-rules/ca1416) [C:\SPARC\src\NetworkDevice.Core\NetworkDevice.Core.csproj]
C:\SPARC\src\NetworkDevice.Core\Provisioning\HostNetworkManager.cs(164,28): warning CA1416: Este site de chamada pode ser acessado em todas as plataformas. S├│ h├í suporte para 'WindowsIdentity.GetCurrent()' em: 'windows'. (https://learn.microsoft.com/dotnet/fundamentals/code-analysis/quality-rules/ca1416) [C:\SPARC\src\NetworkDevice.Core\NetworkDevice.Core.csproj]
C:\SPARC\src\NetworkDevice.UI\MainWindow.xaml.cs(439,38): warning CS0169: O campo "MainWindow._serialTestCts" nunca ├® usado [C:\SPARC\src\NetworkDevice.UI\NetworkDevice.UI.csproj]
C:\SPARC\src\NetworkDevice.UI\MainWindow.xaml.cs(440,19): warning CS0169: O campo "MainWindow._serialTestTask" nunca ├® usado [C:\SPARC\src\NetworkDevice.UI\NetworkDevice.UI.csproj]
    6 Aviso(s)
    0 Erro(s)

Tempo Decorrido 00:00:03.04

As atualiza├º├Áes de carga de trabalho est├úo dispon├¡veis. Execute `dotnet workload list` para obter mais informa├º├Áes.
2026-08-28 14:19:54 [OK] Build Release concluido com sucesso.
2026-08-28 14:19:54 [*] Iniciando C:\SPARC\src\NetworkDevice.UI\bin\Release\net8.0-windows\NetworkDevice.UI.exe
2026-08-28 14:23:48 [*] Verificando atualizacoes no Git remoto...
2026-08-28 14:24:01 [*] Git ja atualizado.
2026-08-28 14:24:01 [*] Codigo fonte mais recente que os binarios (MainWindow.g.cs 08/28/2026 14:23:24 > 08/28/2026 14:19:52). Recompilando...
2026-08-28 14:24:01 [*] Compilando Release (dotnet build -c Release)...
  Determinando os projetos a serem restaurados...
  C:\SPARC\src\NetworkDevice.Core\NetworkDevice.Core.csproj restaurado (em 292 ms).
  C:\SPARC\src\NetworkDevice.Cisco\NetworkDevice.Cisco.csproj restaurado (em 355 ms).
  C:\SPARC\src\NetworkDevice.Protocols\NetworkDevice.Protocols.csproj restaurado (em 355 ms).
  C:\SPARC\src\NetworkDevice.Cli\NetworkDevice.Cli.csproj restaurado (em 6 ms).
  C:\Sparc\src\NetworkDevice.UI\NetworkDevice.UI.csproj restaurado (em 61 ms).
  C:\SPARC\tests\NetworkDevice.Tests\NetworkDevice.Tests.csproj restaurado (em 395 ms).
  NetworkDevice.Core -> C:\SPARC\src\NetworkDevice.Core\bin\Release\net8.0\NetworkDevice.Core.dll
  NetworkDevice.Protocols -> C:\SPARC\src\NetworkDevice.Protocols\bin\Release\net8.0\NetworkDevice.Protocols.dll
  NetworkDevice.Cisco -> C:\SPARC\src\NetworkDevice.Cisco\bin\Release\net8.0\NetworkDevice.Cisco.dll
C:\SPARC\src\NetworkDevice.UI\MainWindow.xaml.cs(440,19): warning CS0169: O campo "MainWindow._serialTestTask" nunca ├® usado [C:\SPARC\src\NetworkDevice.UI\NetworkDevice.UI.csproj]
C:\SPARC\src\NetworkDevice.UI\MainWindow.xaml.cs(439,38): warning CS0169: O campo "MainWindow._serialTestCts" nunca ├® usado [C:\SPARC\src\NetworkDevice.UI\NetworkDevice.UI.csproj]
  NetworkDevice.UI -> C:\Sparc\src\NetworkDevice.UI\bin\Release\net8.0-windows\NetworkDevice.UI.dll
  NetworkDevice.Tests -> C:\SPARC\tests\NetworkDevice.Tests\bin\Release\net8.0\NetworkDevice.Tests.dll
  NetworkDevice.Cli -> C:\SPARC\src\NetworkDevice.Cli\bin\Release\net8.0\NetworkDevice.Cli.dll

Compila├º├úo com ├¬xito.

C:\SPARC\src\NetworkDevice.UI\MainWindow.xaml.cs(440,19): warning CS0169: O campo "MainWindow._serialTestTask" nunca ├® usado [C:\SPARC\src\NetworkDevice.UI\NetworkDevice.UI.csproj]
C:\SPARC\src\NetworkDevice.UI\MainWindow.xaml.cs(439,38): warning CS0169: O campo "MainWindow._serialTestCts" nunca ├® usado [C:\SPARC\src\NetworkDevice.UI\NetworkDevice.UI.csproj]
    2 Aviso(s)
    0 Erro(s)

Tempo Decorrido 00:00:02.75

As atualiza├º├Áes de carga de trabalho est├úo dispon├¡veis. Execute `dotnet workload list` para obter mais informa├º├Áes.
2026-08-28 14:24:05 [OK] Build Release concluido com sucesso.
2026-08-28 14:24:05 [*] Iniciando C:\SPARC\src\NetworkDevice.UI\bin\Release\net8.0-windows\NetworkDevice.UI.exe
2026-08-28 14:27:02 [*] Verificando atualizacoes no Git remoto...
2026-08-28 14:27:14 [*] Git ja atualizado.
2026-08-28 14:27:14 [*] Codigo fonte mais recente que os binarios (MainWindow.g.cs 08/28/2026 14:26:51 > 08/28/2026 14:19:52). Recompilando...
2026-08-28 14:27:14 [*] Compilando Release (dotnet build -c Release)...
  Determinando os projetos a serem restaurados...
  C:\SPARC\src\NetworkDevice.Core\NetworkDevice.Core.csproj restaurado (em 1,03 seg).
  C:\Sparc\src\NetworkDevice.UI\NetworkDevice.UI.csproj restaurado (em 1,12 seg).
  C:\SPARC\src\NetworkDevice.Cisco\NetworkDevice.Cisco.csproj restaurado (em 1,13 seg).
  C:\SPARC\src\NetworkDevice.Protocols\NetworkDevice.Protocols.csproj restaurado (em 1,13 seg).
  C:\SPARC\src\NetworkDevice.Cli\NetworkDevice.Cli.csproj restaurado (em 5 ms).
  C:\SPARC\tests\NetworkDevice.Tests\NetworkDevice.Tests.csproj restaurado (em 126 ms).
  NetworkDevice.Core -> C:\SPARC\src\NetworkDevice.Core\bin\Release\net8.0\NetworkDevice.Core.dll
  NetworkDevice.Protocols -> C:\SPARC\src\NetworkDevice.Protocols\bin\Release\net8.0\NetworkDevice.Protocols.dll
  NetworkDevice.Cisco -> C:\SPARC\src\NetworkDevice.Cisco\bin\Release\net8.0\NetworkDevice.Cisco.dll
  NetworkDevice.Tests -> C:\SPARC\tests\NetworkDevice.Tests\bin\Release\net8.0\NetworkDevice.Tests.dll
C:\SPARC\src\NetworkDevice.UI\MainWindow.xaml.cs(440,19): warning CS0169: O campo "MainWindow._serialTestTask" nunca ├® usado [C:\SPARC\src\NetworkDevice.UI\NetworkDevice.UI.csproj]
C:\SPARC\src\NetworkDevice.UI\MainWindow.xaml.cs(439,38): warning CS0169: O campo "MainWindow._serialTestCts" nunca ├® usado [C:\SPARC\src\NetworkDevice.UI\NetworkDevice.UI.csproj]
  NetworkDevice.Cli -> C:\Sparc\src\NetworkDevice.Cli\bin\Release\net8.0\NetworkDevice.Cli.dll
  NetworkDevice.UI -> C:\Sparc\src\NetworkDevice.UI\bin\Release\net8.0-windows\NetworkDevice.UI.dll

Compila├º├úo com ├¬xito.

C:\SPARC\src\NetworkDevice.UI\MainWindow.xaml.cs(440,19): warning CS0169: O campo "MainWindow._serialTestTask" nunca ├® usado [C:\SPARC\src\NetworkDevice.UI\NetworkDevice.UI.csproj]
C:\SPARC\src\NetworkDevice.UI\MainWindow.xaml.cs(439,38): warning CS0169: O campo "MainWindow._serialTestCts" nunca ├® usado [C:\SPARC\src\NetworkDevice.UI\NetworkDevice.UI.csproj]
    2 Aviso(s)
    0 Erro(s)

Tempo Decorrido 00:00:03.54

As atualiza├º├Áes de carga de trabalho est├úo dispon├¡veis. Execute `dotnet workload list` para obter mais informa├º├Áes.
2026-08-28 14:27:19 [OK] Build Release concluido com sucesso.
2026-08-28 14:27:19 [*] Iniciando C:\SPARC\src\NetworkDevice.UI\bin\Release\net8.0-windows\NetworkDevice.UI.exe
2026-08-28 14:31:22 [*] Verificando atualizacoes no Git remoto...
2026-08-28 14:31:36 [*] Git ja atualizado.
2026-08-28 14:31:36 [*] Codigo fonte mais recente que os binarios (MainWindow.g.cs 08/28/2026 14:30:56 > 08/28/2026 14:19:52). Recompilando...
2026-08-28 14:31:36 [*] Compilando Release (dotnet build -c Release)...
  Determinando os projetos a serem restaurados...
  C:\SPARC\src\NetworkDevice.Core\NetworkDevice.Core.csproj restaurado (em 287 ms).
  C:\SPARC\src\NetworkDevice.Protocols\NetworkDevice.Protocols.csproj restaurado (em 360 ms).
  C:\Sparc\src\NetworkDevice.Cisco\NetworkDevice.Cisco.csproj restaurado (em 376 ms).
  C:\Sparc\src\NetworkDevice.Cli\NetworkDevice.Cli.csproj restaurado (em 6 ms).
  C:\SPARC\src\NetworkDevice.UI\NetworkDevice.UI.csproj restaurado (em 60 ms).
  C:\SPARC\tests\NetworkDevice.Tests\NetworkDevice.Tests.csproj restaurado (em 399 ms).
  NetworkDevice.Core -> C:\SPARC\src\NetworkDevice.Core\bin\Release\net8.0\NetworkDevice.Core.dll
  NetworkDevice.Protocols -> C:\SPARC\src\NetworkDevice.Protocols\bin\Release\net8.0\NetworkDevice.Protocols.dll
  NetworkDevice.Cisco -> C:\SPARC\src\NetworkDevice.Cisco\bin\Release\net8.0\NetworkDevice.Cisco.dll
C:\SPARC\src\NetworkDevice.UI\MainWindow.xaml.cs(439,38): warning CS0169: O campo "MainWindow._serialTestCts" nunca ├® usado [C:\SPARC\src\NetworkDevice.UI\NetworkDevice.UI.csproj]
C:\SPARC\src\NetworkDevice.UI\MainWindow.xaml.cs(440,19): warning CS0169: O campo "MainWindow._serialTestTask" nunca ├® usado [C:\SPARC\src\NetworkDevice.UI\NetworkDevice.UI.csproj]
  NetworkDevice.UI -> C:\SPARC\src\NetworkDevice.UI\bin\Release\net8.0-windows\NetworkDevice.UI.dll
  NetworkDevice.Cli -> C:\Sparc\src\NetworkDevice.Cli\bin\Release\net8.0\NetworkDevice.Cli.dll
  NetworkDevice.Tests -> C:\Sparc\tests\NetworkDevice.Tests\bin\Release\net8.0\NetworkDevice.Tests.dll

Compila├º├úo com ├¬xito.

C:\SPARC\src\NetworkDevice.UI\MainWindow.xaml.cs(439,38): warning CS0169: O campo "MainWindow._serialTestCts" nunca ├® usado [C:\SPARC\src\NetworkDevice.UI\NetworkDevice.UI.csproj]
C:\SPARC\src\NetworkDevice.UI\MainWindow.xaml.cs(440,19): warning CS0169: O campo "MainWindow._serialTestTask" nunca ├® usado [C:\SPARC\src\NetworkDevice.UI\NetworkDevice.UI.csproj]
    2 Aviso(s)
    0 Erro(s)

Tempo Decorrido 00:00:02.83

As atualiza├º├Áes de carga de trabalho est├úo dispon├¡veis. Execute `dotnet workload list` para obter mais informa├º├Áes.
2026-08-28 14:31:39 [OK] Build Release concluido com sucesso.
2026-08-28 14:31:39 [*] Iniciando C:\SPARC\src\NetworkDevice.UI\bin\Release\net8.0-windows\NetworkDevice.UI.exe
2026-08-28 14:37:47 [*] Verificando atualizacoes no Git remoto...
2026-08-28 14:38:04 [*] Git ja atualizado.
2026-08-28 14:38:04 [*] Codigo fonte mais recente que os binarios (MainWindow.g.cs 08/28/2026 14:31:39 > 08/28/2026 14:19:52). Recompilando...
2026-08-28 14:38:04 [*] Compilando Release (dotnet build -c Release)...
  Determinando os projetos a serem restaurados...
  C:\SPARC\src\NetworkDevice.Cisco\NetworkDevice.Cisco.csproj restaurado (em 380 ms).
  C:\SPARC\src\NetworkDevice.Cli\NetworkDevice.Cli.csproj restaurado (em 339 ms).
  C:\SPARC\src\NetworkDevice.UI\NetworkDevice.UI.csproj restaurado (em 339 ms).
  C:\SPARC\tests\NetworkDevice.Tests\NetworkDevice.Tests.csproj restaurado (em 401 ms).
  2 de 6 projetos est├úo atualizados para restaura├º├úo.
  NetworkDevice.Core -> C:\SPARC\src\NetworkDevice.Core\bin\Release\net8.0\NetworkDevice.Core.dll
  NetworkDevice.Protocols -> C:\SPARC\src\NetworkDevice.Protocols\bin\Release\net8.0\NetworkDevice.Protocols.dll
  NetworkDevice.Cisco -> C:\SPARC\src\NetworkDevice.Cisco\bin\Release\net8.0\NetworkDevice.Cisco.dll
C:\SPARC\src\NetworkDevice.UI\MainWindow.xaml.cs(439,38): warning CS0169: O campo "MainWindow._serialTestCts" nunca ├® usado [C:\SPARC\src\NetworkDevice.UI\NetworkDevice.UI.csproj]
C:\SPARC\src\NetworkDevice.UI\MainWindow.xaml.cs(440,19): warning CS0169: O campo "MainWindow._serialTestTask" nunca ├® usado [C:\SPARC\src\NetworkDevice.UI\NetworkDevice.UI.csproj]
  NetworkDevice.UI -> C:\Sparc\src\NetworkDevice.UI\bin\Release\net8.0-windows\NetworkDevice.UI.dll
  NetworkDevice.Cli -> C:\SPARC\src\NetworkDevice.Cli\bin\Release\net8.0\NetworkDevice.Cli.dll
  NetworkDevice.Tests -> C:\SPARC\tests\NetworkDevice.Tests\bin\Release\net8.0\NetworkDevice.Tests.dll

Compila├º├úo com ├¬xito.

C:\SPARC\src\NetworkDevice.UI\MainWindow.xaml.cs(439,38): warning CS0169: O campo "MainWindow._serialTestCts" nunca ├® usado [C:\SPARC\src\NetworkDevice.UI\NetworkDevice.UI.csproj]
C:\SPARC\src\NetworkDevice.UI\MainWindow.xaml.cs(440,19): warning CS0169: O campo "MainWindow._serialTestTask" nunca ├® usado [C:\SPARC\src\NetworkDevice.UI\NetworkDevice.UI.csproj]
    2 Aviso(s)
    0 Erro(s)

Tempo Decorrido 00:00:02.34

As atualiza├º├Áes de carga de trabalho est├úo dispon├¡veis. Execute `dotnet workload list` para obter mais informa├º├Áes.
2026-08-28 14:38:07 [OK] Build Release concluido com sucesso.
2026-08-28 14:38:07 [*] Iniciando C:\SPARC\src\NetworkDevice.UI\bin\Release\net8.0-windows\NetworkDevice.UI.exe
2026-08-28 14:40:06 [*] Atalho do Desktop recriado/corrigido: C:\Users\User\Desktop\NetworkDevice.lnk
2026-08-28 14:40:06 [*] Modo local: Git nÃ£o sincronizado automaticamente (backup eventual apenas).
2026-08-28 14:40:06 [*] Codigo fonte mais recente que os binarios (MainWindow.g.cs 08/28/2026 14:31:39 > 08/28/2026 14:19:52). Recompilando...
2026-08-28 14:40:06 [*] Compilando Release (dotnet build -c Release)...
  Determinando os projetos a serem restaurados...
  Todos os projetos est├úo atualizados para restaura├º├úo.
  NetworkDevice.Core -> C:\SPARC\src\NetworkDevice.Core\bin\Release\net8.0\NetworkDevice.Core.dll
  NetworkDevice.Protocols -> C:\SPARC\src\NetworkDevice.Protocols\bin\Release\net8.0\NetworkDevice.Protocols.dll
  NetworkDevice.Cisco -> C:\SPARC\src\NetworkDevice.Cisco\bin\Release\net8.0\NetworkDevice.Cisco.dll
C:\SPARC\src\NetworkDevice.UI\MainWindow.xaml.cs(440,19): warning CS0169: O campo "MainWindow._serialTestTask" nunca ├® usado [C:\SPARC\src\NetworkDevice.UI\NetworkDevice.UI.csproj]
C:\SPARC\src\NetworkDevice.UI\MainWindow.xaml.cs(439,38): warning CS0169: O campo "MainWindow._serialTestCts" nunca ├® usado [C:\SPARC\src\NetworkDevice.UI\NetworkDevice.UI.csproj]
  NetworkDevice.UI -> C:\SPARC\src\NetworkDevice.UI\bin\Release\net8.0-windows\NetworkDevice.UI.dll
  NetworkDevice.Cli -> C:\Sparc\src\NetworkDevice.Cli\bin\Release\net8.0\NetworkDevice.Cli.dll
  NetworkDevice.Tests -> C:\Sparc\tests\NetworkDevice.Tests\bin\Release\net8.0\NetworkDevice.Tests.dll

Compila├º├úo com ├¬xito.

C:\SPARC\src\NetworkDevice.UI\MainWindow.xaml.cs(440,19): warning CS0169: O campo "MainWindow._serialTestTask" nunca ├® usado [C:\SPARC\src\NetworkDevice.UI\NetworkDevice.UI.csproj]
C:\SPARC\src\NetworkDevice.UI\MainWindow.xaml.cs(439,38): warning CS0169: O campo "MainWindow._serialTestCts" nunca ├® usado [C:\SPARC\src\NetworkDevice.UI\NetworkDevice.UI.csproj]
    2 Aviso(s)
    0 Erro(s)

Tempo Decorrido 00:00:01.85

As atualiza├º├Áes de carga de trabalho est├úo dispon├¡veis. Execute `dotnet workload list` para obter mais informa├º├Áes.
2026-08-28 14:40:10 [OK] Build Release concluido com sucesso.
2026-08-28 14:40:10 [*] Iniciando C:\SPARC\src\NetworkDevice.UI\bin\Release\net8.0-windows\NetworkDevice.UI.exe
2026-08-28 14:41:11 [*] Atalho do Desktop recriado/corrigido: C:\Users\User\Desktop\NetworkDevice.lnk
2026-08-28 14:41:11 [*] Modo local: Git nÃ£o sincronizado automaticamente (backup eventual apenas).
2026-08-28 14:41:11 [*] Codigo fonte mais recente que os binarios (MainWindow.g.cs 08/28/2026 14:31:39 > 08/28/2026 14:19:52). Recompilando...
2026-08-28 14:41:11 [*] Compilando Release (dotnet build -c Release)...
  Determinando os projetos a serem restaurados...
  C:\Sparc\src\NetworkDevice.Cli\NetworkDevice.Cli.csproj restaurado (em 326 ms).
  5 de 6 projetos est├úo atualizados para restaura├º├úo.
  NetworkDevice.Core -> C:\SPARC\src\NetworkDevice.Core\bin\Release\net8.0\NetworkDevice.Core.dll
  NetworkDevice.Protocols -> C:\SPARC\src\NetworkDevice.Protocols\bin\Release\net8.0\NetworkDevice.Protocols.dll
  NetworkDevice.Cisco -> C:\Sparc\src\NetworkDevice.Cisco\bin\Release\net8.0\NetworkDevice.Cisco.dll
C:\SPARC\src\NetworkDevice.UI\MainWindow.xaml.cs(440,19): warning CS0169: O campo "MainWindow._serialTestTask" nunca ├® usado [C:\SPARC\src\NetworkDevice.UI\NetworkDevice.UI.csproj]
C:\SPARC\src\NetworkDevice.UI\MainWindow.xaml.cs(439,38): warning CS0169: O campo "MainWindow._serialTestCts" nunca ├® usado [C:\SPARC\src\NetworkDevice.UI\NetworkDevice.UI.csproj]
  NetworkDevice.UI -> C:\SPARC\src\NetworkDevice.UI\bin\Release\net8.0-windows\NetworkDevice.UI.dll
  NetworkDevice.Cli -> C:\SPARC\src\NetworkDevice.Cli\bin\Release\net8.0\NetworkDevice.Cli.dll
  NetworkDevice.Tests -> C:\SPARC\tests\NetworkDevice.Tests\bin\Release\net8.0\NetworkDevice.Tests.dll

Compila├º├úo com ├¬xito.

C:\SPARC\src\NetworkDevice.UI\MainWindow.xaml.cs(440,19): warning CS0169: O campo "MainWindow._serialTestTask" nunca ├® usado [C:\SPARC\src\NetworkDevice.UI\NetworkDevice.UI.csproj]
C:\SPARC\src\NetworkDevice.UI\MainWindow.xaml.cs(439,38): warning CS0169: O campo "MainWindow._serialTestCts" nunca ├® usado [C:\SPARC\src\NetworkDevice.UI\NetworkDevice.UI.csproj]
    2 Aviso(s)
    0 Erro(s)

Tempo Decorrido 00:00:02.46

As atualiza├º├Áes de carga de trabalho est├úo dispon├¡veis. Execute `dotnet workload list` para obter mais informa├º├Áes.
2026-08-28 14:41:15 [OK] Build Release concluido com sucesso.
2026-08-28 14:41:15 [*] Iniciando C:\SPARC\src\NetworkDevice.UI\bin\Release\net8.0-windows\NetworkDevice.UI.exe
2026-08-28 14:42:07 [*] Atalho do Desktop recriado/corrigido: C:\Users\User\Desktop\NetworkDevice.lnk
2026-08-28 14:42:07 [*] Modo local: Git nÃ£o sincronizado automaticamente (backup eventual apenas).
2026-08-28 14:42:08 [*] Codigo fonte mais recente que os binarios (MainWindow.g.cs 08/28/2026 14:41:14 > 08/28/2026 14:19:52). Recompilando...
2026-08-28 14:42:08 [*] Compilando Release (dotnet build -c Release)...
  Determinando os projetos a serem restaurados...
  C:\Sparc\src\NetworkDevice.UI\NetworkDevice.UI.csproj restaurado (em 302 ms).
  C:\SPARC\src\NetworkDevice.Cli\NetworkDevice.Cli.csproj restaurado (em 343 ms).
  C:\Sparc\tests\NetworkDevice.Tests\NetworkDevice.Tests.csproj restaurado (em 359 ms).
  3 de 6 projetos est├úo atualizados para restaura├º├úo.
  NetworkDevice.Core -> C:\SPARC\src\NetworkDevice.Core\bin\Release\net8.0\NetworkDevice.Core.dll
  NetworkDevice.Protocols -> C:\SPARC\src\NetworkDevice.Protocols\bin\Release\net8.0\NetworkDevice.Protocols.dll
  NetworkDevice.Cisco -> C:\SPARC\src\NetworkDevice.Cisco\bin\Release\net8.0\NetworkDevice.Cisco.dll
C:\SPARC\src\NetworkDevice.UI\MainWindow.xaml.cs(439,38): warning CS0169: O campo "MainWindow._serialTestCts" nunca ├® usado [C:\SPARC\src\NetworkDevice.UI\NetworkDevice.UI.csproj]
C:\SPARC\src\NetworkDevice.UI\MainWindow.xaml.cs(440,19): warning CS0169: O campo "MainWindow._serialTestTask" nunca ├® usado [C:\SPARC\src\NetworkDevice.UI\NetworkDevice.UI.csproj]
  NetworkDevice.UI -> C:\Sparc\src\NetworkDevice.UI\bin\Release\net8.0-windows\NetworkDevice.UI.dll
  NetworkDevice.Cli -> C:\SPARC\src\NetworkDevice.Cli\bin\Release\net8.0\NetworkDevice.Cli.dll
  NetworkDevice.Tests -> C:\SPARC\tests\NetworkDevice.Tests\bin\Release\net8.0\NetworkDevice.Tests.dll

Compila├º├úo com ├¬xito.

C:\SPARC\src\NetworkDevice.UI\MainWindow.xaml.cs(439,38): warning CS0169: O campo "MainWindow._serialTestCts" nunca ├® usado [C:\SPARC\src\NetworkDevice.UI\NetworkDevice.UI.csproj]
C:\SPARC\src\NetworkDevice.UI\MainWindow.xaml.cs(440,19): warning CS0169: O campo "MainWindow._serialTestTask" nunca ├® usado [C:\SPARC\src\NetworkDevice.UI\NetworkDevice.UI.csproj]
    2 Aviso(s)
    0 Erro(s)

Tempo Decorrido 00:00:02.25

As atualiza├º├Áes de carga de trabalho est├úo dispon├¡veis. Execute `dotnet workload list` para obter mais informa├º├Áes.
2026-08-28 14:42:11 [OK] Build Release concluido com sucesso.
2026-08-28 14:42:11 [*] Iniciando C:\SPARC\src\NetworkDevice.UI\bin\Release\net8.0-windows\NetworkDevice.UI.exe
2026-08-28 14:45:09 [*] Modo local: Git nÃ£o sincronizado automaticamente (backup eventual apenas).
2026-08-28 14:45:09 [*] Codigo fonte mais recente que os binarios (MainWindow.g.cs 08/28/2026 14:42:10 > 08/28/2026 14:19:52). Recompilando...
2026-08-28 14:45:09 [*] Compilando Release (dotnet build -c Release)...
  Determinando os projetos a serem restaurados...
  C:\Sparc\src\NetworkDevice.Cisco\NetworkDevice.Cisco.csproj restaurado (em 363 ms).
  C:\SPARC\src\NetworkDevice.UI\NetworkDevice.UI.csproj restaurado (em 324 ms).
  C:\Sparc\src\NetworkDevice.Cli\NetworkDevice.Cli.csproj restaurado (em 363 ms).
  C:\Sparc\tests\NetworkDevice.Tests\NetworkDevice.Tests.csproj restaurado (em 376 ms).
  2 de 6 projetos est├úo atualizados para restaura├º├úo.
  NetworkDevice.Core -> C:\SPARC\src\NetworkDevice.Core\bin\Release\net8.0\NetworkDevice.Core.dll
  NetworkDevice.Protocols -> C:\SPARC\src\NetworkDevice.Protocols\bin\Release\net8.0\NetworkDevice.Protocols.dll
  NetworkDevice.Cisco -> C:\SPARC\src\NetworkDevice.Cisco\bin\Release\net8.0\NetworkDevice.Cisco.dll
  NetworkDevice.UI -> C:\SPARC\src\NetworkDevice.UI\bin\Release\net8.0-windows\NetworkDevice.UI.dll
  NetworkDevice.Tests -> C:\Sparc\tests\NetworkDevice.Tests\bin\Release\net8.0\NetworkDevice.Tests.dll
  NetworkDevice.Cli -> C:\SPARC\src\NetworkDevice.Cli\bin\Release\net8.0\NetworkDevice.Cli.dll

Compila├º├úo com ├¬xito.
    0 Aviso(s)
    0 Erro(s)

Tempo Decorrido 00:00:01.84

As atualiza├º├Áes de carga de trabalho est├úo dispon├¡veis. Execute `dotnet workload list` para obter mais informa├º├Áes.
2026-08-28 14:45:13 [OK] Build Release concluido com sucesso.
2026-08-28 14:45:13 [*] Iniciando C:\SPARC\src\NetworkDevice.UI\bin\Release\net8.0-windows\NetworkDevice.UI.exe
2026-08-28 14:48:14 [*] Modo local: Git nÃ£o sincronizado automaticamente (backup eventual apenas).
2026-08-28 14:48:14 [*] Compilando Release (dotnet build -c Release)...
  Determinando os projetos a serem restaurados...
  C:\Sparc\src\NetworkDevice.Cisco\NetworkDevice.Cisco.csproj restaurado (em 329 ms).
  C:\SPARC\src\NetworkDevice.UI\NetworkDevice.UI.csproj restaurado (em 329 ms).
  C:\SPARC\src\NetworkDevice.Cli\NetworkDevice.Cli.csproj restaurado (em 369 ms).
  C:\SPARC\tests\NetworkDevice.Tests\NetworkDevice.Tests.csproj restaurado (em 384 ms).
  2 de 6 projetos est├úo atualizados para restaura├º├úo.
  NetworkDevice.Core -> C:\SPARC\src\NetworkDevice.Core\bin\Release\net8.0\NetworkDevice.Core.dll
  NetworkDevice.Protocols -> C:\SPARC\src\NetworkDevice.Protocols\bin\Release\net8.0\NetworkDevice.Protocols.dll
  NetworkDevice.Cisco -> C:\SPARC\src\NetworkDevice.Cisco\bin\Release\net8.0\NetworkDevice.Cisco.dll
  NetworkDevice.UI -> C:\Sparc\src\NetworkDevice.UI\bin\Release\net8.0-windows\NetworkDevice.UI.dll
  NetworkDevice.Cli -> C:\SPARC\src\NetworkDevice.Cli\bin\Release\net8.0\NetworkDevice.Cli.dll
  NetworkDevice.Tests -> C:\Sparc\tests\NetworkDevice.Tests\bin\Release\net8.0\NetworkDevice.Tests.dll

Compila├º├úo com ├¬xito.
    0 Aviso(s)
    0 Erro(s)

Tempo Decorrido 00:00:01.86

As atualiza├º├Áes de carga de trabalho est├úo dispon├¡veis. Execute `dotnet workload list` para obter mais informa├º├Áes.
2026-08-28 14:48:18 [OK] Build Release concluido com sucesso.
2026-08-28 14:48:18 [*] Iniciando C:\SPARC\src\NetworkDevice.UI\bin\Release\net8.0-windows\NetworkDevice.UI.exe
2026-08-28 14:48:30 [*] Modo local: Git nÃ£o sincronizado automaticamente (backup eventual apenas).
2026-08-28 14:48:30 [*] Codigo fonte mais recente que os binarios (MainWindow.g.cs 08/28/2026 14:46:32 > 08/28/2026 14:19:52). Recompilando...
2026-08-28 14:48:30 [*] Compilando Release (dotnet build -c Release)...
  Determinando os projetos a serem restaurados...
  Todos os projetos est├úo atualizados para restaura├º├úo.
  NetworkDevice.Core -> C:\SPARC\src\NetworkDevice.Core\bin\Release\net8.0\NetworkDevice.Core.dll
  NetworkDevice.Protocols -> C:\SPARC\src\NetworkDevice.Protocols\bin\Release\net8.0\NetworkDevice.Protocols.dll
  NetworkDevice.Cisco -> C:\SPARC\src\NetworkDevice.Cisco\bin\Release\net8.0\NetworkDevice.Cisco.dll
  NetworkDevice.UI -> C:\Sparc\src\NetworkDevice.UI\bin\Release\net8.0-windows\NetworkDevice.UI.dll
  NetworkDevice.Cli -> C:\SPARC\src\NetworkDevice.Cli\bin\Release\net8.0\NetworkDevice.Cli.dll
  NetworkDevice.Tests -> C:\SPARC\tests\NetworkDevice.Tests\bin\Release\net8.0\NetworkDevice.Tests.dll

Compila├º├úo com ├¬xito.
    0 Aviso(s)
    0 Erro(s)

Tempo Decorrido 00:00:01.49

As atualiza├º├Áes de carga de trabalho est├úo dispon├¡veis. Execute `dotnet workload list` para obter mais informa├º├Áes.
2026-08-28 14:48:33 [OK] Build Release concluido com sucesso.
2026-08-28 14:48:33 [*] Iniciando C:\SPARC\src\NetworkDevice.UI\bin\Release\net8.0-windows\NetworkDevice.UI.exe
2026-08-28 14:57:49 [*] Modo local: Git nÃ£o sincronizado automaticamente (backup eventual apenas).
2026-08-28 14:57:49 [*] Codigo fonte mais recente que os binarios (MainWindow.xaml.cs 08/28/2026 14:54:50 > 08/28/2026 14:19:52). Recompilando...
2026-08-28 14:57:49 [*] Compilando Release (dotnet build -c Release)...
  Determinando os projetos a serem restaurados...
  C:\Sparc\src\NetworkDevice.Cli\NetworkDevice.Cli.csproj restaurado (em 12,13 seg).
  5 de 6 projetos est├úo atualizados para restaura├º├úo.
  NetworkDevice.Core -> C:\SPARC\src\NetworkDevice.Core\bin\Release\net8.0\NetworkDevice.Core.dll
  NetworkDevice.Protocols -> C:\SPARC\src\NetworkDevice.Protocols\bin\Release\net8.0\NetworkDevice.Protocols.dll
  NetworkDevice.Cisco -> C:\SPARC\src\NetworkDevice.Cisco\bin\Release\net8.0\NetworkDevice.Cisco.dll
  NetworkDevice.Tests -> C:\Sparc\tests\NetworkDevice.Tests\bin\Release\net8.0\NetworkDevice.Tests.dll
C:\SPARC\src\NetworkDevice.UI\MainWindow.xaml.cs(440,38): warning CS0169: O campo "MainWindow._serialTestCts" nunca ├® usado [C:\SPARC\src\NetworkDevice.UI\NetworkDevice.UI.csproj]
C:\SPARC\src\NetworkDevice.UI\MainWindow.xaml.cs(441,19): warning CS0169: O campo "MainWindow._serialTestTask" nunca ├® usado [C:\SPARC\src\NetworkDevice.UI\NetworkDevice.UI.csproj]
  NetworkDevice.UI -> C:\Sparc\src\NetworkDevice.UI\bin\Release\net8.0-windows\NetworkDevice.UI.dll
  NetworkDevice.Cli -> C:\Sparc\src\NetworkDevice.Cli\bin\Release\net8.0\NetworkDevice.Cli.dll

Compila├º├úo com ├¬xito.

C:\SPARC\src\NetworkDevice.UI\MainWindow.xaml.cs(440,38): warning CS0169: O campo "MainWindow._serialTestCts" nunca ├® usado [C:\SPARC\src\NetworkDevice.UI\NetworkDevice.UI.csproj]
C:\SPARC\src\NetworkDevice.UI\MainWindow.xaml.cs(441,19): warning CS0169: O campo "MainWindow._serialTestTask" nunca ├® usado [C:\SPARC\src\NetworkDevice.UI\NetworkDevice.UI.csproj]
    2 Aviso(s)
    0 Erro(s)

Tempo Decorrido 00:00:14.01

As atualiza├º├Áes de carga de trabalho est├úo dispon├¡veis. Execute `dotnet workload list` para obter mais informa├º├Áes.
2026-08-28 14:58:04 [OK] Build Release concluido com sucesso.
2026-08-28 14:58:04 [*] Iniciando C:\SPARC\src\NetworkDevice.UI\bin\Release\net8.0-windows\NetworkDevice.UI.exe
2026-08-28 15:01:47 [*] Modo local: Git nÃ£o sincronizado automaticamente (backup eventual apenas).
2026-08-28 15:01:47 [*] Codigo fonte mais recente que os binarios (MainWindow.g.cs 08/28/2026 15:01:02 > 08/28/2026 14:19:52). Recompilando...
2026-08-28 15:01:47 [*] Compilando Release (dotnet build -c Release)...
  Determinando os projetos a serem restaurados...
  C:\Sparc\src\NetworkDevice.UI\NetworkDevice.UI.csproj restaurado (em 290 ms).
  C:\Sparc\tests\NetworkDevice.Tests\NetworkDevice.Tests.csproj restaurado (em 355 ms).
  4 de 6 projetos est├úo atualizados para restaura├º├úo.
  NetworkDevice.Core -> C:\SPARC\src\NetworkDevice.Core\bin\Release\net8.0\NetworkDevice.Core.dll
  NetworkDevice.Protocols -> C:\SPARC\src\NetworkDevice.Protocols\bin\Release\net8.0\NetworkDevice.Protocols.dll
  NetworkDevice.Cisco -> C:\Sparc\src\NetworkDevice.Cisco\bin\Release\net8.0\NetworkDevice.Cisco.dll
C:\SPARC\src\NetworkDevice.UI\MainWindow.xaml.cs(441,19): warning CS0169: O campo "MainWindow._serialTestTask" nunca ├® usado [C:\SPARC\src\NetworkDevice.UI\NetworkDevice.UI.csproj]
C:\SPARC\src\NetworkDevice.UI\MainWindow.xaml.cs(440,38): warning CS0169: O campo "MainWindow._serialTestCts" nunca ├® usado [C:\SPARC\src\NetworkDevice.UI\NetworkDevice.UI.csproj]
  NetworkDevice.UI -> C:\SPARC\src\NetworkDevice.UI\bin\Release\net8.0-windows\NetworkDevice.UI.dll
  NetworkDevice.Cli -> C:\Sparc\src\NetworkDevice.Cli\bin\Release\net8.0\NetworkDevice.Cli.dll
  NetworkDevice.Tests -> C:\SPARC\tests\NetworkDevice.Tests\bin\Release\net8.0\NetworkDevice.Tests.dll

Compila├º├úo com ├¬xito.

C:\SPARC\src\NetworkDevice.UI\MainWindow.xaml.cs(441,19): warning CS0169: O campo "MainWindow._serialTestTask" nunca ├® usado [C:\SPARC\src\NetworkDevice.UI\NetworkDevice.UI.csproj]
C:\SPARC\src\NetworkDevice.UI\MainWindow.xaml.cs(440,38): warning CS0169: O campo "MainWindow._serialTestCts" nunca ├® usado [C:\SPARC\src\NetworkDevice.UI\NetworkDevice.UI.csproj]
    2 Aviso(s)
    0 Erro(s)

Tempo Decorrido 00:00:02.21

As atualiza├º├Áes de carga de trabalho est├úo dispon├¡veis. Execute `dotnet workload list` para obter mais informa├º├Áes.
2026-08-28 15:01:50 [OK] Build Release concluido com sucesso.
2026-08-28 15:01:50 [*] Iniciando C:\SPARC\src\NetworkDevice.UI\bin\Release\net8.0-windows\NetworkDevice.UI.exe
2026-08-28 15:04:20 [*] Modo local: Git nÃ£o sincronizado automaticamente (backup eventual apenas).
2026-08-28 15:04:20 [*] Codigo fonte mais recente que os binarios (MainWindow.g.cs 08/28/2026 15:03:39 > 08/28/2026 15:00:45). Recompilando...
2026-08-28 15:04:20 [*] Compilando Release (dotnet build -c Release)...
  Determinando os projetos a serem restaurados...
  C:\Sparc\src\NetworkDevice.Cisco\NetworkDevice.Cisco.csproj restaurado (em 321 ms).
  C:\Sparc\src\NetworkDevice.UI\NetworkDevice.UI.csproj restaurado (em 360 ms).
  C:\Sparc\src\NetworkDevice.Cli\NetworkDevice.Cli.csproj restaurado (em 321 ms).
  C:\Sparc\tests\NetworkDevice.Tests\NetworkDevice.Tests.csproj restaurado (em 379 ms).
  2 de 6 projetos est├úo atualizados para restaura├º├úo.
  NetworkDevice.Core -> C:\SPARC\src\NetworkDevice.Core\bin\Release\net8.0\NetworkDevice.Core.dll
  NetworkDevice.Protocols -> C:\SPARC\src\NetworkDevice.Protocols\bin\Release\net8.0\NetworkDevice.Protocols.dll
  NetworkDevice.Cisco -> C:\Sparc\src\NetworkDevice.Cisco\bin\Release\net8.0\NetworkDevice.Cisco.dll
C:\SPARC\src\NetworkDevice.UI\MainWindow.xaml.cs(441,19): warning CS0169: O campo "MainWindow._serialTestTask" nunca ├® usado [C:\SPARC\src\NetworkDevice.UI\NetworkDevice.UI.csproj]
C:\SPARC\src\NetworkDevice.UI\MainWindow.xaml.cs(440,38): warning CS0169: O campo "MainWindow._serialTestCts" nunca ├® usado [C:\SPARC\src\NetworkDevice.UI\NetworkDevice.UI.csproj]
  NetworkDevice.UI -> C:\SPARC\src\NetworkDevice.UI\bin\Release\net8.0-windows\NetworkDevice.UI.dll
  NetworkDevice.Cli -> C:\Sparc\src\NetworkDevice.Cli\bin\Release\net8.0\NetworkDevice.Cli.dll
  NetworkDevice.Tests -> C:\SPARC\tests\NetworkDevice.Tests\bin\Release\net8.0\NetworkDevice.Tests.dll

Compila├º├úo com ├¬xito.

C:\SPARC\src\NetworkDevice.UI\MainWindow.xaml.cs(441,19): warning CS0169: O campo "MainWindow._serialTestTask" nunca ├® usado [C:\SPARC\src\NetworkDevice.UI\NetworkDevice.UI.csproj]
C:\SPARC\src\NetworkDevice.UI\MainWindow.xaml.cs(440,38): warning CS0169: O campo "MainWindow._serialTestCts" nunca ├® usado [C:\SPARC\src\NetworkDevice.UI\NetworkDevice.UI.csproj]
    2 Aviso(s)
    0 Erro(s)

Tempo Decorrido 00:00:02.28

As atualiza├º├Áes de carga de trabalho est├úo dispon├¡veis. Execute `dotnet workload list` para obter mais informa├º├Áes.
2026-08-28 15:04:23 [OK] Build Release concluido com sucesso.
2026-08-28 15:04:23 [*] Iniciando C:\SPARC\src\NetworkDevice.UI\bin\Release\net8.0-windows\NetworkDevice.UI.exe
2026-08-28 15:14:03 [*] Modo local: Git nÃ£o sincronizado automaticamente (backup eventual apenas).
2026-08-28 15:14:03 [*] Codigo fonte mais recente que os binarios (MainWindow.g.cs 08/28/2026 15:12:27 > 08/28/2026 15:00:45). Recompilando...
2026-08-28 15:14:03 [*] Compilando Release (dotnet build -c Release)...
  Determinando os projetos a serem restaurados...
  C:\Sparc\src\NetworkDevice.Cli\NetworkDevice.Cli.csproj restaurado (em 321 ms).
  C:\SPARC\src\NetworkDevice.UI\NetworkDevice.UI.csproj restaurado (em 280 ms).
  4 de 6 projetos est├úo atualizados para restaura├º├úo.
  NetworkDevice.Core -> C:\SPARC\src\NetworkDevice.Core\bin\Release\net8.0\NetworkDevice.Core.dll
  NetworkDevice.Protocols -> C:\SPARC\src\NetworkDevice.Protocols\bin\Release\net8.0\NetworkDevice.Protocols.dll
  NetworkDevice.Cisco -> C:\Sparc\src\NetworkDevice.Cisco\bin\Release\net8.0\NetworkDevice.Cisco.dll
  NetworkDevice.Tests -> C:\SPARC\tests\NetworkDevice.Tests\bin\Release\net8.0\NetworkDevice.Tests.dll
C:\SPARC\src\NetworkDevice.UI\MainWindow.xaml.cs(441,19): warning CS0169: O campo "MainWindow._serialTestTask" nunca ├® usado [C:\SPARC\src\NetworkDevice.UI\NetworkDevice.UI.csproj]
C:\SPARC\src\NetworkDevice.UI\MainWindow.xaml.cs(440,38): warning CS0169: O campo "MainWindow._serialTestCts" nunca ├® usado [C:\SPARC\src\NetworkDevice.UI\NetworkDevice.UI.csproj]
  NetworkDevice.UI -> C:\SPARC\src\NetworkDevice.UI\bin\Release\net8.0-windows\NetworkDevice.UI.dll
  NetworkDevice.Cli -> C:\SPARC\src\NetworkDevice.Cli\bin\Release\net8.0\NetworkDevice.Cli.dll

Compila├º├úo com ├¬xito.

C:\SPARC\src\NetworkDevice.UI\MainWindow.xaml.cs(441,19): warning CS0169: O campo "MainWindow._serialTestTask" nunca ├® usado [C:\SPARC\src\NetworkDevice.UI\NetworkDevice.UI.csproj]
C:\SPARC\src\NetworkDevice.UI\MainWindow.xaml.cs(440,38): warning CS0169: O campo "MainWindow._serialTestCts" nunca ├® usado [C:\SPARC\src\NetworkDevice.UI\NetworkDevice.UI.csproj]
    2 Aviso(s)
    0 Erro(s)

Tempo Decorrido 00:00:02.19

As atualiza├º├Áes de carga de trabalho est├úo dispon├¡veis. Execute `dotnet workload list` para obter mais informa├º├Áes.
2026-08-28 15:14:07 [OK] Build Release concluido com sucesso.
2026-08-28 15:14:07 [*] Iniciando C:\SPARC\src\NetworkDevice.UI\bin\Release\net8.0-windows\NetworkDevice.UI.exe
2026-08-28 15:15:45 [*] Modo local: Git nÃ£o sincronizado automaticamente (backup eventual apenas).
2026-08-28 15:15:46 [*] Codigo fonte mais recente que os binarios (MainWindow.g.cs 08/28/2026 15:14:07 > 08/28/2026 15:00:45). Recompilando...
2026-08-28 15:15:46 [*] Compilando Release (dotnet build -c Release)...
  Determinando os projetos a serem restaurados...
  C:\SPARC\src\NetworkDevice.Cli\NetworkDevice.Cli.csproj restaurado (em 300 ms).
  5 de 6 projetos est├úo atualizados para restaura├º├úo.
  NetworkDevice.Core -> C:\SPARC\src\NetworkDevice.Core\bin\Release\net8.0\NetworkDevice.Core.dll
  NetworkDevice.Protocols -> C:\SPARC\src\NetworkDevice.Protocols\bin\Release\net8.0\NetworkDevice.Protocols.dll
  NetworkDevice.Cisco -> C:\SPARC\src\NetworkDevice.Cisco\bin\Release\net8.0\NetworkDevice.Cisco.dll
  NetworkDevice.Tests -> C:\SPARC\tests\NetworkDevice.Tests\bin\Release\net8.0\NetworkDevice.Tests.dll
C:\SPARC\src\NetworkDevice.UI\MainWindow.xaml.cs(441,19): warning CS0169: O campo "MainWindow._serialTestTask" nunca ├® usado [C:\SPARC\src\NetworkDevice.UI\NetworkDevice.UI.csproj]
C:\SPARC\src\NetworkDevice.UI\MainWindow.xaml.cs(440,38): warning CS0169: O campo "MainWindow._serialTestCts" nunca ├® usado [C:\SPARC\src\NetworkDevice.UI\NetworkDevice.UI.csproj]
  NetworkDevice.UI -> C:\SPARC\src\NetworkDevice.UI\bin\Release\net8.0-windows\NetworkDevice.UI.dll
  NetworkDevice.Cli -> C:\SPARC\src\NetworkDevice.Cli\bin\Release\net8.0\NetworkDevice.Cli.dll

Compila├º├úo com ├¬xito.

C:\SPARC\src\NetworkDevice.UI\MainWindow.xaml.cs(441,19): warning CS0169: O campo "MainWindow._serialTestTask" nunca ├® usado [C:\SPARC\src\NetworkDevice.UI\NetworkDevice.UI.csproj]
C:\SPARC\src\NetworkDevice.UI\MainWindow.xaml.cs(440,38): warning CS0169: O campo "MainWindow._serialTestCts" nunca ├® usado [C:\SPARC\src\NetworkDevice.UI\NetworkDevice.UI.csproj]
    2 Aviso(s)
    0 Erro(s)

Tempo Decorrido 00:00:02.14

As atualiza├º├Áes de carga de trabalho est├úo dispon├¡veis. Execute `dotnet workload list` para obter mais informa├º├Áes.
2026-08-28 15:15:50 [OK] Build Release concluido com sucesso.
2026-08-28 15:15:50 [*] Iniciando C:\SPARC\src\NetworkDevice.UI\bin\Release\net8.0-windows\NetworkDevice.UI.exe
2026-08-28 15:16:53 [*] Modo local: Git nÃ£o sincronizado automaticamente (backup eventual apenas).
2026-08-28 15:16:53 [*] Codigo fonte mais recente que os binarios (MainWindow.xaml.cs 08/28/2026 15:16:42 > 08/28/2026 15:00:45). Recompilando...
2026-08-28 15:16:53 [*] Compilando Release (dotnet build -c Release)...
  Determinando os projetos a serem restaurados...
  Todos os projetos est├úo atualizados para restaura├º├úo.
  NetworkDevice.Core -> C:\SPARC\src\NetworkDevice.Core\bin\Release\net8.0\NetworkDevice.Core.dll
  NetworkDevice.Protocols -> C:\SPARC\src\NetworkDevice.Protocols\bin\Release\net8.0\NetworkDevice.Protocols.dll
  NetworkDevice.Cisco -> C:\SPARC\src\NetworkDevice.Cisco\bin\Release\net8.0\NetworkDevice.Cisco.dll
  NetworkDevice.Tests -> C:\SPARC\tests\NetworkDevice.Tests\bin\Release\net8.0\NetworkDevice.Tests.dll
C:\SPARC\src\NetworkDevice.UI\MainWindow.xaml.cs(440,38): warning CS0169: O campo "MainWindow._serialTestCts" nunca ├® usado [C:\SPARC\src\NetworkDevice.UI\NetworkDevice.UI.csproj]
C:\SPARC\src\NetworkDevice.UI\MainWindow.xaml.cs(441,19): warning CS0169: O campo "MainWindow._serialTestTask" nunca ├® usado [C:\SPARC\src\NetworkDevice.UI\NetworkDevice.UI.csproj]
  NetworkDevice.UI -> C:\SPARC\src\NetworkDevice.UI\bin\Release\net8.0-windows\NetworkDevice.UI.dll
  NetworkDevice.Cli -> C:\SPARC\src\NetworkDevice.Cli\bin\Release\net8.0\NetworkDevice.Cli.dll

Compila├º├úo com ├¬xito.

C:\SPARC\src\NetworkDevice.UI\MainWindow.xaml.cs(440,38): warning CS0169: O campo "MainWindow._serialTestCts" nunca ├® usado [C:\SPARC\src\NetworkDevice.UI\NetworkDevice.UI.csproj]
C:\SPARC\src\NetworkDevice.UI\MainWindow.xaml.cs(441,19): warning CS0169: O campo "MainWindow._serialTestTask" nunca ├® usado [C:\SPARC\src\NetworkDevice.UI\NetworkDevice.UI.csproj]
    2 Aviso(s)
    0 Erro(s)

Tempo Decorrido 00:00:01.71

As atualiza├º├Áes de carga de trabalho est├úo dispon├¡veis. Execute `dotnet workload list` para obter mais informa├º├Áes.
2026-08-28 15:16:56 [OK] Build Release concluido com sucesso.
2026-08-28 15:16:56 [*] Iniciando C:\SPARC\src\NetworkDevice.UI\bin\Release\net8.0-windows\NetworkDevice.UI.exe
2026-08-28 15:17:44 [*] Modo local: Git nÃ£o sincronizado automaticamente (backup eventual apenas).
2026-08-28 15:17:44 [*] Codigo fonte mais recente que os binarios (MainWindow.xaml.cs 08/28/2026 15:17:37 > 08/28/2026 15:00:45). Recompilando...
2026-08-28 15:17:44 [*] Compilando Release (dotnet build -c Release)...
  Determinando os projetos a serem restaurados...
  C:\Sparc\src\NetworkDevice.Cisco\NetworkDevice.Cisco.csproj restaurado (em 360 ms).
  C:\Sparc\src\NetworkDevice.Cli\NetworkDevice.Cli.csproj restaurado (em 360 ms).
  C:\Sparc\src\NetworkDevice.UI\NetworkDevice.UI.csproj restaurado (em 360 ms).
  C:\SPARC\tests\NetworkDevice.Tests\NetworkDevice.Tests.csproj restaurado (em 335 ms).
  2 de 6 projetos est├úo atualizados para restaura├º├úo.
  NetworkDevice.Core -> C:\SPARC\src\NetworkDevice.Core\bin\Release\net8.0\NetworkDevice.Core.dll
  NetworkDevice.Protocols -> C:\SPARC\src\NetworkDevice.Protocols\bin\Release\net8.0\NetworkDevice.Protocols.dll
  NetworkDevice.Cisco -> C:\SPARC\src\NetworkDevice.Cisco\bin\Release\net8.0\NetworkDevice.Cisco.dll
  NetworkDevice.Tests -> C:\Sparc\tests\NetworkDevice.Tests\bin\Release\net8.0\NetworkDevice.Tests.dll
C:\SPARC\src\NetworkDevice.UI\MainWindow.xaml.cs(440,38): warning CS0169: O campo "MainWindow._serialTestCts" nunca ├® usado [C:\SPARC\src\NetworkDevice.UI\NetworkDevice.UI.csproj]
C:\SPARC\src\NetworkDevice.UI\MainWindow.xaml.cs(441,19): warning CS0169: O campo "MainWindow._serialTestTask" nunca ├® usado [C:\SPARC\src\NetworkDevice.UI\NetworkDevice.UI.csproj]
  NetworkDevice.UI -> C:\Sparc\src\NetworkDevice.UI\bin\Release\net8.0-windows\NetworkDevice.UI.dll
  NetworkDevice.Cli -> C:\Sparc\src\NetworkDevice.Cli\bin\Release\net8.0\NetworkDevice.Cli.dll

Compila├º├úo com ├¬xito.

C:\SPARC\src\NetworkDevice.UI\MainWindow.xaml.cs(440,38): warning CS0169: O campo "MainWindow._serialTestCts" nunca ├® usado [C:\SPARC\src\NetworkDevice.UI\NetworkDevice.UI.csproj]
C:\SPARC\src\NetworkDevice.UI\MainWindow.xaml.cs(441,19): warning CS0169: O campo "MainWindow._serialTestTask" nunca ├® usado [C:\SPARC\src\NetworkDevice.UI\NetworkDevice.UI.csproj]
    2 Aviso(s)
    0 Erro(s)

Tempo Decorrido 00:00:02.23

As atualiza├º├Áes de carga de trabalho est├úo dispon├¡veis. Execute `dotnet workload list` para obter mais informa├º├Áes.
2026-08-28 15:17:48 [OK] Build Release concluido com sucesso.
2026-08-28 15:17:48 [*] Iniciando C:\SPARC\src\NetworkDevice.UI\bin\Release\net8.0-windows\NetworkDevice.UI.exe
2026-08-28 15:21:53 [*] Modo local: Git nÃ£o sincronizado automaticamente (backup eventual apenas).
2026-08-28 15:21:54 [*] Codigo fonte mais recente que os binarios (MainWindow.xaml.cs 08/28/2026 15:17:37 > 08/28/2026 15:00:45). Recompilando...
2026-08-28 15:21:54 [*] Compilando Release (dotnet build -c Release)...
  Determinando os projetos a serem restaurados...
  C:\SPARC\src\NetworkDevice.UI\NetworkDevice.UI.csproj restaurado (em 290 ms).
  5 de 6 projetos est├úo atualizados para restaura├º├úo.
  NetworkDevice.Core -> C:\SPARC\src\NetworkDevice.Core\bin\Release\net8.0\NetworkDevice.Core.dll
  NetworkDevice.Protocols -> C:\SPARC\src\NetworkDevice.Protocols\bin\Release\net8.0\NetworkDevice.Protocols.dll
  NetworkDevice.Cisco -> C:\Sparc\src\NetworkDevice.Cisco\bin\Release\net8.0\NetworkDevice.Cisco.dll
C:\SPARC\src\NetworkDevice.UI\MainWindow.xaml.cs(441,19): warning CS0169: O campo "MainWindow._serialTestTask" nunca ├® usado [C:\SPARC\src\NetworkDevice.UI\NetworkDevice.UI.csproj]
C:\SPARC\src\NetworkDevice.UI\MainWindow.xaml.cs(440,38): warning CS0169: O campo "MainWindow._serialTestCts" nunca ├® usado [C:\SPARC\src\NetworkDevice.UI\NetworkDevice.UI.csproj]
  NetworkDevice.UI -> C:\SPARC\src\NetworkDevice.UI\bin\Release\net8.0-windows\NetworkDevice.UI.dll
  NetworkDevice.Cli -> C:\Sparc\src\NetworkDevice.Cli\bin\Release\net8.0\NetworkDevice.Cli.dll
  NetworkDevice.Tests -> C:\SPARC\tests\NetworkDevice.Tests\bin\Release\net8.0\NetworkDevice.Tests.dll

Compila├º├úo com ├¬xito.

C:\SPARC\src\NetworkDevice.UI\MainWindow.xaml.cs(441,19): warning CS0169: O campo "MainWindow._serialTestTask" nunca ├® usado [C:\SPARC\src\NetworkDevice.UI\NetworkDevice.UI.csproj]
C:\SPARC\src\NetworkDevice.UI\MainWindow.xaml.cs(440,38): warning CS0169: O campo "MainWindow._serialTestCts" nunca ├® usado [C:\SPARC\src\NetworkDevice.UI\NetworkDevice.UI.csproj]
    2 Aviso(s)
    0 Erro(s)

Tempo Decorrido 00:00:02.48

As atualiza├º├Áes de carga de trabalho est├úo dispon├¡veis. Execute `dotnet workload list` para obter mais informa├º├Áes.
2026-08-28 15:22:01 [OK] Build Release concluido com sucesso.
2026-08-28 15:22:01 [*] Iniciando C:\SPARC\src\NetworkDevice.UI\bin\Release\net8.0-windows\NetworkDevice.UI.exe
2026-08-28 15:22:32 [*] Modo local: Git nÃ£o sincronizado automaticamente (backup eventual apenas).
2026-08-28 15:22:32 [*] Codigo fonte mais recente que os binarios (MainWindow.g.cs 08/28/2026 15:22:00 > 08/28/2026 15:00:45). Recompilando...
2026-08-28 15:22:32 [*] Compilando Release (dotnet build -c Release)...
  Determinando os projetos a serem restaurados...
  C:\SPARC\src\NetworkDevice.Cli\NetworkDevice.Cli.csproj restaurado (em 309 ms).
  5 de 6 projetos est├úo atualizados para restaura├º├úo.
  NetworkDevice.Core -> C:\SPARC\src\NetworkDevice.Core\bin\Release\net8.0\NetworkDevice.Core.dll
  NetworkDevice.Protocols -> C:\SPARC\src\NetworkDevice.Protocols\bin\Release\net8.0\NetworkDevice.Protocols.dll
  NetworkDevice.Cisco -> C:\SPARC\src\NetworkDevice.Cisco\bin\Release\net8.0\NetworkDevice.Cisco.dll
  NetworkDevice.Tests -> C:\Sparc\tests\NetworkDevice.Tests\bin\Release\net8.0\NetworkDevice.Tests.dll
C:\SPARC\src\NetworkDevice.UI\MainWindow.xaml.cs(440,38): warning CS0169: O campo "MainWindow._serialTestCts" nunca ├® usado [C:\SPARC\src\NetworkDevice.UI\NetworkDevice.UI.csproj]
C:\SPARC\src\NetworkDevice.UI\MainWindow.xaml.cs(441,19): warning CS0169: O campo "MainWindow._serialTestTask" nunca ├® usado [C:\SPARC\src\NetworkDevice.UI\NetworkDevice.UI.csproj]
  NetworkDevice.UI -> C:\SPARC\src\NetworkDevice.UI\bin\Release\net8.0-windows\NetworkDevice.UI.dll
  NetworkDevice.Cli -> C:\SPARC\src\NetworkDevice.Cli\bin\Release\net8.0\NetworkDevice.Cli.dll

Compila├º├úo com ├¬xito.

C:\SPARC\src\NetworkDevice.UI\MainWindow.xaml.cs(440,38): warning CS0169: O campo "MainWindow._serialTestCts" nunca ├® usado [C:\SPARC\src\NetworkDevice.UI\NetworkDevice.UI.csproj]
C:\SPARC\src\NetworkDevice.UI\MainWindow.xaml.cs(441,19): warning CS0169: O campo "MainWindow._serialTestTask" nunca ├® usado [C:\SPARC\src\NetworkDevice.UI\NetworkDevice.UI.csproj]
    2 Aviso(s)
    0 Erro(s)

Tempo Decorrido 00:00:02.37

As atualiza├º├Áes de carga de trabalho est├úo dispon├¡veis. Execute `dotnet workload list` para obter mais informa├º├Áes.
2026-08-28 15:22:40 [OK] Build Release concluido com sucesso.
2026-08-28 15:22:40 [*] Iniciando C:\SPARC\src\NetworkDevice.UI\bin\Release\net8.0-windows\NetworkDevice.UI.exe
2026-08-28 15:40:05 [*] Modo local: Git nÃ£o sincronizado automaticamente (backup eventual apenas).
2026-08-28 15:40:05 [*] Codigo fonte mais recente que os binarios (MainWindow.g.cs 08/28/2026 15:22:39 > 08/28/2026 15:00:45). Recompilando...
2026-08-28 15:40:05 [*] Compilando Release (dotnet build -c Release)...
  Determinando os projetos a serem restaurados...
  C:\SPARC\src\NetworkDevice.Cisco\NetworkDevice.Cisco.csproj restaurado (em 1,19 seg).
  C:\SPARC\src\NetworkDevice.Cli\NetworkDevice.Cli.csproj restaurado (em 1,19 seg).
  C:\SPARC\src\NetworkDevice.UI\NetworkDevice.UI.csproj restaurado (em 1,13 seg).
  C:\SPARC\tests\NetworkDevice.Tests\NetworkDevice.Tests.csproj restaurado (em 1,22 seg).
  2 de 6 projetos est├úo atualizados para restaura├º├úo.
  NetworkDevice.Core -> C:\SPARC\src\NetworkDevice.Core\bin\Release\net8.0\NetworkDevice.Core.dll
  NetworkDevice.Protocols -> C:\SPARC\src\NetworkDevice.Protocols\bin\Release\net8.0\NetworkDevice.Protocols.dll
  NetworkDevice.Cisco -> C:\SPARC\src\NetworkDevice.Cisco\bin\Release\net8.0\NetworkDevice.Cisco.dll
  NetworkDevice.UI -> C:\SPARC\src\NetworkDevice.UI\bin\Release\net8.0-windows\NetworkDevice.UI.dll
  NetworkDevice.Cli -> C:\SPARC\src\NetworkDevice.Cli\bin\Release\net8.0\NetworkDevice.Cli.dll
  NetworkDevice.Tests -> C:\SPARC\tests\NetworkDevice.Tests\bin\Release\net8.0\NetworkDevice.Tests.dll

Compila├º├úo com ├¬xito.
    0 Aviso(s)
    0 Erro(s)

Tempo Decorrido 00:00:06.53

As atualiza├º├Áes de carga de trabalho est├úo dispon├¡veis. Execute `dotnet workload list` para obter mais informa├º├Áes.
2026-08-28 15:40:15 [OK] Build Release concluido com sucesso.
2026-08-28 15:40:15 [*] Iniciando C:\SPARC\src\NetworkDevice.UI\bin\Release\net8.0-windows\NetworkDevice.UI.exe
2026-08-28 15:43:04 [*] Modo local: Git nÃ£o sincronizado automaticamente (backup eventual apenas).
2026-08-28 15:43:04 [*] Codigo fonte mais recente que os binarios (MainWindow.xaml.cs 08/28/2026 15:42:40 > 08/28/2026 15:00:45). Recompilando...
2026-08-28 15:43:04 [*] Compilando Release (dotnet build -c Release)...
  Determinando os projetos a serem restaurados...
  Todos os projetos est├úo atualizados para restaura├º├úo.
  NetworkDevice.Core -> C:\SPARC\src\NetworkDevice.Core\bin\Release\net8.0\NetworkDevice.Core.dll
  NetworkDevice.Protocols -> C:\SPARC\src\NetworkDevice.Protocols\bin\Release\net8.0\NetworkDevice.Protocols.dll
  NetworkDevice.Cisco -> C:\SPARC\src\NetworkDevice.Cisco\bin\Release\net8.0\NetworkDevice.Cisco.dll
  NetworkDevice.Cli -> C:\SPARC\src\NetworkDevice.Cli\bin\Release\net8.0\NetworkDevice.Cli.dll
C:\SPARC\src\NetworkDevice.UI\MainWindow.xaml.cs(440,38): warning CS0169: O campo "MainWindow._serialTestCts" nunca ├® usado [C:\SPARC\src\NetworkDevice.UI\NetworkDevice.UI.csproj]
C:\SPARC\src\NetworkDevice.UI\MainWindow.xaml.cs(441,19): warning CS0169: O campo "MainWindow._serialTestTask" nunca ├® usado [C:\SPARC\src\NetworkDevice.UI\NetworkDevice.UI.csproj]
  NetworkDevice.UI -> C:\SPARC\src\NetworkDevice.UI\bin\Release\net8.0-windows\NetworkDevice.UI.dll
  NetworkDevice.Tests -> C:\SPARC\tests\NetworkDevice.Tests\bin\Release\net8.0\NetworkDevice.Tests.dll

Compila├º├úo com ├¬xito.

C:\SPARC\src\NetworkDevice.UI\MainWindow.xaml.cs(440,38): warning CS0169: O campo "MainWindow._serialTestCts" nunca ├® usado [C:\SPARC\src\NetworkDevice.UI\NetworkDevice.UI.csproj]
C:\SPARC\src\NetworkDevice.UI\MainWindow.xaml.cs(441,19): warning CS0169: O campo "MainWindow._serialTestTask" nunca ├® usado [C:\SPARC\src\NetworkDevice.UI\NetworkDevice.UI.csproj]
    2 Aviso(s)
    0 Erro(s)

Tempo Decorrido 00:00:03.37

As atualiza├º├Áes de carga de trabalho est├úo dispon├¡veis. Execute `dotnet workload list` para obter mais informa├º├Áes.
2026-08-28 15:43:13 [OK] Build Release concluido com sucesso.
2026-08-28 15:43:13 [*] Iniciando C:\SPARC\src\NetworkDevice.UI\bin\Release\net8.0-windows\NetworkDevice.UI.exe
2026-08-28 15:50:18 [*] Modo local: Git nÃ£o sincronizado automaticamente (backup eventual apenas).
2026-08-28 15:50:18 [*] Codigo fonte mais recente que os binarios (MainWindow.xaml.cs 08/28/2026 15:43:43 > 08/28/2026 15:00:45). Recompilando...
2026-08-28 15:50:18 [*] Compilando Release (dotnet build -c Release)...
  Determinando os projetos a serem restaurados...
  Todos os projetos est├úo atualizados para restaura├º├úo.
  NetworkDevice.Core -> C:\SPARC\src\NetworkDevice.Core\bin\Release\net8.0\NetworkDevice.Core.dll
  NetworkDevice.Protocols -> C:\SPARC\src\NetworkDevice.Protocols\bin\Release\net8.0\NetworkDevice.Protocols.dll
  NetworkDevice.Cisco -> C:\SPARC\src\NetworkDevice.Cisco\bin\Release\net8.0\NetworkDevice.Cisco.dll
  NetworkDevice.Tests -> C:\SPARC\tests\NetworkDevice.Tests\bin\Release\net8.0\NetworkDevice.Tests.dll
C:\SPARC\src\NetworkDevice.UI\MainWindow.xaml.cs(441,19): warning CS0169: O campo "MainWindow._serialTestTask" nunca ├® usado [C:\SPARC\src\NetworkDevice.UI\NetworkDevice.UI.csproj]
C:\SPARC\src\NetworkDevice.UI\MainWindow.xaml.cs(440,38): warning CS0169: O campo "MainWindow._serialTestCts" nunca ├® usado [C:\SPARC\src\NetworkDevice.UI\NetworkDevice.UI.csproj]
  NetworkDevice.UI -> C:\SPARC\src\NetworkDevice.UI\bin\Release\net8.0-windows\NetworkDevice.UI.dll
  NetworkDevice.Cli -> C:\SPARC\src\NetworkDevice.Cli\bin\Release\net8.0\NetworkDevice.Cli.dll

Compila├º├úo com ├¬xito.

C:\SPARC\src\NetworkDevice.UI\MainWindow.xaml.cs(441,19): warning CS0169: O campo "MainWindow._serialTestTask" nunca ├® usado [C:\SPARC\src\NetworkDevice.UI\NetworkDevice.UI.csproj]
C:\SPARC\src\NetworkDevice.UI\MainWindow.xaml.cs(440,38): warning CS0169: O campo "MainWindow._serialTestCts" nunca ├® usado [C:\SPARC\src\NetworkDevice.UI\NetworkDevice.UI.csproj]
    2 Aviso(s)
    0 Erro(s)

Tempo Decorrido 00:00:02.73

As atualiza├º├Áes de carga de trabalho est├úo dispon├¡veis. Execute `dotnet workload list` para obter mais informa├º├Áes.
2026-08-28 15:50:26 [OK] Build Release concluido com sucesso.
2026-08-28 15:50:26 [*] Iniciando C:\SPARC\src\NetworkDevice.UI\bin\Release\net8.0-windows\NetworkDevice.UI.exe
2026-08-28 15:52:16 [*] Modo local: Git nÃ£o sincronizado automaticamente (backup eventual apenas).
2026-08-28 15:52:16 [*] Codigo fonte mais recente que os binarios (MainWindow.xaml.cs 08/28/2026 15:51:09 > 08/28/2026 15:00:45). Recompilando...
2026-08-28 15:52:16 [*] Compilando Release (dotnet build -c Release)...
  Determinando os projetos a serem restaurados...
  Todos os projetos est├úo atualizados para restaura├º├úo.
  NetworkDevice.Core -> C:\SPARC\src\NetworkDevice.Core\bin\Release\net8.0\NetworkDevice.Core.dll
  NetworkDevice.Protocols -> C:\SPARC\src\NetworkDevice.Protocols\bin\Release\net8.0\NetworkDevice.Protocols.dll
  NetworkDevice.Cisco -> C:\SPARC\src\NetworkDevice.Cisco\bin\Release\net8.0\NetworkDevice.Cisco.dll
C:\SPARC\src\NetworkDevice.UI\MainWindow.xaml.cs(440,38): warning CS0169: O campo "MainWindow._serialTestCts" nunca ├® usado [C:\SPARC\src\NetworkDevice.UI\NetworkDevice.UI.csproj]
C:\SPARC\src\NetworkDevice.UI\MainWindow.xaml.cs(441,19): warning CS0169: O campo "MainWindow._serialTestTask" nunca ├® usado [C:\SPARC\src\NetworkDevice.UI\NetworkDevice.UI.csproj]
  NetworkDevice.UI -> C:\SPARC\src\NetworkDevice.UI\bin\Release\net8.0-windows\NetworkDevice.UI.dll
  NetworkDevice.Cli -> C:\SPARC\src\NetworkDevice.Cli\bin\Release\net8.0\NetworkDevice.Cli.dll
  NetworkDevice.Tests -> C:\SPARC\tests\NetworkDevice.Tests\bin\Release\net8.0\NetworkDevice.Tests.dll

Compila├º├úo com ├¬xito.

C:\SPARC\src\NetworkDevice.UI\MainWindow.xaml.cs(440,38): warning CS0169: O campo "MainWindow._serialTestCts" nunca ├® usado [C:\SPARC\src\NetworkDevice.UI\NetworkDevice.UI.csproj]
C:\SPARC\src\NetworkDevice.UI\MainWindow.xaml.cs(441,19): warning CS0169: O campo "MainWindow._serialTestTask" nunca ├® usado [C:\SPARC\src\NetworkDevice.UI\NetworkDevice.UI.csproj]
    2 Aviso(s)
    0 Erro(s)

Tempo Decorrido 00:00:01.79

As atualiza├º├Áes de carga de trabalho est├úo dispon├¡veis. Execute `dotnet workload list` para obter mais informa├º├Áes.
2026-08-28 15:52:23 [OK] Build Release concluido com sucesso.
2026-08-28 15:52:23 [*] Iniciando C:\SPARC\src\NetworkDevice.UI\bin\Release\net8.0-windows\NetworkDevice.UI.exe
2026-08-28 16:03:01 [*] Modo local: Git nÃ£o sincronizado automaticamente (backup eventual apenas).
2026-08-28 16:03:01 [*] Codigo fonte mais recente que os binarios (MainWindow.xaml.cs 08/28/2026 15:51:09 > 08/28/2026 15:00:45). Recompilando...
2026-08-28 16:03:01 [*] Compilando Release (dotnet build -c Release)...
  Determinando os projetos a serem restaurados...
  Todos os projetos est├úo atualizados para restaura├º├úo.
  NetworkDevice.Core -> C:\SPARC\src\NetworkDevice.Core\bin\Release\net8.0\NetworkDevice.Core.dll
  NetworkDevice.Protocols -> C:\SPARC\src\NetworkDevice.Protocols\bin\Release\net8.0\NetworkDevice.Protocols.dll
  NetworkDevice.Cisco -> C:\SPARC\src\NetworkDevice.Cisco\bin\Release\net8.0\NetworkDevice.Cisco.dll
  NetworkDevice.Tests -> C:\SPARC\tests\NetworkDevice.Tests\bin\Release\net8.0\NetworkDevice.Tests.dll
  NetworkDevice.UI -> C:\SPARC\src\NetworkDevice.UI\bin\Release\net8.0-windows\NetworkDevice.UI.dll
  NetworkDevice.Cli -> C:\SPARC\src\NetworkDevice.Cli\bin\Release\net8.0\NetworkDevice.Cli.dll

Compila├º├úo com ├¬xito.
    0 Aviso(s)
    0 Erro(s)

Tempo Decorrido 00:00:01.35

As atualiza├º├Áes de carga de trabalho est├úo dispon├¡veis. Execute `dotnet workload list` para obter mais informa├º├Áes.
2026-08-28 16:03:08 [OK] Build Release concluido com sucesso.
2026-08-28 16:03:08 [*] Iniciando C:\SPARC\src\NetworkDevice.UI\bin\Release\net8.0-windows\NetworkDevice.UI.exe
2026-08-28 16:20:46 [*] Modo local: Git nÃ£o sincronizado automaticamente (backup eventual apenas).
2026-08-28 16:20:46 [*] Codigo fonte mais recente que os binarios (HpeSaipConfigurator.cs 08/28/2026 16:16:10 > 08/28/2026 15:00:45). Recompilando...
2026-08-28 16:20:46 [*] Compilando Release (dotnet build -c Release)...
  Determinando os projetos a serem restaurados...
  Todos os projetos est├úo atualizados para restaura├º├úo.
C:\SPARC\src\NetworkDevice.Core\Provisioning\HostNetworkManager.cs(166,39): warning CA1416: Este site de chamada pode ser acessado em todas as plataformas. S├│ h├í suporte para 'WindowsBuiltInRole.Administrator' em: 'windows'. (https://learn.microsoft.com/dotnet/fundamentals/code-analysis/quality-rules/ca1416) [C:\SPARC\src\NetworkDevice.Core\NetworkDevice.Core.csproj]
C:\SPARC\src\NetworkDevice.Core\Provisioning\HostNetworkManager.cs(164,28): warning CA1416: Este site de chamada pode ser acessado em todas as plataformas. S├│ h├í suporte para 'WindowsIdentity.GetCurrent()' em: 'windows'. (https://learn.microsoft.com/dotnet/fundamentals/code-analysis/quality-rules/ca1416) [C:\SPARC\src\NetworkDevice.Core\NetworkDevice.Core.csproj]
C:\SPARC\src\NetworkDevice.Core\Provisioning\HostNetworkManager.cs(166,20): warning CA1416: Este site de chamada pode ser acessado em todas as plataformas. S├│ h├í suporte para 'WindowsPrincipal.IsInRole(WindowsBuiltInRole)' em: 'windows'. (https://learn.microsoft.com/dotnet/fundamentals/code-analysis/quality-rules/ca1416) [C:\SPARC\src\NetworkDevice.Core\NetworkDevice.Core.csproj]
C:\SPARC\src\NetworkDevice.Core\Provisioning\HostNetworkManager.cs(165,29): warning CA1416: Este site de chamada pode ser acessado em todas as plataformas. S├│ h├í suporte para 'WindowsPrincipal' em: 'windows'. (https://learn.microsoft.com/dotnet/fundamentals/code-analysis/quality-rules/ca1416) [C:\SPARC\src\NetworkDevice.Core\NetworkDevice.Core.csproj]
  NetworkDevice.Core -> C:\SPARC\src\NetworkDevice.Core\bin\Release\net8.0\NetworkDevice.Core.dll
  NetworkDevice.Protocols -> C:\SPARC\src\NetworkDevice.Protocols\bin\Release\net8.0\NetworkDevice.Protocols.dll
  NetworkDevice.Cisco -> C:\SPARC\src\NetworkDevice.Cisco\bin\Release\net8.0\NetworkDevice.Cisco.dll
C:\SPARC\src\NetworkDevice.UI\MainWindow.xaml.cs(441,19): warning CS0169: O campo "MainWindow._serialTestTask" nunca ├® usado [C:\SPARC\src\NetworkDevice.UI\NetworkDevice.UI.csproj]
C:\SPARC\src\NetworkDevice.UI\MainWindow.xaml.cs(440,38): warning CS0169: O campo "MainWindow._serialTestCts" nunca ├® usado [C:\SPARC\src\NetworkDevice.UI\NetworkDevice.UI.csproj]
  NetworkDevice.Cli -> C:\SPARC\src\NetworkDevice.Cli\bin\Release\net8.0\NetworkDevice.Cli.dll
  NetworkDevice.UI -> C:\SPARC\src\NetworkDevice.UI\bin\Release\net8.0-windows\NetworkDevice.UI.dll
  NetworkDevice.Tests -> C:\SPARC\tests\NetworkDevice.Tests\bin\Release\net8.0\NetworkDevice.Tests.dll

Compila├º├úo com ├¬xito.

C:\SPARC\src\NetworkDevice.Core\Provisioning\HostNetworkManager.cs(166,39): warning CA1416: Este site de chamada pode ser acessado em todas as plataformas. S├│ h├í suporte para 'WindowsBuiltInRole.Administrator' em: 'windows'. (https://learn.microsoft.com/dotnet/fundamentals/code-analysis/quality-rules/ca1416) [C:\SPARC\src\NetworkDevice.Core\NetworkDevice.Core.csproj]
C:\SPARC\src\NetworkDevice.Core\Provisioning\HostNetworkManager.cs(164,28): warning CA1416: Este site de chamada pode ser acessado em todas as plataformas. S├│ h├í suporte para 'WindowsIdentity.GetCurrent()' em: 'windows'. (https://learn.microsoft.com/dotnet/fundamentals/code-analysis/quality-rules/ca1416) [C:\SPARC\src\NetworkDevice.Core\NetworkDevice.Core.csproj]
C:\SPARC\src\NetworkDevice.Core\Provisioning\HostNetworkManager.cs(166,20): warning CA1416: Este site de chamada pode ser acessado em todas as plataformas. S├│ h├í suporte para 'WindowsPrincipal.IsInRole(WindowsBuiltInRole)' em: 'windows'. (https://learn.microsoft.com/dotnet/fundamentals/code-analysis/quality-rules/ca1416) [C:\SPARC\src\NetworkDevice.Core\NetworkDevice.Core.csproj]
C:\SPARC\src\NetworkDevice.Core\Provisioning\HostNetworkManager.cs(165,29): warning CA1416: Este site de chamada pode ser acessado em todas as plataformas. S├│ h├í suporte para 'WindowsPrincipal' em: 'windows'. (https://learn.microsoft.com/dotnet/fundamentals/code-analysis/quality-rules/ca1416) [C:\SPARC\src\NetworkDevice.Core\NetworkDevice.Core.csproj]
C:\SPARC\src\NetworkDevice.UI\MainWindow.xaml.cs(441,19): warning CS0169: O campo "MainWindow._serialTestTask" nunca ├® usado [C:\SPARC\src\NetworkDevice.UI\NetworkDevice.UI.csproj]
C:\SPARC\src\NetworkDevice.UI\MainWindow.xaml.cs(440,38): warning CS0169: O campo "MainWindow._serialTestCts" nunca ├® usado [C:\SPARC\src\NetworkDevice.UI\NetworkDevice.UI.csproj]
    6 Aviso(s)
    0 Erro(s)

Tempo Decorrido 00:00:07.74

As atualiza├º├Áes de carga de trabalho est├úo dispon├¡veis. Execute `dotnet workload list` para obter mais informa├º├Áes.
2026-08-28 16:20:59 [OK] Build Release concluido com sucesso.
2026-08-28 16:20:59 [*] Iniciando C:\SPARC\src\NetworkDevice.UI\bin\Release\net8.0-windows\NetworkDevice.UI.exe
2026-08-28 16:43:13 [*] Modo local: Git nÃ£o sincronizado automaticamente (backup eventual apenas).
2026-08-28 16:43:13 [*] Codigo fonte mais recente que os binarios (BandwidthTestService.cs 08/28/2026 16:25:23 > 08/28/2026 16:20:56). Recompilando...
2026-08-28 16:43:13 [*] Compilando Release (dotnet build -c Release)...
  Determinando os projetos a serem restaurados...
  Todos os projetos est├úo atualizados para restaura├º├úo.
C:\SPARC\src\NetworkDevice.Core\Provisioning\HostNetworkManager.cs(165,29): warning CA1416: Este site de chamada pode ser acessado em todas as plataformas. S├│ h├í suporte para 'WindowsPrincipal' em: 'windows'. (https://learn.microsoft.com/dotnet/fundamentals/code-analysis/quality-rules/ca1416) [C:\SPARC\src\NetworkDevice.Core\NetworkDevice.Core.csproj]
C:\SPARC\src\NetworkDevice.Core\Provisioning\HostNetworkManager.cs(166,20): warning CA1416: Este site de chamada pode ser acessado em todas as plataformas. S├│ h├í suporte para 'WindowsPrincipal.IsInRole(WindowsBuiltInRole)' em: 'windows'. (https://learn.microsoft.com/dotnet/fundamentals/code-analysis/quality-rules/ca1416) [C:\SPARC\src\NetworkDevice.Core\NetworkDevice.Core.csproj]
C:\SPARC\src\NetworkDevice.Core\Provisioning\HostNetworkManager.cs(164,28): warning CA1416: Este site de chamada pode ser acessado em todas as plataformas. S├│ h├í suporte para 'WindowsIdentity.GetCurrent()' em: 'windows'. (https://learn.microsoft.com/dotnet/fundamentals/code-analysis/quality-rules/ca1416) [C:\SPARC\src\NetworkDevice.Core\NetworkDevice.Core.csproj]
C:\SPARC\src\NetworkDevice.Core\Provisioning\HostNetworkManager.cs(166,39): warning CA1416: Este site de chamada pode ser acessado em todas as plataformas. S├│ h├í suporte para 'WindowsBuiltInRole.Administrator' em: 'windows'. (https://learn.microsoft.com/dotnet/fundamentals/code-analysis/quality-rules/ca1416) [C:\SPARC\src\NetworkDevice.Core\NetworkDevice.Core.csproj]
  NetworkDevice.Core -> C:\SPARC\src\NetworkDevice.Core\bin\Release\net8.0\NetworkDevice.Core.dll
  NetworkDevice.Protocols -> C:\SPARC\src\NetworkDevice.Protocols\bin\Release\net8.0\NetworkDevice.Protocols.dll
  NetworkDevice.Cisco -> C:\SPARC\src\NetworkDevice.Cisco\bin\Release\net8.0\NetworkDevice.Cisco.dll
  NetworkDevice.Cli -> C:\SPARC\src\NetworkDevice.Cli\bin\Release\net8.0\NetworkDevice.Cli.dll
C:\SPARC\src\NetworkDevice.UI\MainWindow.xaml.cs(440,38): warning CS0169: O campo "MainWindow._serialTestCts" nunca ├® usado [C:\SPARC\src\NetworkDevice.UI\NetworkDevice.UI.csproj]
C:\SPARC\src\NetworkDevice.UI\MainWindow.xaml.cs(441,19): warning CS0169: O campo "MainWindow._serialTestTask" nunca ├® usado [C:\SPARC\src\NetworkDevice.UI\NetworkDevice.UI.csproj]
  NetworkDevice.UI -> C:\SPARC\src\NetworkDevice.UI\bin\Release\net8.0-windows\NetworkDevice.UI.dll
  NetworkDevice.Tests -> C:\SPARC\tests\NetworkDevice.Tests\bin\Release\net8.0\NetworkDevice.Tests.dll

Compila├º├úo com ├¬xito.

C:\SPARC\src\NetworkDevice.Core\Provisioning\HostNetworkManager.cs(165,29): warning CA1416: Este site de chamada pode ser acessado em todas as plataformas. S├│ h├í suporte para 'WindowsPrincipal' em: 'windows'. (https://learn.microsoft.com/dotnet/fundamentals/code-analysis/quality-rules/ca1416) [C:\SPARC\src\NetworkDevice.Core\NetworkDevice.Core.csproj]
C:\SPARC\src\NetworkDevice.Core\Provisioning\HostNetworkManager.cs(166,20): warning CA1416: Este site de chamada pode ser acessado em todas as plataformas. S├│ h├í suporte para 'WindowsPrincipal.IsInRole(WindowsBuiltInRole)' em: 'windows'. (https://learn.microsoft.com/dotnet/fundamentals/code-analysis/quality-rules/ca1416) [C:\SPARC\src\NetworkDevice.Core\NetworkDevice.Core.csproj]
C:\SPARC\src\NetworkDevice.Core\Provisioning\HostNetworkManager.cs(164,28): warning CA1416: Este site de chamada pode ser acessado em todas as plataformas. S├│ h├í suporte para 'WindowsIdentity.GetCurrent()' em: 'windows'. (https://learn.microsoft.com/dotnet/fundamentals/code-analysis/quality-rules/ca1416) [C:\SPARC\src\NetworkDevice.Core\NetworkDevice.Core.csproj]
C:\SPARC\src\NetworkDevice.Core\Provisioning\HostNetworkManager.cs(166,39): warning CA1416: Este site de chamada pode ser acessado em todas as plataformas. S├│ h├í suporte para 'WindowsBuiltInRole.Administrator' em: 'windows'. (https://learn.microsoft.com/dotnet/fundamentals/code-analysis/quality-rules/ca1416) [C:\SPARC\src\NetworkDevice.Core\NetworkDevice.Core.csproj]
C:\SPARC\src\NetworkDevice.UI\MainWindow.xaml.cs(440,38): warning CS0169: O campo "MainWindow._serialTestCts" nunca ├® usado [C:\SPARC\src\NetworkDevice.UI\NetworkDevice.UI.csproj]
C:\SPARC\src\NetworkDevice.UI\MainWindow.xaml.cs(441,19): warning CS0169: O campo "MainWindow._serialTestTask" nunca ├® usado [C:\SPARC\src\NetworkDevice.UI\NetworkDevice.UI.csproj]
    6 Aviso(s)
    0 Erro(s)

Tempo Decorrido 00:00:07.89

As atualiza├º├Áes de carga de trabalho est├úo dispon├¡veis. Execute `dotnet workload list` para obter mais informa├º├Áes.
2026-08-28 16:43:26 [OK] Build Release concluido com sucesso.
2026-08-28 16:43:26 [*] Iniciando C:\SPARC\src\NetworkDevice.UI\bin\Release\net8.0-windows\NetworkDevice.UI.exe
2026-08-28 17:00:27 [*] Modo local: Git nÃ£o sincronizado automaticamente (backup eventual apenas).
2026-08-28 17:00:27 [*] Codigo fonte mais recente que os binarios (MainWindow.g.cs 08/28/2026 16:55:08 > 08/28/2026 16:43:23). Recompilando...
2026-08-28 17:00:27 [*] Compilando Release (dotnet build -c Release)...
  Determinando os projetos a serem restaurados...
  Todos os projetos est├úo atualizados para restaura├º├úo.
C:\SPARC\src\NetworkDevice.Core\Provisioning\HostNetworkManager.cs(180,29): warning CA1416: Este site de chamada pode ser acessado em todas as plataformas. S├│ h├í suporte para 'WindowsPrincipal' em: 'windows'. (https://learn.microsoft.com/dotnet/fundamentals/code-analysis/quality-rules/ca1416) [C:\SPARC\src\NetworkDevice.Core\NetworkDevice.Core.csproj]
C:\SPARC\src\NetworkDevice.Core\Provisioning\HostNetworkManager.cs(181,20): warning CA1416: Este site de chamada pode ser acessado em todas as plataformas. S├│ h├í suporte para 'WindowsPrincipal.IsInRole(WindowsBuiltInRole)' em: 'windows'. (https://learn.microsoft.com/dotnet/fundamentals/code-analysis/quality-rules/ca1416) [C:\SPARC\src\NetworkDevice.Core\NetworkDevice.Core.csproj]
C:\SPARC\src\NetworkDevice.Core\Provisioning\HostNetworkManager.cs(181,39): warning CA1416: Este site de chamada pode ser acessado em todas as plataformas. S├│ h├í suporte para 'WindowsBuiltInRole.Administrator' em: 'windows'. (https://learn.microsoft.com/dotnet/fundamentals/code-analysis/quality-rules/ca1416) [C:\SPARC\src\NetworkDevice.Core\NetworkDevice.Core.csproj]
C:\SPARC\src\NetworkDevice.Core\Provisioning\HostNetworkManager.cs(179,28): warning CA1416: Este site de chamada pode ser acessado em todas as plataformas. S├│ h├í suporte para 'WindowsIdentity.GetCurrent()' em: 'windows'. (https://learn.microsoft.com/dotnet/fundamentals/code-analysis/quality-rules/ca1416) [C:\SPARC\src\NetworkDevice.Core\NetworkDevice.Core.csproj]
  NetworkDevice.Core -> C:\SPARC\src\NetworkDevice.Core\bin\Release\net8.0\NetworkDevice.Core.dll
  NetworkDevice.Protocols -> C:\SPARC\src\NetworkDevice.Protocols\bin\Release\net8.0\NetworkDevice.Protocols.dll
  NetworkDevice.Cisco -> C:\SPARC\src\NetworkDevice.Cisco\bin\Release\net8.0\NetworkDevice.Cisco.dll
C:\SPARC\src\NetworkDevice.UI\MainWindow.xaml.cs(441,19): warning CS0169: O campo "MainWindow._serialTestTask" nunca ├® usado [C:\SPARC\src\NetworkDevice.UI\NetworkDevice.UI.csproj]
C:\SPARC\src\NetworkDevice.UI\MainWindow.xaml.cs(440,38): warning CS0169: O campo "MainWindow._serialTestCts" nunca ├® usado [C:\SPARC\src\NetworkDevice.UI\NetworkDevice.UI.csproj]
  NetworkDevice.UI -> C:\SPARC\src\NetworkDevice.UI\bin\Release\net8.0-windows\NetworkDevice.UI.dll
  NetworkDevice.Cli -> C:\SPARC\src\NetworkDevice.Cli\bin\Release\net8.0\NetworkDevice.Cli.dll
  NetworkDevice.Tests -> C:\SPARC\tests\NetworkDevice.Tests\bin\Release\net8.0\NetworkDevice.Tests.dll

Compila├º├úo com ├¬xito.

C:\SPARC\src\NetworkDevice.Core\Provisioning\HostNetworkManager.cs(180,29): warning CA1416: Este site de chamada pode ser acessado em todas as plataformas. S├│ h├í suporte para 'WindowsPrincipal' em: 'windows'. (https://learn.microsoft.com/dotnet/fundamentals/code-analysis/quality-rules/ca1416) [C:\SPARC\src\NetworkDevice.Core\NetworkDevice.Core.csproj]
C:\SPARC\src\NetworkDevice.Core\Provisioning\HostNetworkManager.cs(181,20): warning CA1416: Este site de chamada pode ser acessado em todas as plataformas. S├│ h├í suporte para 'WindowsPrincipal.IsInRole(WindowsBuiltInRole)' em: 'windows'. (https://learn.microsoft.com/dotnet/fundamentals/code-analysis/quality-rules/ca1416) [C:\SPARC\src\NetworkDevice.Core\NetworkDevice.Core.csproj]
C:\SPARC\src\NetworkDevice.Core\Provisioning\HostNetworkManager.cs(181,39): warning CA1416: Este site de chamada pode ser acessado em todas as plataformas. S├│ h├í suporte para 'WindowsBuiltInRole.Administrator' em: 'windows'. (https://learn.microsoft.com/dotnet/fundamentals/code-analysis/quality-rules/ca1416) [C:\SPARC\src\NetworkDevice.Core\NetworkDevice.Core.csproj]
C:\SPARC\src\NetworkDevice.Core\Provisioning\HostNetworkManager.cs(179,28): warning CA1416: Este site de chamada pode ser acessado em todas as plataformas. S├│ h├í suporte para 'WindowsIdentity.GetCurrent()' em: 'windows'. (https://learn.microsoft.com/dotnet/fundamentals/code-analysis/quality-rules/ca1416) [C:\SPARC\src\NetworkDevice.Core\NetworkDevice.Core.csproj]
C:\SPARC\src\NetworkDevice.UI\MainWindow.xaml.cs(441,19): warning CS0169: O campo "MainWindow._serialTestTask" nunca ├® usado [C:\SPARC\src\NetworkDevice.UI\NetworkDevice.UI.csproj]
C:\SPARC\src\NetworkDevice.UI\MainWindow.xaml.cs(440,38): warning CS0169: O campo "MainWindow._serialTestCts" nunca ├® usado [C:\SPARC\src\NetworkDevice.UI\NetworkDevice.UI.csproj]
    6 Aviso(s)
    0 Erro(s)

Tempo Decorrido 00:00:02.92

As atualiza├º├Áes de carga de trabalho est├úo dispon├¡veis. Execute `dotnet workload list` para obter mais informa├º├Áes.
2026-08-28 17:00:34 [OK] Build Release concluido com sucesso.
2026-08-28 17:00:34 [*] Iniciando C:\SPARC\src\NetworkDevice.UI\bin\Release\net8.0-windows\NetworkDevice.UI.exe
2026-08-28 17:02:06 [*] Modo local: Git nÃ£o sincronizado automaticamente (backup eventual apenas).
2026-08-28 17:02:06 [*] Codigo fonte mais recente que os binarios (MainWindow.xaml.cs 08/28/2026 17:01:43 > 08/28/2026 17:00:32). Recompilando...
2026-08-28 17:02:06 [*] Compilando Release (dotnet build -c Release)...
  Determinando os projetos a serem restaurados...
  Todos os projetos est├úo atualizados para restaura├º├úo.
  NetworkDevice.Core -> C:\SPARC\src\NetworkDevice.Core\bin\Release\net8.0\NetworkDevice.Core.dll
  NetworkDevice.Protocols -> C:\SPARC\src\NetworkDevice.Protocols\bin\Release\net8.0\NetworkDevice.Protocols.dll
  NetworkDevice.Cisco -> C:\SPARC\src\NetworkDevice.Cisco\bin\Release\net8.0\NetworkDevice.Cisco.dll
  NetworkDevice.Tests -> C:\SPARC\tests\NetworkDevice.Tests\bin\Release\net8.0\NetworkDevice.Tests.dll
C:\SPARC\src\NetworkDevice.UI\MainWindow.xaml.cs(441,19): warning CS0169: O campo "MainWindow._serialTestTask" nunca ├® usado [C:\SPARC\src\NetworkDevice.UI\NetworkDevice.UI.csproj]
C:\SPARC\src\NetworkDevice.UI\MainWindow.xaml.cs(440,38): warning CS0169: O campo "MainWindow._serialTestCts" nunca ├® usado [C:\SPARC\src\NetworkDevice.UI\NetworkDevice.UI.csproj]
  NetworkDevice.UI -> C:\SPARC\src\NetworkDevice.UI\bin\Release\net8.0-windows\NetworkDevice.UI.dll
  NetworkDevice.Cli -> C:\SPARC\src\NetworkDevice.Cli\bin\Release\net8.0\NetworkDevice.Cli.dll

Compila├º├úo com ├¬xito.

C:\SPARC\src\NetworkDevice.UI\MainWindow.xaml.cs(441,19): warning CS0169: O campo "MainWindow._serialTestTask" nunca ├® usado [C:\SPARC\src\NetworkDevice.UI\NetworkDevice.UI.csproj]
C:\SPARC\src\NetworkDevice.UI\MainWindow.xaml.cs(440,38): warning CS0169: O campo "MainWindow._serialTestCts" nunca ├® usado [C:\SPARC\src\NetworkDevice.UI\NetworkDevice.UI.csproj]
    2 Aviso(s)
    0 Erro(s)

Tempo Decorrido 00:00:01.77

As atualiza├º├Áes de carga de trabalho est├úo dispon├¡veis. Execute `dotnet workload list` para obter mais informa├º├Áes.
2026-08-28 17:02:11 [OK] Build Release concluido com sucesso.
2026-08-28 17:02:11 [*] Iniciando C:\SPARC\src\NetworkDevice.UI\bin\Release\net8.0-windows\NetworkDevice.UI.exe
2026-08-28 17:02:24 [*] Modo local: Git nÃ£o sincronizado automaticamente (backup eventual apenas).
2026-08-28 17:02:24 [*] Codigo fonte mais recente que os binarios (MainWindow.xaml.cs 08/28/2026 17:01:43 > 08/28/2026 17:00:32). Recompilando...
2026-08-28 17:02:24 [*] Compilando Release (dotnet build -c Release)...
  Determinando os projetos a serem restaurados...
  Todos os projetos est├úo atualizados para restaura├º├úo.
  NetworkDevice.Core -> C:\SPARC\src\NetworkDevice.Core\bin\Release\net8.0\NetworkDevice.Core.dll
  NetworkDevice.Protocols -> C:\SPARC\src\NetworkDevice.Protocols\bin\Release\net8.0\NetworkDevice.Protocols.dll
  NetworkDevice.Cisco -> C:\SPARC\src\NetworkDevice.Cisco\bin\Release\net8.0\NetworkDevice.Cisco.dll
  NetworkDevice.Tests -> C:\SPARC\tests\NetworkDevice.Tests\bin\Release\net8.0\NetworkDevice.Tests.dll
  NetworkDevice.UI -> C:\SPARC\src\NetworkDevice.UI\bin\Release\net8.0-windows\NetworkDevice.UI.dll
  NetworkDevice.Cli -> C:\SPARC\src\NetworkDevice.Cli\bin\Release\net8.0\NetworkDevice.Cli.dll

Compila├º├úo com ├¬xito.
    0 Aviso(s)
    0 Erro(s)

Tempo Decorrido 00:00:01.35

As atualiza├º├Áes de carga de trabalho est├úo dispon├¡veis. Execute `dotnet workload list` para obter mais informa├º├Áes.
2026-08-28 17:02:29 [OK] Build Release concluido com sucesso.
2026-08-28 17:02:29 [*] Iniciando C:\SPARC\src\NetworkDevice.UI\bin\Release\net8.0-windows\NetworkDevice.UI.exe
2026-08-28 17:07:20 [*] Modo local: Git nÃ£o sincronizado automaticamente (backup eventual apenas).
2026-08-28 17:07:20 [*] Codigo fonte mais recente que os binarios (MainWindow.g.cs 08/28/2026 17:04:20 > 08/28/2026 17:00:32). Recompilando...
2026-08-28 17:07:20 [*] Compilando Release (dotnet build -c Release)...
  Determinando os projetos a serem restaurados...
  Todos os projetos est├úo atualizados para restaura├º├úo.
C:\SPARC\src\NetworkDevice.Core\Provisioning\HostNetworkManager.cs(180,29): warning CA1416: Este site de chamada pode ser acessado em todas as plataformas. S├│ h├í suporte para 'WindowsPrincipal' em: 'windows'. (https://learn.microsoft.com/dotnet/fundamentals/code-analysis/quality-rules/ca1416) [C:\SPARC\src\NetworkDevice.Core\NetworkDevice.Core.csproj]
C:\SPARC\src\NetworkDevice.Core\Provisioning\HostNetworkManager.cs(179,28): warning CA1416: Este site de chamada pode ser acessado em todas as plataformas. S├│ h├í suporte para 'WindowsIdentity.GetCurrent()' em: 'windows'. (https://learn.microsoft.com/dotnet/fundamentals/code-analysis/quality-rules/ca1416) [C:\SPARC\src\NetworkDevice.Core\NetworkDevice.Core.csproj]
C:\SPARC\src\NetworkDevice.Core\Provisioning\HostNetworkManager.cs(181,39): warning CA1416: Este site de chamada pode ser acessado em todas as plataformas. S├│ h├í suporte para 'WindowsBuiltInRole.Administrator' em: 'windows'. (https://learn.microsoft.com/dotnet/fundamentals/code-analysis/quality-rules/ca1416) [C:\SPARC\src\NetworkDevice.Core\NetworkDevice.Core.csproj]
C:\SPARC\src\NetworkDevice.Core\Provisioning\HostNetworkManager.cs(181,20): warning CA1416: Este site de chamada pode ser acessado em todas as plataformas. S├│ h├í suporte para 'WindowsPrincipal.IsInRole(WindowsBuiltInRole)' em: 'windows'. (https://learn.microsoft.com/dotnet/fundamentals/code-analysis/quality-rules/ca1416) [C:\SPARC\src\NetworkDevice.Core\NetworkDevice.Core.csproj]
  NetworkDevice.Core -> C:\SPARC\src\NetworkDevice.Core\bin\Release\net8.0\NetworkDevice.Core.dll
  NetworkDevice.Protocols -> C:\SPARC\src\NetworkDevice.Protocols\bin\Release\net8.0\NetworkDevice.Protocols.dll
  NetworkDevice.Cisco -> C:\SPARC\src\NetworkDevice.Cisco\bin\Release\net8.0\NetworkDevice.Cisco.dll
  NetworkDevice.Tests -> C:\SPARC\tests\NetworkDevice.Tests\bin\Release\net8.0\NetworkDevice.Tests.dll
C:\SPARC\src\NetworkDevice.UI\MainWindow.xaml.cs(441,19): warning CS0169: O campo "MainWindow._serialTestTask" nunca ├® usado [C:\SPARC\src\NetworkDevice.UI\NetworkDevice.UI.csproj]
C:\SPARC\src\NetworkDevice.UI\MainWindow.xaml.cs(440,38): warning CS0169: O campo "MainWindow._serialTestCts" nunca ├® usado [C:\SPARC\src\NetworkDevice.UI\NetworkDevice.UI.csproj]
  NetworkDevice.UI -> C:\SPARC\src\NetworkDevice.UI\bin\Release\net8.0-windows\NetworkDevice.UI.dll
  NetworkDevice.Cli -> C:\SPARC\src\NetworkDevice.Cli\bin\Release\net8.0\NetworkDevice.Cli.dll

Compila├º├úo com ├¬xito.

C:\SPARC\src\NetworkDevice.Core\Provisioning\HostNetworkManager.cs(180,29): warning CA1416: Este site de chamada pode ser acessado em todas as plataformas. S├│ h├í suporte para 'WindowsPrincipal' em: 'windows'. (https://learn.microsoft.com/dotnet/fundamentals/code-analysis/quality-rules/ca1416) [C:\SPARC\src\NetworkDevice.Core\NetworkDevice.Core.csproj]
C:\SPARC\src\NetworkDevice.Core\Provisioning\HostNetworkManager.cs(179,28): warning CA1416: Este site de chamada pode ser acessado em todas as plataformas. S├│ h├í suporte para 'WindowsIdentity.GetCurrent()' em: 'windows'. (https://learn.microsoft.com/dotnet/fundamentals/code-analysis/quality-rules/ca1416) [C:\SPARC\src\NetworkDevice.Core\NetworkDevice.Core.csproj]
C:\SPARC\src\NetworkDevice.Core\Provisioning\HostNetworkManager.cs(181,39): warning CA1416: Este site de chamada pode ser acessado em todas as plataformas. S├│ h├í suporte para 'WindowsBuiltInRole.Administrator' em: 'windows'. (https://learn.microsoft.com/dotnet/fundamentals/code-analysis/quality-rules/ca1416) [C:\SPARC\src\NetworkDevice.Core\NetworkDevice.Core.csproj]
C:\SPARC\src\NetworkDevice.Core\Provisioning\HostNetworkManager.cs(181,20): warning CA1416: Este site de chamada pode ser acessado em todas as plataformas. S├│ h├í suporte para 'WindowsPrincipal.IsInRole(WindowsBuiltInRole)' em: 'windows'. (https://learn.microsoft.com/dotnet/fundamentals/code-analysis/quality-rules/ca1416) [C:\SPARC\src\NetworkDevice.Core\NetworkDevice.Core.csproj]
C:\SPARC\src\NetworkDevice.UI\MainWindow.xaml.cs(441,19): warning CS0169: O campo "MainWindow._serialTestTask" nunca ├® usado [C:\SPARC\src\NetworkDevice.UI\NetworkDevice.UI.csproj]
C:\SPARC\src\NetworkDevice.UI\MainWindow.xaml.cs(440,38): warning CS0169: O campo "MainWindow._serialTestCts" nunca ├® usado [C:\SPARC\src\NetworkDevice.UI\NetworkDevice.UI.csproj]
    6 Aviso(s)
    0 Erro(s)

Tempo Decorrido 00:00:02.84

As atualiza├º├Áes de carga de trabalho est├úo dispon├¡veis. Execute `dotnet workload list` para obter mais informa├º├Áes.
2026-08-28 17:07:26 [OK] Build Release concluido com sucesso.
2026-08-28 17:07:26 [*] Iniciando C:\SPARC\src\NetworkDevice.UI\bin\Release\net8.0-windows\NetworkDevice.UI.exe
2026-08-28 17:10:25 [*] Modo local: Git nÃ£o sincronizado automaticamente (backup eventual apenas).
2026-08-28 17:10:25 [*] Codigo fonte mais recente que os binarios (MainWindow.xaml.cs 08/28/2026 17:10:01 > 08/28/2026 17:07:24). Recompilando...
2026-08-28 17:10:25 [*] Compilando Release (dotnet build -c Release)...
  Determinando os projetos a serem restaurados...
  Todos os projetos est├úo atualizados para restaura├º├úo.
  NetworkDevice.Core -> C:\SPARC\src\NetworkDevice.Core\bin\Release\net8.0\NetworkDevice.Core.dll
  NetworkDevice.Protocols -> C:\SPARC\src\NetworkDevice.Protocols\bin\Release\net8.0\NetworkDevice.Protocols.dll
  NetworkDevice.Cisco -> C:\SPARC\src\NetworkDevice.Cisco\bin\Release\net8.0\NetworkDevice.Cisco.dll
C:\SPARC\src\NetworkDevice.UI\MainWindow.xaml.cs(441,19): warning CS0169: O campo "MainWindow._serialTestTask" nunca ├® usado [C:\SPARC\src\NetworkDevice.UI\NetworkDevice.UI.csproj]
C:\SPARC\src\NetworkDevice.UI\MainWindow.xaml.cs(440,38): warning CS0169: O campo "MainWindow._serialTestCts" nunca ├® usado [C:\SPARC\src\NetworkDevice.UI\NetworkDevice.UI.csproj]
  NetworkDevice.UI -> C:\SPARC\src\NetworkDevice.UI\bin\Release\net8.0-windows\NetworkDevice.UI.dll
  NetworkDevice.Tests -> C:\SPARC\tests\NetworkDevice.Tests\bin\Release\net8.0\NetworkDevice.Tests.dll
  NetworkDevice.Cli -> C:\SPARC\src\NetworkDevice.Cli\bin\Release\net8.0\NetworkDevice.Cli.dll

Compila├º├úo com ├¬xito.

C:\SPARC\src\NetworkDevice.UI\MainWindow.xaml.cs(441,19): warning CS0169: O campo "MainWindow._serialTestTask" nunca ├® usado [C:\SPARC\src\NetworkDevice.UI\NetworkDevice.UI.csproj]
C:\SPARC\src\NetworkDevice.UI\MainWindow.xaml.cs(440,38): warning CS0169: O campo "MainWindow._serialTestCts" nunca ├® usado [C:\SPARC\src\NetworkDevice.UI\NetworkDevice.UI.csproj]
    2 Aviso(s)
    0 Erro(s)

Tempo Decorrido 00:00:01.79

As atualiza├º├Áes de carga de trabalho est├úo dispon├¡veis. Execute `dotnet workload list` para obter mais informa├º├Áes.
2026-08-28 17:10:30 [OK] Build Release concluido com sucesso.
2026-08-28 17:10:30 [*] Iniciando C:\SPARC\src\NetworkDevice.UI\bin\Release\net8.0-windows\NetworkDevice.UI.exe
2026-08-28 17:12:36 [*] Modo local: Git nÃ£o sincronizado automaticamente (backup eventual apenas).
2026-08-28 17:12:36 [*] Codigo fonte mais recente que os binarios (MainWindow.xaml.cs 08/28/2026 17:11:22 > 08/28/2026 17:07:24). Recompilando...
2026-08-28 17:12:36 [*] Compilando Release (dotnet build -c Release)...
  Determinando os projetos a serem restaurados...
  Todos os projetos est├úo atualizados para restaura├º├úo.
  NetworkDevice.Core -> C:\SPARC\src\NetworkDevice.Core\bin\Release\net8.0\NetworkDevice.Core.dll
  NetworkDevice.Protocols -> C:\SPARC\src\NetworkDevice.Protocols\bin\Release\net8.0\NetworkDevice.Protocols.dll
  NetworkDevice.Cisco -> C:\SPARC\src\NetworkDevice.Cisco\bin\Release\net8.0\NetworkDevice.Cisco.dll
  NetworkDevice.Cli -> C:\SPARC\src\NetworkDevice.Cli\bin\Release\net8.0\NetworkDevice.Cli.dll
C:\SPARC\src\NetworkDevice.UI\MainWindow.xaml.cs(440,38): warning CS0169: O campo "MainWindow._serialTestCts" nunca ├® usado [C:\SPARC\src\NetworkDevice.UI\NetworkDevice.UI.csproj]
C:\SPARC\src\NetworkDevice.UI\MainWindow.xaml.cs(441,19): warning CS0169: O campo "MainWindow._serialTestTask" nunca ├® usado [C:\SPARC\src\NetworkDevice.UI\NetworkDevice.UI.csproj]
  NetworkDevice.UI -> C:\SPARC\src\NetworkDevice.UI\bin\Release\net8.0-windows\NetworkDevice.UI.dll
  NetworkDevice.Tests -> C:\SPARC\tests\NetworkDevice.Tests\bin\Release\net8.0\NetworkDevice.Tests.dll

Compila├º├úo com ├¬xito.

C:\SPARC\src\NetworkDevice.UI\MainWindow.xaml.cs(440,38): warning CS0169: O campo "MainWindow._serialTestCts" nunca ├® usado [C:\SPARC\src\NetworkDevice.UI\NetworkDevice.UI.csproj]
C:\SPARC\src\NetworkDevice.UI\MainWindow.xaml.cs(441,19): warning CS0169: O campo "MainWindow._serialTestTask" nunca ├® usado [C:\SPARC\src\NetworkDevice.UI\NetworkDevice.UI.csproj]
    2 Aviso(s)
    0 Erro(s)

Tempo Decorrido 00:00:01.78

As atualiza├º├Áes de carga de trabalho est├úo dispon├¡veis. Execute `dotnet workload list` para obter mais informa├º├Áes.
2026-08-28 17:12:42 [OK] Build Release concluido com sucesso.
2026-08-28 17:12:42 [*] Iniciando C:\SPARC\src\NetworkDevice.UI\bin\Release\net8.0-windows\NetworkDevice.UI.exe
2026-08-28 17:19:00 [*] Modo local: Git nÃ£o sincronizado automaticamente (backup eventual apenas).
2026-08-28 17:19:00 [*] Codigo fonte mais recente que os binarios (MainWindow.xaml.cs 08/28/2026 17:18:44 > 08/28/2026 17:07:24). Recompilando...
2026-08-28 17:19:00 [*] Compilando Release (dotnet build -c Release)...
  Determinando os projetos a serem restaurados...
  Todos os projetos est├úo atualizados para restaura├º├úo.
  NetworkDevice.Core -> C:\SPARC\src\NetworkDevice.Core\bin\Release\net8.0\NetworkDevice.Core.dll
  NetworkDevice.Protocols -> C:\SPARC\src\NetworkDevice.Protocols\bin\Release\net8.0\NetworkDevice.Protocols.dll
  NetworkDevice.Cisco -> C:\SPARC\src\NetworkDevice.Cisco\bin\Release\net8.0\NetworkDevice.Cisco.dll
  NetworkDevice.Cli -> C:\SPARC\src\NetworkDevice.Cli\bin\Release\net8.0\NetworkDevice.Cli.dll
C:\SPARC\src\NetworkDevice.UI\MainWindow.xaml.cs(441,19): warning CS0169: O campo "MainWindow._serialTestTask" nunca ├® usado [C:\SPARC\src\NetworkDevice.UI\NetworkDevice.UI.csproj]
C:\SPARC\src\NetworkDevice.UI\MainWindow.xaml.cs(440,38): warning CS0169: O campo "MainWindow._serialTestCts" nunca ├® usado [C:\SPARC\src\NetworkDevice.UI\NetworkDevice.UI.csproj]
  NetworkDevice.UI -> C:\SPARC\src\NetworkDevice.UI\bin\Release\net8.0-windows\NetworkDevice.UI.dll
  NetworkDevice.Tests -> C:\SPARC\tests\NetworkDevice.Tests\bin\Release\net8.0\NetworkDevice.Tests.dll

Compila├º├úo com ├¬xito.

C:\SPARC\src\NetworkDevice.UI\MainWindow.xaml.cs(441,19): warning CS0169: O campo "MainWindow._serialTestTask" nunca ├® usado [C:\SPARC\src\NetworkDevice.UI\NetworkDevice.UI.csproj]
C:\SPARC\src\NetworkDevice.UI\MainWindow.xaml.cs(440,38): warning CS0169: O campo "MainWindow._serialTestCts" nunca ├® usado [C:\SPARC\src\NetworkDevice.UI\NetworkDevice.UI.csproj]
    2 Aviso(s)
    0 Erro(s)

Tempo Decorrido 00:00:01.78

As atualiza├º├Áes de carga de trabalho est├úo dispon├¡veis. Execute `dotnet workload list` para obter mais informa├º├Áes.
2026-08-28 17:19:05 [OK] Build Release concluido com sucesso.
2026-08-28 17:19:05 [*] Iniciando C:\SPARC\src\NetworkDevice.UI\bin\Release\net8.0-windows\NetworkDevice.UI.exe
2026-08-28 17:22:13 [*] Modo local: Git nÃ£o sincronizado automaticamente (backup eventual apenas).
2026-08-28 17:22:13 [*] Codigo fonte mais recente que os binarios (MainWindow.xaml.cs 08/28/2026 17:21:43 > 08/28/2026 17:07:24). Recompilando...
2026-08-28 17:22:13 [*] Compilando Release (dotnet build -c Release)...
  Determinando os projetos a serem restaurados...
  Todos os projetos est├úo atualizados para restaura├º├úo.
  NetworkDevice.Core -> C:\SPARC\src\NetworkDevice.Core\bin\Release\net8.0\NetworkDevice.Core.dll
  NetworkDevice.Protocols -> C:\SPARC\src\NetworkDevice.Protocols\bin\Release\net8.0\NetworkDevice.Protocols.dll
  NetworkDevice.Cisco -> C:\SPARC\src\NetworkDevice.Cisco\bin\Release\net8.0\NetworkDevice.Cisco.dll
C:\SPARC\src\NetworkDevice.UI\MainWindow.xaml.cs(440,38): warning CS0169: O campo "MainWindow._serialTestCts" nunca ├® usado [C:\SPARC\src\NetworkDevice.UI\NetworkDevice.UI.csproj]
C:\SPARC\src\NetworkDevice.UI\MainWindow.xaml.cs(441,19): warning CS0169: O campo "MainWindow._serialTestTask" nunca ├® usado [C:\SPARC\src\NetworkDevice.UI\NetworkDevice.UI.csproj]
  NetworkDevice.UI -> C:\SPARC\src\NetworkDevice.UI\bin\Release\net8.0-windows\NetworkDevice.UI.dll
  NetworkDevice.Cli -> C:\SPARC\src\NetworkDevice.Cli\bin\Release\net8.0\NetworkDevice.Cli.dll
  NetworkDevice.Tests -> C:\SPARC\tests\NetworkDevice.Tests\bin\Release\net8.0\NetworkDevice.Tests.dll

Compila├º├úo com ├¬xito.

C:\SPARC\src\NetworkDevice.UI\MainWindow.xaml.cs(440,38): warning CS0169: O campo "MainWindow._serialTestCts" nunca ├® usado [C:\SPARC\src\NetworkDevice.UI\NetworkDevice.UI.csproj]
C:\SPARC\src\NetworkDevice.UI\MainWindow.xaml.cs(441,19): warning CS0169: O campo "MainWindow._serialTestTask" nunca ├® usado [C:\SPARC\src\NetworkDevice.UI\NetworkDevice.UI.csproj]
    2 Aviso(s)
    0 Erro(s)

Tempo Decorrido 00:00:01.79

As atualiza├º├Áes de carga de trabalho est├úo dispon├¡veis. Execute `dotnet workload list` para obter mais informa├º├Áes.
2026-08-28 17:22:20 [OK] Build Release concluido com sucesso.
2026-08-28 17:22:20 [*] Iniciando C:\SPARC\src\NetworkDevice.UI\bin\Release\net8.0-windows\NetworkDevice.UI.exe
2026-08-28 17:29:32 [*] Modo local: Git nÃ£o sincronizado automaticamente (backup eventual apenas).
2026-08-28 17:29:32 [*] Codigo fonte mais recente que os binarios (MainWindow.g.cs 08/28/2026 17:23:28 > 08/28/2026 17:07:24). Recompilando...
2026-08-28 17:29:33 [*] Compilando Release (dotnet build -c Release)...
  Determinando os projetos a serem restaurados...
  Todos os projetos est├úo atualizados para restaura├º├úo.
C:\SPARC\src\NetworkDevice.Core\Provisioning\HostNetworkManager.cs(179,28): warning CA1416: Este site de chamada pode ser acessado em todas as plataformas. S├│ h├í suporte para 'WindowsIdentity.GetCurrent()' em: 'windows'. (https://learn.microsoft.com/dotnet/fundamentals/code-analysis/quality-rules/ca1416) [C:\SPARC\src\NetworkDevice.Core\NetworkDevice.Core.csproj]
C:\SPARC\src\NetworkDevice.Core\Provisioning\HostNetworkManager.cs(181,39): warning CA1416: Este site de chamada pode ser acessado em todas as plataformas. S├│ h├í suporte para 'WindowsBuiltInRole.Administrator' em: 'windows'. (https://learn.microsoft.com/dotnet/fundamentals/code-analysis/quality-rules/ca1416) [C:\SPARC\src\NetworkDevice.Core\NetworkDevice.Core.csproj]
C:\SPARC\src\NetworkDevice.Core\Provisioning\HostNetworkManager.cs(181,20): warning CA1416: Este site de chamada pode ser acessado em todas as plataformas. S├│ h├í suporte para 'WindowsPrincipal.IsInRole(WindowsBuiltInRole)' em: 'windows'. (https://learn.microsoft.com/dotnet/fundamentals/code-analysis/quality-rules/ca1416) [C:\SPARC\src\NetworkDevice.Core\NetworkDevice.Core.csproj]
C:\SPARC\src\NetworkDevice.Core\Provisioning\HostNetworkManager.cs(180,29): warning CA1416: Este site de chamada pode ser acessado em todas as plataformas. S├│ h├í suporte para 'WindowsPrincipal' em: 'windows'. (https://learn.microsoft.com/dotnet/fundamentals/code-analysis/quality-rules/ca1416) [C:\SPARC\src\NetworkDevice.Core\NetworkDevice.Core.csproj]
  NetworkDevice.Core -> C:\SPARC\src\NetworkDevice.Core\bin\Release\net8.0\NetworkDevice.Core.dll
  NetworkDevice.Protocols -> C:\SPARC\src\NetworkDevice.Protocols\bin\Release\net8.0\NetworkDevice.Protocols.dll
  NetworkDevice.Cisco -> C:\SPARC\src\NetworkDevice.Cisco\bin\Release\net8.0\NetworkDevice.Cisco.dll
C:\SPARC\src\NetworkDevice.UI\MainWindow.xaml.cs(440,38): warning CS0169: O campo "MainWindow._serialTestCts" nunca ├® usado [C:\SPARC\src\NetworkDevice.UI\NetworkDevice.UI.csproj]
C:\SPARC\src\NetworkDevice.UI\MainWindow.xaml.cs(441,19): warning CS0169: O campo "MainWindow._serialTestTask" nunca ├® usado [C:\SPARC\src\NetworkDevice.UI\NetworkDevice.UI.csproj]
  NetworkDevice.UI -> C:\SPARC\src\NetworkDevice.UI\bin\Release\net8.0-windows\NetworkDevice.UI.dll
  NetworkDevice.Cli -> C:\SPARC\src\NetworkDevice.Cli\bin\Release\net8.0\NetworkDevice.Cli.dll
  NetworkDevice.Tests -> C:\SPARC\tests\NetworkDevice.Tests\bin\Release\net8.0\NetworkDevice.Tests.dll

Compila├º├úo com ├¬xito.

C:\SPARC\src\NetworkDevice.Core\Provisioning\HostNetworkManager.cs(179,28): warning CA1416: Este site de chamada pode ser acessado em todas as plataformas. S├│ h├í suporte para 'WindowsIdentity.GetCurrent()' em: 'windows'. (https://learn.microsoft.com/dotnet/fundamentals/code-analysis/quality-rules/ca1416) [C:\SPARC\src\NetworkDevice.Core\NetworkDevice.Core.csproj]
C:\SPARC\src\NetworkDevice.Core\Provisioning\HostNetworkManager.cs(181,39): warning CA1416: Este site de chamada pode ser acessado em todas as plataformas. S├│ h├í suporte para 'WindowsBuiltInRole.Administrator' em: 'windows'. (https://learn.microsoft.com/dotnet/fundamentals/code-analysis/quality-rules/ca1416) [C:\SPARC\src\NetworkDevice.Core\NetworkDevice.Core.csproj]
C:\SPARC\src\NetworkDevice.Core\Provisioning\HostNetworkManager.cs(181,20): warning CA1416: Este site de chamada pode ser acessado em todas as plataformas. S├│ h├í suporte para 'WindowsPrincipal.IsInRole(WindowsBuiltInRole)' em: 'windows'. (https://learn.microsoft.com/dotnet/fundamentals/code-analysis/quality-rules/ca1416) [C:\SPARC\src\NetworkDevice.Core\NetworkDevice.Core.csproj]
C:\SPARC\src\NetworkDevice.Core\Provisioning\HostNetworkManager.cs(180,29): warning CA1416: Este site de chamada pode ser acessado em todas as plataformas. S├│ h├í suporte para 'WindowsPrincipal' em: 'windows'. (https://learn.microsoft.com/dotnet/fundamentals/code-analysis/quality-rules/ca1416) [C:\SPARC\src\NetworkDevice.Core\NetworkDevice.Core.csproj]
C:\SPARC\src\NetworkDevice.UI\MainWindow.xaml.cs(440,38): warning CS0169: O campo "MainWindow._serialTestCts" nunca ├® usado [C:\SPARC\src\NetworkDevice.UI\NetworkDevice.UI.csproj]
C:\SPARC\src\NetworkDevice.UI\MainWindow.xaml.cs(441,19): warning CS0169: O campo "MainWindow._serialTestTask" nunca ├® usado [C:\SPARC\src\NetworkDevice.UI\NetworkDevice.UI.csproj]
    6 Aviso(s)
    0 Erro(s)

Tempo Decorrido 00:00:02.14

As atualiza├º├Áes de carga de trabalho est├úo dispon├¡veis. Execute `dotnet workload list` para obter mais informa├º├Áes.
2026-08-28 17:29:38 [OK] Build Release concluido com sucesso.
2026-08-28 17:29:38 [*] Iniciando C:\SPARC\src\NetworkDevice.UI\bin\Release\net8.0-windows\NetworkDevice.UI.exe
2026-08-28 17:33:32 [*] Modo local: Git nÃ£o sincronizado automaticamente (backup eventual apenas).
2026-08-28 17:33:32 [*] Codigo fonte mais recente que os binarios (MainWindow.xaml.cs 08/28/2026 17:32:30 > 08/28/2026 17:29:38). Recompilando...
2026-08-28 17:33:32 [*] Compilando Release (dotnet build -c Release)...
  Determinando os projetos a serem restaurados...
  Todos os projetos est├úo atualizados para restaura├º├úo.
  NetworkDevice.Core -> C:\SPARC\src\NetworkDevice.Core\bin\Release\net8.0\NetworkDevice.Core.dll
  NetworkDevice.Protocols -> C:\SPARC\src\NetworkDevice.Protocols\bin\Release\net8.0\NetworkDevice.Protocols.dll
  NetworkDevice.Cisco -> C:\SPARC\src\NetworkDevice.Cisco\bin\Release\net8.0\NetworkDevice.Cisco.dll
  NetworkDevice.Tests -> C:\SPARC\tests\NetworkDevice.Tests\bin\Release\net8.0\NetworkDevice.Tests.dll
C:\SPARC\src\NetworkDevice.UI\MainWindow.xaml.cs(441,19): warning CS0169: O campo "MainWindow._serialTestTask" nunca ├® usado [C:\SPARC\src\NetworkDevice.UI\NetworkDevice.UI.csproj]
C:\SPARC\src\NetworkDevice.UI\MainWindow.xaml.cs(440,38): warning CS0169: O campo "MainWindow._serialTestCts" nunca ├® usado [C:\SPARC\src\NetworkDevice.UI\NetworkDevice.UI.csproj]
  NetworkDevice.UI -> C:\SPARC\src\NetworkDevice.UI\bin\Release\net8.0-windows\NetworkDevice.UI.dll
  NetworkDevice.Cli -> C:\SPARC\src\NetworkDevice.Cli\bin\Release\net8.0\NetworkDevice.Cli.dll

Compila├º├úo com ├¬xito.

C:\SPARC\src\NetworkDevice.UI\MainWindow.xaml.cs(441,19): warning CS0169: O campo "MainWindow._serialTestTask" nunca ├® usado [C:\SPARC\src\NetworkDevice.UI\NetworkDevice.UI.csproj]
C:\SPARC\src\NetworkDevice.UI\MainWindow.xaml.cs(440,38): warning CS0169: O campo "MainWindow._serialTestCts" nunca ├® usado [C:\SPARC\src\NetworkDevice.UI\NetworkDevice.UI.csproj]
    2 Aviso(s)
    0 Erro(s)

Tempo Decorrido 00:00:01.70

As atualiza├º├Áes de carga de trabalho est├úo dispon├¡veis. Execute `dotnet workload list` para obter mais informa├º├Áes.
2026-08-28 17:33:38 [OK] Build Release concluido com sucesso.
2026-08-28 17:33:38 [*] Iniciando C:\SPARC\src\NetworkDevice.UI\bin\Release\net8.0-windows\NetworkDevice.UI.exe
2026-08-28 17:36:12 [*] Modo local: Git nÃ£o sincronizado automaticamente (backup eventual apenas).
2026-08-28 17:36:12 [*] Codigo fonte mais recente que os binarios (MainWindow.xaml.cs 08/28/2026 17:35:52 > 08/28/2026 17:29:38). Recompilando...
2026-08-28 17:36:12 [*] Compilando Release (dotnet build -c Release)...
  Determinando os projetos a serem restaurados...
  Todos os projetos est├úo atualizados para restaura├º├úo.
  NetworkDevice.Core -> C:\SPARC\src\NetworkDevice.Core\bin\Release\net8.0\NetworkDevice.Core.dll
  NetworkDevice.Protocols -> C:\SPARC\src\NetworkDevice.Protocols\bin\Release\net8.0\NetworkDevice.Protocols.dll
  NetworkDevice.Cisco -> C:\SPARC\src\NetworkDevice.Cisco\bin\Release\net8.0\NetworkDevice.Cisco.dll
C:\SPARC\src\NetworkDevice.UI\MainWindow.xaml.cs(440,38): warning CS0169: O campo "MainWindow._serialTestCts" nunca ├® usado [C:\SPARC\src\NetworkDevice.UI\NetworkDevice.UI.csproj]
C:\SPARC\src\NetworkDevice.UI\MainWindow.xaml.cs(441,19): warning CS0169: O campo "MainWindow._serialTestTask" nunca ├® usado [C:\SPARC\src\NetworkDevice.UI\NetworkDevice.UI.csproj]
  NetworkDevice.UI -> C:\SPARC\src\NetworkDevice.UI\bin\Release\net8.0-windows\NetworkDevice.UI.dll
  NetworkDevice.Cli -> C:\SPARC\src\NetworkDevice.Cli\bin\Release\net8.0\NetworkDevice.Cli.dll
  NetworkDevice.Tests -> C:\SPARC\tests\NetworkDevice.Tests\bin\Release\net8.0\NetworkDevice.Tests.dll

Compila├º├úo com ├¬xito.

C:\SPARC\src\NetworkDevice.UI\MainWindow.xaml.cs(440,38): warning CS0169: O campo "MainWindow._serialTestCts" nunca ├® usado [C:\SPARC\src\NetworkDevice.UI\NetworkDevice.UI.csproj]
C:\SPARC\src\NetworkDevice.UI\MainWindow.xaml.cs(441,19): warning CS0169: O campo "MainWindow._serialTestTask" nunca ├® usado [C:\SPARC\src\NetworkDevice.UI\NetworkDevice.UI.csproj]
    2 Aviso(s)
    0 Erro(s)

Tempo Decorrido 00:00:01.72

As atualiza├º├Áes de carga de trabalho est├úo dispon├¡veis. Execute `dotnet workload list` para obter mais informa├º├Áes.
2026-08-28 17:36:18 [OK] Build Release concluido com sucesso.
2026-08-28 17:36:18 [*] Iniciando C:\SPARC\src\NetworkDevice.UI\bin\Release\net8.0-windows\NetworkDevice.UI.exe
2026-08-28 17:38:35 [*] Modo local: Git nÃ£o sincronizado automaticamente (backup eventual apenas).
2026-08-28 17:38:35 [*] Codigo fonte mais recente que os binarios (MainWindow.xaml.cs 08/28/2026 17:35:52 > 08/28/2026 17:29:38). Recompilando...
2026-08-28 17:38:35 [*] Compilando Release (dotnet build -c Release)...
  Determinando os projetos a serem restaurados...
  Todos os projetos est├úo atualizados para restaura├º├úo.
  NetworkDevice.Core -> C:\SPARC\src\NetworkDevice.Core\bin\Release\net8.0\NetworkDevice.Core.dll
  NetworkDevice.Protocols -> C:\SPARC\src\NetworkDevice.Protocols\bin\Release\net8.0\NetworkDevice.Protocols.dll
  NetworkDevice.Cisco -> C:\SPARC\src\NetworkDevice.Cisco\bin\Release\net8.0\NetworkDevice.Cisco.dll
  NetworkDevice.UI -> C:\SPARC\src\NetworkDevice.UI\bin\Release\net8.0-windows\NetworkDevice.UI.dll
  NetworkDevice.Cli -> C:\SPARC\src\NetworkDevice.Cli\bin\Release\net8.0\NetworkDevice.Cli.dll
  NetworkDevice.Tests -> C:\SPARC\tests\NetworkDevice.Tests\bin\Release\net8.0\NetworkDevice.Tests.dll

Compila├º├úo com ├¬xito.
    0 Aviso(s)
    0 Erro(s)

Tempo Decorrido 00:00:01.27

As atualiza├º├Áes de carga de trabalho est├úo dispon├¡veis. Execute `dotnet workload list` para obter mais informa├º├Áes.
2026-08-28 17:38:41 [OK] Build Release concluido com sucesso.
2026-08-28 17:38:41 [*] Iniciando C:\SPARC\src\NetworkDevice.UI\bin\Release\net8.0-windows\NetworkDevice.UI.exe
2026-08-28 17:40:22 [*] Modo local: Git nÃ£o sincronizado automaticamente (backup eventual apenas).
2026-08-28 17:40:23 [*] Codigo fonte mais recente que os binarios (MainWindow.xaml.cs 08/28/2026 17:40:00 > 08/28/2026 17:29:38). Recompilando...
2026-08-28 17:40:23 [*] Compilando Release (dotnet build -c Release)...
  Determinando os projetos a serem restaurados...
  Todos os projetos est├úo atualizados para restaura├º├úo.
  NetworkDevice.Core -> C:\SPARC\src\NetworkDevice.Core\bin\Release\net8.0\NetworkDevice.Core.dll
  NetworkDevice.Protocols -> C:\SPARC\src\NetworkDevice.Protocols\bin\Release\net8.0\NetworkDevice.Protocols.dll
  NetworkDevice.Cisco -> C:\SPARC\src\NetworkDevice.Cisco\bin\Release\net8.0\NetworkDevice.Cisco.dll
C:\SPARC\src\NetworkDevice.UI\MainWindow.xaml.cs(441,19): warning CS0169: O campo "MainWindow._serialTestTask" nunca ├® usado [C:\SPARC\src\NetworkDevice.UI\NetworkDevice.UI.csproj]
C:\SPARC\src\NetworkDevice.UI\MainWindow.xaml.cs(440,38): warning CS0169: O campo "MainWindow._serialTestCts" nunca ├® usado [C:\SPARC\src\NetworkDevice.UI\NetworkDevice.UI.csproj]
  NetworkDevice.UI -> C:\SPARC\src\NetworkDevice.UI\bin\Release\net8.0-windows\NetworkDevice.UI.dll
  NetworkDevice.Cli -> C:\SPARC\src\NetworkDevice.Cli\bin\Release\net8.0\NetworkDevice.Cli.dll
  NetworkDevice.Tests -> C:\SPARC\tests\NetworkDevice.Tests\bin\Release\net8.0\NetworkDevice.Tests.dll

Compila├º├úo com ├¬xito.

C:\SPARC\src\NetworkDevice.UI\MainWindow.xaml.cs(441,19): warning CS0169: O campo "MainWindow._serialTestTask" nunca ├® usado [C:\SPARC\src\NetworkDevice.UI\NetworkDevice.UI.csproj]
C:\SPARC\src\NetworkDevice.UI\MainWindow.xaml.cs(440,38): warning CS0169: O campo "MainWindow._serialTestCts" nunca ├® usado [C:\SPARC\src\NetworkDevice.UI\NetworkDevice.UI.csproj]
    2 Aviso(s)
    0 Erro(s)

Tempo Decorrido 00:00:01.68

As atualiza├º├Áes de carga de trabalho est├úo dispon├¡veis. Execute `dotnet workload list` para obter mais informa├º├Áes.
2026-08-28 17:40:29 [OK] Build Release concluido com sucesso.
2026-08-28 17:40:29 [*] Iniciando C:\SPARC\src\NetworkDevice.UI\bin\Release\net8.0-windows\NetworkDevice.UI.exe
2026-08-28 17:42:34 [*] Modo local: Git nÃ£o sincronizado automaticamente (backup eventual apenas).
2026-08-28 17:42:34 [*] Codigo fonte mais recente que os binarios (MainWindow.xaml.cs 08/28/2026 17:40:00 > 08/28/2026 17:29:38). Recompilando...
2026-08-28 17:42:34 [*] Compilando Release (dotnet build -c Release)...
  Determinando os projetos a serem restaurados...
  Todos os projetos est├úo atualizados para restaura├º├úo.
  NetworkDevice.Core -> C:\SPARC\src\NetworkDevice.Core\bin\Release\net8.0\NetworkDevice.Core.dll
  NetworkDevice.Protocols -> C:\SPARC\src\NetworkDevice.Protocols\bin\Release\net8.0\NetworkDevice.Protocols.dll
  NetworkDevice.Cisco -> C:\SPARC\src\NetworkDevice.Cisco\bin\Release\net8.0\NetworkDevice.Cisco.dll
  NetworkDevice.UI -> C:\SPARC\src\NetworkDevice.UI\bin\Release\net8.0-windows\NetworkDevice.UI.dll
  NetworkDevice.Cli -> C:\SPARC\src\NetworkDevice.Cli\bin\Release\net8.0\NetworkDevice.Cli.dll
  NetworkDevice.Tests -> C:\SPARC\tests\NetworkDevice.Tests\bin\Release\net8.0\NetworkDevice.Tests.dll

Compila├º├úo com ├¬xito.
    0 Aviso(s)
    0 Erro(s)

Tempo Decorrido 00:00:01.27

As atualiza├º├Áes de carga de trabalho est├úo dispon├¡veis. Execute `dotnet workload list` para obter mais informa├º├Áes.
2026-08-28 17:42:39 [OK] Build Release concluido com sucesso.
2026-08-28 17:42:39 [*] Iniciando C:\SPARC\src\NetworkDevice.UI\bin\Release\net8.0-windows\NetworkDevice.UI.exe
2026-08-28 17:46:12 [*] Modo local: Git nÃ£o sincronizado automaticamente (backup eventual apenas).
2026-08-28 17:46:12 [*] Codigo fonte mais recente que os binarios (MainWindow.g.cs 08/28/2026 17:44:01 > 08/28/2026 17:44:00). Recompilando...
2026-08-28 17:46:12 [*] Compilando Release (dotnet build -c Release)...
  Determinando os projetos a serem restaurados...
  Todos os projetos est├úo atualizados para restaura├º├úo.
  NetworkDevice.Core -> C:\SPARC\src\NetworkDevice.Core\bin\Release\net8.0\NetworkDevice.Core.dll
  NetworkDevice.Protocols -> C:\SPARC\src\NetworkDevice.Protocols\bin\Release\net8.0\NetworkDevice.Protocols.dll
  NetworkDevice.Cisco -> C:\SPARC\src\NetworkDevice.Cisco\bin\Release\net8.0\NetworkDevice.Cisco.dll
  NetworkDevice.UI -> C:\SPARC\src\NetworkDevice.UI\bin\Release\net8.0-windows\NetworkDevice.UI.dll
  NetworkDevice.Cli -> C:\SPARC\src\NetworkDevice.Cli\bin\Release\net8.0\NetworkDevice.Cli.dll
  NetworkDevice.Tests -> C:\SPARC\tests\NetworkDevice.Tests\bin\Release\net8.0\NetworkDevice.Tests.dll

Compila├º├úo com ├¬xito.
    0 Aviso(s)
    0 Erro(s)

Tempo Decorrido 00:00:01.40

As atualiza├º├Áes de carga de trabalho est├úo dispon├¡veis. Execute `dotnet workload list` para obter mais informa├º├Áes.
2026-08-28 17:46:18 [OK] Build Release concluido com sucesso.
2026-08-28 17:46:18 [*] Iniciando C:\SPARC\src\NetworkDevice.UI\bin\Release\net8.0-windows\NetworkDevice.UI.exe
2026-08-28 17:47:39 [*] Modo local: Git nÃ£o sincronizado automaticamente (backup eventual apenas).
2026-08-28 17:47:39 [*] Codigo fonte mais recente que os binarios (MainWindow.g.cs 08/28/2026 17:44:01 > 08/28/2026 17:44:00). Recompilando...
2026-08-28 17:47:39 [*] Compilando Release (dotnet build -c Release)...
  Determinando os projetos a serem restaurados...
  Todos os projetos est├úo atualizados para restaura├º├úo.
  NetworkDevice.Core -> C:\SPARC\src\NetworkDevice.Core\bin\Release\net8.0\NetworkDevice.Core.dll
  NetworkDevice.Protocols -> C:\SPARC\src\NetworkDevice.Protocols\bin\Release\net8.0\NetworkDevice.Protocols.dll
  NetworkDevice.Cisco -> C:\SPARC\src\NetworkDevice.Cisco\bin\Release\net8.0\NetworkDevice.Cisco.dll
  NetworkDevice.UI -> C:\SPARC\src\NetworkDevice.UI\bin\Release\net8.0-windows\NetworkDevice.UI.dll
  NetworkDevice.Cli -> C:\SPARC\src\NetworkDevice.Cli\bin\Release\net8.0\NetworkDevice.Cli.dll
  NetworkDevice.Tests -> C:\SPARC\tests\NetworkDevice.Tests\bin\Release\net8.0\NetworkDevice.Tests.dll

Compila├º├úo com ├¬xito.
    0 Aviso(s)
    0 Erro(s)

Tempo Decorrido 00:00:01.30

As atualiza├º├Áes de carga de trabalho est├úo dispon├¡veis. Execute `dotnet workload list` para obter mais informa├º├Áes.
2026-08-28 17:47:45 [OK] Build Release concluido com sucesso.
2026-08-28 17:47:45 [*] Iniciando C:\SPARC\src\NetworkDevice.UI\bin\Release\net8.0-windows\NetworkDevice.UI.exe
2026-08-28 17:48:42 [*] Modo local: Git nÃ£o sincronizado automaticamente (backup eventual apenas).
2026-08-28 17:48:42 [*] Codigo fonte mais recente que os binarios (MainWindow.xaml.cs 08/28/2026 17:48:23 > 08/28/2026 17:44:00). Recompilando...
2026-08-28 17:48:42 [*] Compilando Release (dotnet build -c Release)...
  Determinando os projetos a serem restaurados...
  Todos os projetos est├úo atualizados para restaura├º├úo.
  NetworkDevice.Core -> C:\SPARC\src\NetworkDevice.Core\bin\Release\net8.0\NetworkDevice.Core.dll
  NetworkDevice.Protocols -> C:\SPARC\src\NetworkDevice.Protocols\bin\Release\net8.0\NetworkDevice.Protocols.dll
  NetworkDevice.Cisco -> C:\SPARC\src\NetworkDevice.Cisco\bin\Release\net8.0\NetworkDevice.Cisco.dll
  NetworkDevice.Tests -> C:\SPARC\tests\NetworkDevice.Tests\bin\Release\net8.0\NetworkDevice.Tests.dll
  NetworkDevice.Cli -> C:\SPARC\src\NetworkDevice.Cli\bin\Release\net8.0\NetworkDevice.Cli.dll
  NetworkDevice.UI -> C:\SPARC\src\NetworkDevice.UI\bin\Release\net8.0-windows\NetworkDevice.UI.dll

Compila├º├úo com ├¬xito.
    0 Aviso(s)
    0 Erro(s)

Tempo Decorrido 00:00:01.37

As atualiza├º├Áes de carga de trabalho est├úo dispon├¡veis. Execute `dotnet workload list` para obter mais informa├º├Áes.
2026-08-28 17:48:47 [OK] Build Release concluido com sucesso.
2026-08-28 17:48:47 [*] Iniciando C:\SPARC\src\NetworkDevice.UI\bin\Release\net8.0-windows\NetworkDevice.UI.exe
2026-08-28 17:49:54 [*] Modo local: Git nÃ£o sincronizado automaticamente (backup eventual apenas).
2026-08-28 17:49:55 [*] Codigo fonte mais recente que os binarios (MainWindow.xaml.cs 08/28/2026 17:48:23 > 08/28/2026 17:44:00). Recompilando...
2026-08-28 17:49:55 [*] Compilando Release (dotnet build -c Release)...
  Determinando os projetos a serem restaurados...
  Todos os projetos est├úo atualizados para restaura├º├úo.
  NetworkDevice.Core -> C:\SPARC\src\NetworkDevice.Core\bin\Release\net8.0\NetworkDevice.Core.dll
  NetworkDevice.Protocols -> C:\SPARC\src\NetworkDevice.Protocols\bin\Release\net8.0\NetworkDevice.Protocols.dll
  NetworkDevice.Cisco -> C:\SPARC\src\NetworkDevice.Cisco\bin\Release\net8.0\NetworkDevice.Cisco.dll
  NetworkDevice.UI -> C:\SPARC\src\NetworkDevice.UI\bin\Release\net8.0-windows\NetworkDevice.UI.dll
  NetworkDevice.Cli -> C:\SPARC\src\NetworkDevice.Cli\bin\Release\net8.0\NetworkDevice.Cli.dll
  NetworkDevice.Tests -> C:\SPARC\tests\NetworkDevice.Tests\bin\Release\net8.0\NetworkDevice.Tests.dll

Compila├º├úo com ├¬xito.
    0 Aviso(s)
    0 Erro(s)

Tempo Decorrido 00:00:01.30

As atualiza├º├Áes de carga de trabalho est├úo dispon├¡veis. Execute `dotnet workload list` para obter mais informa├º├Áes.
2026-08-28 17:50:00 [OK] Build Release concluido com sucesso.
2026-08-28 17:50:00 [*] Iniciando C:\SPARC\src\NetworkDevice.UI\bin\Release\net8.0-windows\NetworkDevice.UI.exe
2026-08-28 17:59:42 [*] Modo local: Git nÃ£o sincronizado automaticamente (backup eventual apenas).
2026-08-28 17:59:42 [*] Codigo fonte mais recente que os binarios (MainWindow.xaml.cs 08/28/2026 17:59:08 > 08/28/2026 17:44:00). Recompilando...
2026-08-28 17:59:42 [*] Compilando Release (dotnet build -c Release)...
  Determinando os projetos a serem restaurados...
  Todos os projetos est├úo atualizados para restaura├º├úo.
  NetworkDevice.Core -> C:\SPARC\src\NetworkDevice.Core\bin\Release\net8.0\NetworkDevice.Core.dll
  NetworkDevice.Protocols -> C:\SPARC\src\NetworkDevice.Protocols\bin\Release\net8.0\NetworkDevice.Protocols.dll
  NetworkDevice.Cisco -> C:\SPARC\src\NetworkDevice.Cisco\bin\Release\net8.0\NetworkDevice.Cisco.dll
  NetworkDevice.Tests -> C:\SPARC\tests\NetworkDevice.Tests\bin\Release\net8.0\NetworkDevice.Tests.dll
  NetworkDevice.Cli -> C:\SPARC\src\NetworkDevice.Cli\bin\Release\net8.0\NetworkDevice.Cli.dll
  NetworkDevice.UI -> C:\SPARC\src\NetworkDevice.UI\bin\Release\net8.0-windows\NetworkDevice.UI.dll

Compila├º├úo com ├¬xito.
    0 Aviso(s)
    0 Erro(s)

Tempo Decorrido 00:00:01.31

As atualiza├º├Áes de carga de trabalho est├úo dispon├¡veis. Execute `dotnet workload list` para obter mais informa├º├Áes.
2026-08-28 17:59:47 [OK] Build Release concluido com sucesso.
2026-08-28 17:59:47 [*] Iniciando C:\SPARC\src\NetworkDevice.UI\bin\Release\net8.0-windows\NetworkDevice.UI.exe
2026-08-28 18:03:03 [*] Modo local: Git nÃ£o sincronizado automaticamente (backup eventual apenas).
2026-08-28 18:03:04 [*] Codigo fonte mais recente que os binarios (MainWindow.xaml.cs 08/28/2026 17:59:08 > 08/28/2026 17:44:00). Recompilando...
2026-08-28 18:03:04 [*] Compilando Release (dotnet build -c Release)...
  Determinando os projetos a serem restaurados...
  Todos os projetos est├úo atualizados para restaura├º├úo.
  NetworkDevice.Core -> C:\SPARC\src\NetworkDevice.Core\bin\Release\net8.0\NetworkDevice.Core.dll
  NetworkDevice.Protocols -> C:\SPARC\src\NetworkDevice.Protocols\bin\Release\net8.0\NetworkDevice.Protocols.dll
  NetworkDevice.Cisco -> C:\SPARC\src\NetworkDevice.Cisco\bin\Release\net8.0\NetworkDevice.Cisco.dll
  NetworkDevice.UI -> C:\SPARC\src\NetworkDevice.UI\bin\Release\net8.0-windows\NetworkDevice.UI.dll
  NetworkDevice.Cli -> C:\SPARC\src\NetworkDevice.Cli\bin\Release\net8.0\NetworkDevice.Cli.dll
  NetworkDevice.Tests -> C:\SPARC\tests\NetworkDevice.Tests\bin\Release\net8.0\NetworkDevice.Tests.dll

Compila├º├úo com ├¬xito.
    0 Aviso(s)
    0 Erro(s)

Tempo Decorrido 00:00:01.27

As atualiza├º├Áes de carga de trabalho est├úo dispon├¡veis. Execute `dotnet workload list` para obter mais informa├º├Áes.
2026-08-28 18:03:09 [OK] Build Release concluido com sucesso.
2026-08-28 18:03:09 [*] Iniciando C:\SPARC\src\NetworkDevice.UI\bin\Release\net8.0-windows\NetworkDevice.UI.exe
2026-08-28 18:11:38 [*] Modo local: Git nÃ£o sincronizado automaticamente (backup eventual apenas).
2026-08-28 18:11:38 [*] Codigo fonte mais recente que os binarios (MainWindow.xaml.cs 08/28/2026 18:10:59 > 08/28/2026 18:09:40). Recompilando...
2026-08-28 18:11:38 [*] Compilando Release (dotnet build -c Release)...
  Determinando os projetos a serem restaurados...
  Todos os projetos est├úo atualizados para restaura├º├úo.
  NetworkDevice.Core -> C:\SPARC\src\NetworkDevice.Core\bin\Release\net8.0\NetworkDevice.Core.dll
  NetworkDevice.Protocols -> C:\SPARC\src\NetworkDevice.Protocols\bin\Release\net8.0\NetworkDevice.Protocols.dll
  NetworkDevice.Cisco -> C:\SPARC\src\NetworkDevice.Cisco\bin\Release\net8.0\NetworkDevice.Cisco.dll
  NetworkDevice.Tests -> C:\SPARC\tests\NetworkDevice.Tests\bin\Release\net8.0\NetworkDevice.Tests.dll
  NetworkDevice.UI -> C:\SPARC\src\NetworkDevice.UI\bin\Release\net8.0-windows\NetworkDevice.UI.dll
  NetworkDevice.Cli -> C:\SPARC\src\NetworkDevice.Cli\bin\Release\net8.0\NetworkDevice.Cli.dll

Compila├º├úo com ├¬xito.
    0 Aviso(s)
    0 Erro(s)

Tempo Decorrido 00:00:01.31

As atualiza├º├Áes de carga de trabalho est├úo dispon├¡veis. Execute `dotnet workload list` para obter mais informa├º├Áes.
2026-08-28 18:11:43 [OK] Build Release concluido com sucesso.
2026-08-28 18:11:43 [*] Iniciando C:\SPARC\src\NetworkDevice.UI\bin\Release\net8.0-windows\NetworkDevice.UI.exe
2026-08-31 09:56:49 [*] Modo local: Git nÃ£o sincronizado automaticamente (backup eventual apenas).
2026-08-31 09:56:49 [*] Codigo fonte mais recente que os binarios (MainWindow.xaml.cs 08/28/2026 18:14:23 > 08/28/2026 18:09:40). Recompilando...
2026-08-31 09:56:49 [*] Compilando Release (dotnet build -c Release)...
  Determinando os projetos a serem restaurados...
  Todos os projetos est├úo atualizados para restaura├º├úo.
  NetworkDevice.Core -> C:\SPARC\src\NetworkDevice.Core\bin\Release\net8.0\NetworkDevice.Core.dll
  NetworkDevice.Protocols -> C:\SPARC\src\NetworkDevice.Protocols\bin\Release\net8.0\NetworkDevice.Protocols.dll
  NetworkDevice.Cisco -> C:\SPARC\src\NetworkDevice.Cisco\bin\Release\net8.0\NetworkDevice.Cisco.dll
  NetworkDevice.UI -> C:\SPARC\src\NetworkDevice.UI\bin\Release\net8.0-windows\NetworkDevice.UI.dll
  NetworkDevice.Cli -> C:\SPARC\src\NetworkDevice.Cli\bin\Release\net8.0\NetworkDevice.Cli.dll
  NetworkDevice.Tests -> C:\SPARC\tests\NetworkDevice.Tests\bin\Release\net8.0\NetworkDevice.Tests.dll

Compila├º├úo com ├¬xito.
    0 Aviso(s)
    0 Erro(s)

Tempo Decorrido 00:00:08.29
2026-08-31 09:57:02 [OK] Build Release concluido com sucesso.
2026-08-31 09:57:02 [*] Iniciando C:\SPARC\src\NetworkDevice.UI\bin\Release\net8.0-windows\NetworkDevice.UI.exe
2026-08-31 10:20:47 [*] Modo local: Git nÃ£o sincronizado automaticamente (backup eventual apenas).
2026-08-31 10:20:47 [*] Codigo fonte mais recente que os binarios (MainWindow.g.cs 08/31/2026 10:19:58 > 08/31/2026 10:19:56). Recompilando...
2026-08-31 10:20:47 [*] Compilando Release (dotnet build -c Release)...
  Determinando os projetos a serem restaurados...
  Todos os projetos est├úo atualizados para restaura├º├úo.
  NetworkDevice.Core -> C:\SPARC\src\NetworkDevice.Core\bin\Release\net8.0\NetworkDevice.Core.dll
  NetworkDevice.Protocols -> C:\SPARC\src\NetworkDevice.Protocols\bin\Release\net8.0\NetworkDevice.Protocols.dll
  NetworkDevice.Cisco -> C:\SPARC\src\NetworkDevice.Cisco\bin\Release\net8.0\NetworkDevice.Cisco.dll
  NetworkDevice.UI -> C:\SPARC\src\NetworkDevice.UI\bin\Release\net8.0-windows\NetworkDevice.UI.dll
  NetworkDevice.Cli -> C:\SPARC\src\NetworkDevice.Cli\bin\Release\net8.0\NetworkDevice.Cli.dll
  NetworkDevice.Tests -> C:\SPARC\tests\NetworkDevice.Tests\bin\Release\net8.0\NetworkDevice.Tests.dll

Compila├º├úo com ├¬xito.
    0 Aviso(s)
    0 Erro(s)

Tempo Decorrido 00:00:02.67
2026-08-31 10:20:53 [OK] Build Release concluido com sucesso.
2026-08-31 10:20:53 [*] Iniciando C:\SPARC\src\NetworkDevice.UI\bin\Release\net8.0-windows\NetworkDevice.UI.exe
2026-08-31 10:46:09 [*] Modo local: Git nÃ£o sincronizado automaticamente (backup eventual apenas).
2026-08-31 10:46:10 [*] Codigo fonte mais recente que os binarios (MainWindow.g.cs 08/31/2026 10:42:29 > 08/31/2026 10:42:28). Recompilando...
2026-08-31 10:46:10 [*] Compilando Release (dotnet build -c Release)...
  Determinando os projetos a serem restaurados...
  Todos os projetos est├úo atualizados para restaura├º├úo.
  NetworkDevice.Core -> C:\SPARC\src\NetworkDevice.Core\bin\Release\net8.0\NetworkDevice.Core.dll
  NetworkDevice.Protocols -> C:\SPARC\src\NetworkDevice.Protocols\bin\Release\net8.0\NetworkDevice.Protocols.dll
  NetworkDevice.Cisco -> C:\SPARC\src\NetworkDevice.Cisco\bin\Release\net8.0\NetworkDevice.Cisco.dll
  NetworkDevice.UI -> C:\SPARC\src\NetworkDevice.UI\bin\Release\net8.0-windows\NetworkDevice.UI.dll
  NetworkDevice.Cli -> C:\SPARC\src\NetworkDevice.Cli\bin\Release\net8.0\NetworkDevice.Cli.dll
  NetworkDevice.Tests -> C:\SPARC\tests\NetworkDevice.Tests\bin\Release\net8.0\NetworkDevice.Tests.dll

Compila├º├úo com ├¬xito.
    0 Aviso(s)
    0 Erro(s)

Tempo Decorrido 00:00:02.72
2026-08-31 10:46:16 [OK] Build Release concluido com sucesso.
2026-08-31 10:46:16 [*] Iniciando C:\SPARC\src\NetworkDevice.UI\bin\Release\net8.0-windows\NetworkDevice.UI.exe
2026-08-31 10:55:06 [*] Modo local: Git nÃ£o sincronizado automaticamente (backup eventual apenas).
2026-08-31 10:55:07 [*] Codigo fonte mais recente que os binarios (MainWindow.g.cs 08/31/2026 10:52:46 > 08/31/2026 10:52:45). Recompilando...
2026-08-31 10:55:07 [*] Compilando Release (dotnet build -c Release)...
  Determinando os projetos a serem restaurados...
  Todos os projetos est├úo atualizados para restaura├º├úo.
  NetworkDevice.Core -> C:\SPARC\src\NetworkDevice.Core\bin\Release\net8.0\NetworkDevice.Core.dll
  NetworkDevice.Protocols -> C:\SPARC\src\NetworkDevice.Protocols\bin\Release\net8.0\NetworkDevice.Protocols.dll
  NetworkDevice.Cisco -> C:\SPARC\src\NetworkDevice.Cisco\bin\Release\net8.0\NetworkDevice.Cisco.dll
  NetworkDevice.UI -> C:\SPARC\src\NetworkDevice.UI\bin\Release\net8.0-windows\NetworkDevice.UI.dll
  NetworkDevice.Cli -> C:\SPARC\src\NetworkDevice.Cli\bin\Release\net8.0\NetworkDevice.Cli.dll
  NetworkDevice.Tests -> C:\SPARC\tests\NetworkDevice.Tests\bin\Release\net8.0\NetworkDevice.Tests.dll

Compila├º├úo com ├¬xito.
    0 Aviso(s)
    0 Erro(s)

Tempo Decorrido 00:00:01.35
2026-08-31 10:55:11 [OK] Build Release concluido com sucesso.
2026-08-31 10:55:11 [*] Iniciando C:\SPARC\src\NetworkDevice.UI\bin\Release\net8.0-windows\NetworkDevice.UI.exe
2026-08-31 11:03:19 [*] Modo local: Git nÃ£o sincronizado automaticamente (backup eventual apenas).
2026-08-31 11:03:19 [*] Codigo fonte mais recente que os binarios (MainWindow.g.cs 08/31/2026 11:01:08 > 08/31/2026 11:01:07). Recompilando...
2026-08-31 11:03:19 [*] Compilando Release (dotnet build -c Release)...
  Determinando os projetos a serem restaurados...
  Todos os projetos est├úo atualizados para restaura├º├úo.
  NetworkDevice.Core -> C:\SPARC\src\NetworkDevice.Core\bin\Release\net8.0\NetworkDevice.Core.dll
  NetworkDevice.Protocols -> C:\SPARC\src\NetworkDevice.Protocols\bin\Release\net8.0\NetworkDevice.Protocols.dll
  NetworkDevice.Cisco -> C:\SPARC\src\NetworkDevice.Cisco\bin\Release\net8.0\NetworkDevice.Cisco.dll
  NetworkDevice.UI -> C:\SPARC\src\NetworkDevice.UI\bin\Release\net8.0-windows\NetworkDevice.UI.dll
  NetworkDevice.Cli -> C:\SPARC\src\NetworkDevice.Cli\bin\Release\net8.0\NetworkDevice.Cli.dll
  NetworkDevice.Tests -> C:\SPARC\tests\NetworkDevice.Tests\bin\Release\net8.0\NetworkDevice.Tests.dll

Compila├º├úo com ├¬xito.
    0 Aviso(s)
    0 Erro(s)

Tempo Decorrido 00:00:01.36
2026-08-31 11:03:23 [OK] Build Release concluido com sucesso.
2026-08-31 11:03:23 [*] Iniciando C:\SPARC\src\NetworkDevice.UI\bin\Release\net8.0-windows\NetworkDevice.UI.exe
2026-08-31 11:10:14 [*] Modo local: Git nÃ£o sincronizado automaticamente (backup eventual apenas).
2026-08-31 11:10:14 [*] Codigo fonte mais recente que os binarios (MainWindow.g.cs 08/31/2026 11:08:00 > 08/31/2026 11:07:59). Recompilando...
2026-08-31 11:10:14 [*] Compilando Release (dotnet build -c Release)...
  Determinando os projetos a serem restaurados...
  Todos os projetos est├úo atualizados para restaura├º├úo.
  NetworkDevice.Core -> C:\SPARC\src\NetworkDevice.Core\bin\Release\net8.0\NetworkDevice.Core.dll
  NetworkDevice.Protocols -> C:\SPARC\src\NetworkDevice.Protocols\bin\Release\net8.0\NetworkDevice.Protocols.dll
  NetworkDevice.Cisco -> C:\SPARC\src\NetworkDevice.Cisco\bin\Release\net8.0\NetworkDevice.Cisco.dll
  NetworkDevice.UI -> C:\SPARC\src\NetworkDevice.UI\bin\Release\net8.0-windows\NetworkDevice.UI.dll
  NetworkDevice.Cli -> C:\SPARC\src\NetworkDevice.Cli\bin\Release\net8.0\NetworkDevice.Cli.dll
  NetworkDevice.Tests -> C:\SPARC\tests\NetworkDevice.Tests\bin\Release\net8.0\NetworkDevice.Tests.dll

Compila├º├úo com ├¬xito.
    0 Aviso(s)
    0 Erro(s)

Tempo Decorrido 00:00:01.60
2026-08-31 11:10:20 [OK] Build Release concluido com sucesso.
2026-08-31 11:10:20 [*] Iniciando C:\SPARC\src\NetworkDevice.UI\bin\Release\net8.0-windows\NetworkDevice.UI.exe
2026-08-31 11:37:56 [*] Modo local: Git nÃ£o sincronizado automaticamente (backup eventual apenas).
2026-08-31 11:37:56 [*] Codigo fonte mais recente que os binarios (MainWindow.g.cs 08/31/2026 11:14:48 > 08/31/2026 11:14:47). Recompilando...
2026-08-31 11:37:56 [*] Compilando Release (dotnet build -c Release)...
  Determinando os projetos a serem restaurados...
  Todos os projetos est├úo atualizados para restaura├º├úo.
  NetworkDevice.Core -> C:\SPARC\src\NetworkDevice.Core\bin\Release\net8.0\NetworkDevice.Core.dll
  NetworkDevice.Protocols -> C:\SPARC\src\NetworkDevice.Protocols\bin\Release\net8.0\NetworkDevice.Protocols.dll
  NetworkDevice.Cisco -> C:\SPARC\src\NetworkDevice.Cisco\bin\Release\net8.0\NetworkDevice.Cisco.dll
  NetworkDevice.UI -> C:\SPARC\src\NetworkDevice.UI\bin\Release\net8.0-windows\NetworkDevice.UI.dll
  NetworkDevice.Cli -> C:\SPARC\src\NetworkDevice.Cli\bin\Release\net8.0\NetworkDevice.Cli.dll
  NetworkDevice.Tests -> C:\SPARC\tests\NetworkDevice.Tests\bin\Release\net8.0\NetworkDevice.Tests.dll

Compila├º├úo com ├¬xito.
    0 Aviso(s)
    0 Erro(s)

Tempo Decorrido 00:00:03.39
2026-08-31 11:38:04 [OK] Build Release concluido com sucesso.
2026-08-31 11:38:04 [*] Iniciando C:\SPARC\src\NetworkDevice.UI\bin\Release\net8.0-windows\NetworkDevice.UI.exe
2026-08-31 11:58:59 [*] Atalho SPARC recriado/corrigido com icone oficial: C:\Users\User\Desktop\SPARC.lnk
2026-08-31 11:58:59 [*] Modo local: Git nÃ£o sincronizado automaticamente (backup eventual apenas).
2026-08-31 11:58:59 [*] Codigo fonte mais recente que os binarios (MainWindow.xaml 08/31/2026 11:56:02 > 08/31/2026 11:14:47). Recompilando...
2026-08-31 11:58:59 [*] Compilando Release (dotnet build -c Release)...
  Determinando os projetos a serem restaurados...
  Todos os projetos est├úo atualizados para restaura├º├úo.
  NetworkDevice.Core -> C:\SPARC\src\NetworkDevice.Core\bin\Release\net8.0\NetworkDevice.Core.dll
  NetworkDevice.Protocols -> C:\SPARC\src\NetworkDevice.Protocols\bin\Release\net8.0\NetworkDevice.Protocols.dll
  NetworkDevice.Cisco -> C:\SPARC\src\NetworkDevice.Cisco\bin\Release\net8.0\NetworkDevice.Cisco.dll
  NetworkDevice.Tests -> C:\SPARC\tests\NetworkDevice.Tests\bin\Release\net8.0\NetworkDevice.Tests.dll
  NetworkDevice.UI -> C:\SPARC\src\NetworkDevice.UI\bin\Release\net8.0-windows\NetworkDevice.UI.dll
  NetworkDevice.Cli -> C:\SPARC\src\NetworkDevice.Cli\bin\Release\net8.0\NetworkDevice.Cli.dll

Compila├º├úo com ├¬xito.
    0 Aviso(s)
    0 Erro(s)

Tempo Decorrido 00:00:05.05
2026-08-31 11:59:08 [OK] Build Release concluido com sucesso.
2026-08-31 11:59:08 [*] Iniciando C:\SPARC\src\NetworkDevice.UI\bin\Release\net8.0-windows\NetworkDevice.UI.exe
2026-08-31 12:03:20 [*] Atalho SPARC recriado/corrigido com icone oficial: C:\Users\User\Desktop\SPARC.lnk
2026-08-31 12:03:20 [*] Modo local: Git nÃ£o sincronizado automaticamente (backup eventual apenas).
2026-08-31 12:03:20 [*] Codigo fonte mais recente que os binarios (MainWindow.xaml 08/31/2026 12:02:01 > 08/31/2026 11:46:24). Recompilando...
2026-08-31 12:03:20 [*] Compilando Release (dotnet build -c Release)...
  Determinando os projetos a serem restaurados...
  Todos os projetos est├úo atualizados para restaura├º├úo.
  NetworkDevice.Core -> C:\SPARC\src\NetworkDevice.Core\bin\Release\net8.0\NetworkDevice.Core.dll
  NetworkDevice.Protocols -> C:\SPARC\src\NetworkDevice.Protocols\bin\Release\net8.0\NetworkDevice.Protocols.dll
  NetworkDevice.Cisco -> C:\SPARC\src\NetworkDevice.Cisco\bin\Release\net8.0\NetworkDevice.Cisco.dll
  NetworkDevice.UI -> C:\SPARC\src\NetworkDevice.UI\bin\Release\net8.0-windows\NetworkDevice.UI.dll
  NetworkDevice.Cli -> C:\SPARC\src\NetworkDevice.Cli\bin\Release\net8.0\NetworkDevice.Cli.dll
  NetworkDevice.Tests -> C:\SPARC\tests\NetworkDevice.Tests\bin\Release\net8.0\NetworkDevice.Tests.dll

Compila├º├úo com ├¬xito.
    0 Aviso(s)
    0 Erro(s)

Tempo Decorrido 00:00:02.73
2026-08-31 12:03:27 [OK] Build Release concluido com sucesso.
2026-08-31 12:03:27 [*] Iniciando C:\SPARC\src\NetworkDevice.UI\bin\Release\net8.0-windows\NetworkDevice.UI.exe
2026-08-31 12:09:35 [*] Atalho SPARC recriado/corrigido com icone oficial: C:\Users\User\Desktop\SPARC.lnk
2026-08-31 12:09:35 [*] Modo local: Git nÃ£o sincronizado automaticamente (backup eventual apenas).
2026-08-31 12:09:35 [*] Codigo fonte mais recente que os binarios (HpeComwareRecovery.cs 08/31/2026 12:08:16 > 08/31/2026 11:46:24). Recompilando...
2026-08-31 12:09:35 [*] Compilando Release (dotnet build -c Release)...
  Determinando os projetos a serem restaurados...
  Todos os projetos est├úo atualizados para restaura├º├úo.
C:\SPARC\src\NetworkDevice.Core\Provisioning\HostNetworkManager.cs(198,29): warning CA1416: Este site de chamada pode ser acessado em todas as plataformas. S├│ h├í suporte para 'WindowsPrincipal' em: 'windows'. (https://learn.microsoft.com/dotnet/fundamentals/code-analysis/quality-rules/ca1416) [C:\SPARC\src\NetworkDevice.Core\NetworkDevice.Core.csproj]
C:\SPARC\src\NetworkDevice.Core\Provisioning\HostNetworkManager.cs(199,20): warning CA1416: Este site de chamada pode ser acessado em todas as plataformas. S├│ h├í suporte para 'WindowsPrincipal.IsInRole(WindowsBuiltInRole)' em: 'windows'. (https://learn.microsoft.com/dotnet/fundamentals/code-analysis/quality-rules/ca1416) [C:\SPARC\src\NetworkDevice.Core\NetworkDevice.Core.csproj]
C:\SPARC\src\NetworkDevice.Core\Provisioning\HostNetworkManager.cs(197,28): warning CA1416: Este site de chamada pode ser acessado em todas as plataformas. S├│ h├í suporte para 'WindowsIdentity.GetCurrent()' em: 'windows'. (https://learn.microsoft.com/dotnet/fundamentals/code-analysis/quality-rules/ca1416) [C:\SPARC\src\NetworkDevice.Core\NetworkDevice.Core.csproj]
C:\SPARC\src\NetworkDevice.Core\Provisioning\HostNetworkManager.cs(199,39): warning CA1416: Este site de chamada pode ser acessado em todas as plataformas. S├│ h├í suporte para 'WindowsBuiltInRole.Administrator' em: 'windows'. (https://learn.microsoft.com/dotnet/fundamentals/code-analysis/quality-rules/ca1416) [C:\SPARC\src\NetworkDevice.Core\NetworkDevice.Core.csproj]
  NetworkDevice.Core -> C:\SPARC\src\NetworkDevice.Core\bin\Release\net8.0\NetworkDevice.Core.dll
  NetworkDevice.Protocols -> C:\SPARC\src\NetworkDevice.Protocols\bin\Release\net8.0\NetworkDevice.Protocols.dll
  NetworkDevice.Cisco -> C:\SPARC\src\NetworkDevice.Cisco\bin\Release\net8.0\NetworkDevice.Cisco.dll
  NetworkDevice.Tests -> C:\SPARC\tests\NetworkDevice.Tests\bin\Release\net8.0\NetworkDevice.Tests.dll
  NetworkDevice.UI -> C:\SPARC\src\NetworkDevice.UI\bin\Release\net8.0-windows\NetworkDevice.UI.dll
  NetworkDevice.Cli -> C:\SPARC\src\NetworkDevice.Cli\bin\Release\net8.0\NetworkDevice.Cli.dll

Compila├º├úo com ├¬xito.

C:\SPARC\src\NetworkDevice.Core\Provisioning\HostNetworkManager.cs(198,29): warning CA1416: Este site de chamada pode ser acessado em todas as plataformas. S├│ h├í suporte para 'WindowsPrincipal' em: 'windows'. (https://learn.microsoft.com/dotnet/fundamentals/code-analysis/quality-rules/ca1416) [C:\SPARC\src\NetworkDevice.Core\NetworkDevice.Core.csproj]
C:\SPARC\src\NetworkDevice.Core\Provisioning\HostNetworkManager.cs(199,20): warning CA1416: Este site de chamada pode ser acessado em todas as plataformas. S├│ h├í suporte para 'WindowsPrincipal.IsInRole(WindowsBuiltInRole)' em: 'windows'. (https://learn.microsoft.com/dotnet/fundamentals/code-analysis/quality-rules/ca1416) [C:\SPARC\src\NetworkDevice.Core\NetworkDevice.Core.csproj]
C:\SPARC\src\NetworkDevice.Core\Provisioning\HostNetworkManager.cs(197,28): warning CA1416: Este site de chamada pode ser acessado em todas as plataformas. S├│ h├í suporte para 'WindowsIdentity.GetCurrent()' em: 'windows'. (https://learn.microsoft.com/dotnet/fundamentals/code-analysis/quality-rules/ca1416) [C:\SPARC\src\NetworkDevice.Core\NetworkDevice.Core.csproj]
C:\SPARC\src\NetworkDevice.Core\Provisioning\HostNetworkManager.cs(199,39): warning CA1416: Este site de chamada pode ser acessado em todas as plataformas. S├│ h├í suporte para 'WindowsBuiltInRole.Administrator' em: 'windows'. (https://learn.microsoft.com/dotnet/fundamentals/code-analysis/quality-rules/ca1416) [C:\SPARC\src\NetworkDevice.Core\NetworkDevice.Core.csproj]
    4 Aviso(s)
    0 Erro(s)

Tempo Decorrido 00:00:03.39
2026-08-31 12:09:42 [OK] Build Release concluido com sucesso.
2026-08-31 12:09:42 [*] Iniciando C:\SPARC\src\NetworkDevice.UI\bin\Release\net8.0-windows\NetworkDevice.UI.exe
2026-08-31 12:16:04 [*] Atalho SPARC recriado/corrigido com icone oficial: C:\Users\User\Desktop\SPARC.lnk
2026-08-31 12:16:04 [*] Modo local: Git nÃ£o sincronizado automaticamente (backup eventual apenas).
2026-08-31 12:16:05 [*] Codigo fonte mais recente que os binarios (MainWindow.xaml.cs 08/31/2026 12:14:50 > 08/31/2026 12:09:40). Recompilando...
2026-08-31 12:16:05 [*] Compilando Release (dotnet build -c Release)...
  Determinando os projetos a serem restaurados...
  Todos os projetos est├úo atualizados para restaura├º├úo.
  NetworkDevice.Core -> C:\SPARC\src\NetworkDevice.Core\bin\Release\net8.0\NetworkDevice.Core.dll
  NetworkDevice.Protocols -> C:\SPARC\src\NetworkDevice.Protocols\bin\Release\net8.0\NetworkDevice.Protocols.dll
  NetworkDevice.Cisco -> C:\SPARC\src\NetworkDevice.Cisco\bin\Release\net8.0\NetworkDevice.Cisco.dll
  NetworkDevice.Tests -> C:\SPARC\tests\NetworkDevice.Tests\bin\Release\net8.0\NetworkDevice.Tests.dll
  NetworkDevice.UI -> C:\SPARC\src\NetworkDevice.UI\bin\Release\net8.0-windows\NetworkDevice.UI.dll
  NetworkDevice.Cli -> C:\SPARC\src\NetworkDevice.Cli\bin\Release\net8.0\NetworkDevice.Cli.dll

Compila├º├úo com ├¬xito.
    0 Aviso(s)
    0 Erro(s)

Tempo Decorrido 00:00:02.04
2026-08-31 12:16:11 [OK] Build Release concluido com sucesso.
2026-08-31 12:16:11 [*] Iniciando C:\SPARC\src\NetworkDevice.UI\bin\Release\net8.0-windows\NetworkDevice.UI.exe
2026-08-31 12:16:53 [*] Atalho SPARC recriado/corrigido com icone oficial: C:\Users\User\Desktop\SPARC.lnk
2026-08-31 12:16:53 [*] Modo local: Git nÃ£o sincronizado automaticamente (backup eventual apenas).
2026-08-31 12:16:53 [*] Codigo fonte mais recente que os binarios (MainWindow.g.cs 08/31/2026 12:16:10 > 08/31/2026 12:09:40). Recompilando...
2026-08-31 12:16:53 [*] Compilando Release (dotnet build -c Release)...
  Determinando os projetos a serem restaurados...
  Todos os projetos est├úo atualizados para restaura├º├úo.
  NetworkDevice.Core -> C:\SPARC\src\NetworkDevice.Core\bin\Release\net8.0\NetworkDevice.Core.dll
  NetworkDevice.Protocols -> C:\SPARC\src\NetworkDevice.Protocols\bin\Release\net8.0\NetworkDevice.Protocols.dll
  NetworkDevice.Cisco -> C:\SPARC\src\NetworkDevice.Cisco\bin\Release\net8.0\NetworkDevice.Cisco.dll
  NetworkDevice.Tests -> C:\SPARC\tests\NetworkDevice.Tests\bin\Release\net8.0\NetworkDevice.Tests.dll
  NetworkDevice.Cli -> C:\SPARC\src\NetworkDevice.Cli\bin\Release\net8.0\NetworkDevice.Cli.dll
  NetworkDevice.UI -> C:\SPARC\src\NetworkDevice.UI\bin\Release\net8.0-windows\NetworkDevice.UI.dll

Compila├º├úo com ├¬xito.
    0 Aviso(s)
    0 Erro(s)

Tempo Decorrido 00:00:01.35
2026-08-31 12:16:58 [OK] Build Release concluido com sucesso.
2026-08-31 12:16:58 [*] Iniciando C:\SPARC\src\NetworkDevice.UI\bin\Release\net8.0-windows\NetworkDevice.UI.exe
2026-08-31 12:20:16 [*] Atalho SPARC recriado/corrigido com icone oficial: C:\Users\User\Desktop\SPARC.lnk
2026-08-31 12:20:16 [*] Modo local: Git nÃ£o sincronizado automaticamente (backup eventual apenas).
2026-08-31 12:20:16 [*] Codigo fonte mais recente que os binarios (MainWindow.xaml 08/31/2026 12:19:06 > 08/31/2026 12:09:40). Recompilando...
2026-08-31 12:20:16 [*] Compilando Release (dotnet build -c Release)...
  Determinando os projetos a serem restaurados...
  Todos os projetos est├úo atualizados para restaura├º├úo.
  NetworkDevice.Core -> C:\SPARC\src\NetworkDevice.Core\bin\Release\net8.0\NetworkDevice.Core.dll
  NetworkDevice.Protocols -> C:\SPARC\src\NetworkDevice.Protocols\bin\Release\net8.0\NetworkDevice.Protocols.dll
  NetworkDevice.Cisco -> C:\SPARC\src\NetworkDevice.Cisco\bin\Release\net8.0\NetworkDevice.Cisco.dll
  NetworkDevice.Tests -> C:\SPARC\tests\NetworkDevice.Tests\bin\Release\net8.0\NetworkDevice.Tests.dll
  NetworkDevice.UI -> C:\SPARC\src\NetworkDevice.UI\bin\Release\net8.0-windows\NetworkDevice.UI.dll
  NetworkDevice.Cli -> C:\SPARC\src\NetworkDevice.Cli\bin\Release\net8.0\NetworkDevice.Cli.dll

Compila├º├úo com ├¬xito.
    0 Aviso(s)
    0 Erro(s)

Tempo Decorrido 00:00:02.01
2026-08-31 12:20:22 [OK] Build Release concluido com sucesso.
2026-08-31 12:20:22 [*] Iniciando C:\SPARC\src\NetworkDevice.UI\bin\Release\net8.0-windows\NetworkDevice.UI.exe
2026-08-31 12:20:58 [*] Atalho SPARC recriado/corrigido com icone oficial: C:\Users\User\Desktop\SPARC.lnk
2026-08-31 12:20:58 [*] Modo local: Git nÃ£o sincronizado automaticamente (backup eventual apenas).
2026-08-31 12:20:58 [*] Codigo fonte mais recente que os binarios (MainWindow.g.cs 08/31/2026 12:20:21 > 08/31/2026 12:09:40). Recompilando...
2026-08-31 12:20:58 [*] Compilando Release (dotnet build -c Release)...
  Determinando os projetos a serem restaurados...
  Todos os projetos est├úo atualizados para restaura├º├úo.
  NetworkDevice.Core -> C:\SPARC\src\NetworkDevice.Core\bin\Release\net8.0\NetworkDevice.Core.dll
  NetworkDevice.Protocols -> C:\SPARC\src\NetworkDevice.Protocols\bin\Release\net8.0\NetworkDevice.Protocols.dll
  NetworkDevice.Cisco -> C:\SPARC\src\NetworkDevice.Cisco\bin\Release\net8.0\NetworkDevice.Cisco.dll
  NetworkDevice.Tests -> C:\SPARC\tests\NetworkDevice.Tests\bin\Release\net8.0\NetworkDevice.Tests.dll
  NetworkDevice.UI -> C:\SPARC\src\NetworkDevice.UI\bin\Release\net8.0-windows\NetworkDevice.UI.dll
  NetworkDevice.Cli -> C:\SPARC\src\NetworkDevice.Cli\bin\Release\net8.0\NetworkDevice.Cli.dll

Compila├º├úo com ├¬xito.
    0 Aviso(s)
    0 Erro(s)

Tempo Decorrido 00:00:01.41
2026-08-31 12:21:05 [OK] Build Release concluido com sucesso.
2026-08-31 12:21:05 [*] Iniciando C:\SPARC\src\NetworkDevice.UI\bin\Release\net8.0-windows\NetworkDevice.UI.exe
2026-08-31 12:21:33 [*] Atalho SPARC recriado/corrigido com icone oficial: C:\Users\User\Desktop\SPARC.lnk
2026-08-31 12:21:33 [*] Modo local: Git nÃ£o sincronizado automaticamente (backup eventual apenas).
2026-08-31 12:21:33 [*] Codigo fonte mais recente que os binarios (MainWindow.g.cs 08/31/2026 12:20:21 > 08/31/2026 12:09:40). Recompilando...
2026-08-31 12:21:33 [*] Compilando Release (dotnet build -c Release)...
  Determinando os projetos a serem restaurados...
  Todos os projetos est├úo atualizados para restaura├º├úo.
  NetworkDevice.Core -> C:\SPARC\src\NetworkDevice.Core\bin\Release\net8.0\NetworkDevice.Core.dll
  NetworkDevice.Protocols -> C:\SPARC\src\NetworkDevice.Protocols\bin\Release\net8.0\NetworkDevice.Protocols.dll
  NetworkDevice.Cisco -> C:\SPARC\src\NetworkDevice.Cisco\bin\Release\net8.0\NetworkDevice.Cisco.dll
  NetworkDevice.UI -> C:\SPARC\src\NetworkDevice.UI\bin\Release\net8.0-windows\NetworkDevice.UI.dll
  NetworkDevice.Cli -> C:\SPARC\src\NetworkDevice.Cli\bin\Release\net8.0\NetworkDevice.Cli.dll
  NetworkDevice.Tests -> C:\SPARC\tests\NetworkDevice.Tests\bin\Release\net8.0\NetworkDevice.Tests.dll

Compila├º├úo com ├¬xito.
    0 Aviso(s)
    0 Erro(s)

Tempo Decorrido 00:00:01.33
2026-08-31 12:21:39 [OK] Build Release concluido com sucesso.
2026-08-31 12:21:39 [*] Iniciando C:\SPARC\src\NetworkDevice.UI\bin\Release\net8.0-windows\NetworkDevice.UI.exe
2026-08-31 12:45:19 [*] Atalho SPARC recriado/corrigido com icone oficial: C:\Users\User\Desktop\SPARC.lnk
2026-08-31 12:45:19 [*] Modo local: Git nÃ£o sincronizado automaticamente (backup eventual apenas).
2026-08-31 12:45:19 [*] Codigo fonte mais recente que os binarios (MainWindow.xaml.cs 08/31/2026 12:24:08 > 08/31/2026 12:09:40). Recompilando...
2026-08-31 12:45:19 [*] Compilando Release (dotnet build -c Release)...
  Determinando os projetos a serem restaurados...
  Todos os projetos est├úo atualizados para restaura├º├úo.
  NetworkDevice.Core -> C:\SPARC\src\NetworkDevice.Core\bin\Release\net8.0\NetworkDevice.Core.dll
  NetworkDevice.Protocols -> C:\SPARC\src\NetworkDevice.Protocols\bin\Release\net8.0\NetworkDevice.Protocols.dll
  NetworkDevice.Cisco -> C:\SPARC\src\NetworkDevice.Cisco\bin\Release\net8.0\NetworkDevice.Cisco.dll
  NetworkDevice.UI -> C:\SPARC\src\NetworkDevice.UI\bin\Release\net8.0-windows\NetworkDevice.UI.dll
  NetworkDevice.Cli -> C:\SPARC\src\NetworkDevice.Cli\bin\Release\net8.0\NetworkDevice.Cli.dll
  NetworkDevice.Tests -> C:\SPARC\tests\NetworkDevice.Tests\bin\Release\net8.0\NetworkDevice.Tests.dll

Compila├º├úo com ├¬xito.
    0 Aviso(s)
    0 Erro(s)

Tempo Decorrido 00:00:06.01
2026-08-31 12:45:28 [OK] Build Release concluido com sucesso.
2026-08-31 12:45:28 [*] Iniciando C:\SPARC\src\NetworkDevice.UI\bin\Release\net8.0-windows\NetworkDevice.UI.exe
2026-08-31 12:53:39 [*] Atalho SPARC recriado/corrigido com icone oficial: C:\Users\User\Desktop\SPARC.lnk
2026-08-31 12:53:39 [*] Modo local: Git nÃ£o sincronizado automaticamente (backup eventual apenas).
2026-08-31 12:53:39 [*] Codigo fonte mais recente que os binarios (HpeComwareRecovery.cs 08/31/2026 12:52:33 > 08/31/2026 12:09:40). Recompilando...
2026-08-31 12:53:39 [*] Compilando Release (dotnet build -c Release)...
  Determinando os projetos a serem restaurados...
  Todos os projetos est├úo atualizados para restaura├º├úo.
C:\SPARC\src\NetworkDevice.Core\Provisioning\HostNetworkManager.cs(199,39): warning CA1416: Este site de chamada pode ser acessado em todas as plataformas. S├│ h├í suporte para 'WindowsBuiltInRole.Administrator' em: 'windows'. (https://learn.microsoft.com/dotnet/fundamentals/code-analysis/quality-rules/ca1416) [C:\SPARC\src\NetworkDevice.Core\NetworkDevice.Core.csproj]
C:\SPARC\src\NetworkDevice.Core\Provisioning\HostNetworkManager.cs(199,20): warning CA1416: Este site de chamada pode ser acessado em todas as plataformas. S├│ h├í suporte para 'WindowsPrincipal.IsInRole(WindowsBuiltInRole)' em: 'windows'. (https://learn.microsoft.com/dotnet/fundamentals/code-analysis/quality-rules/ca1416) [C:\SPARC\src\NetworkDevice.Core\NetworkDevice.Core.csproj]
C:\SPARC\src\NetworkDevice.Core\Provisioning\HostNetworkManager.cs(197,28): warning CA1416: Este site de chamada pode ser acessado em todas as plataformas. S├│ h├í suporte para 'WindowsIdentity.GetCurrent()' em: 'windows'. (https://learn.microsoft.com/dotnet/fundamentals/code-analysis/quality-rules/ca1416) [C:\SPARC\src\NetworkDevice.Core\NetworkDevice.Core.csproj]
C:\SPARC\src\NetworkDevice.Core\Provisioning\HostNetworkManager.cs(198,29): warning CA1416: Este site de chamada pode ser acessado em todas as plataformas. S├│ h├í suporte para 'WindowsPrincipal' em: 'windows'. (https://learn.microsoft.com/dotnet/fundamentals/code-analysis/quality-rules/ca1416) [C:\SPARC\src\NetworkDevice.Core\NetworkDevice.Core.csproj]
  NetworkDevice.Core -> C:\SPARC\src\NetworkDevice.Core\bin\Release\net8.0\NetworkDevice.Core.dll
  NetworkDevice.Protocols -> C:\SPARC\src\NetworkDevice.Protocols\bin\Release\net8.0\NetworkDevice.Protocols.dll
  NetworkDevice.Cisco -> C:\SPARC\src\NetworkDevice.Cisco\bin\Release\net8.0\NetworkDevice.Cisco.dll
C:\SPARC\src\NetworkDevice.UI\MainWindow.xaml.cs(659,17): warning CS4014: Como esta chamada n├úo ├® aguardada, a execu├º├úo do m├®todo atual continua antes da conclus├úo da chamada. Considere aplicar o operador 'await' ao resultado da chamada. [C:\SPARC\src\NetworkDevice.UI\NetworkDevice.UI.csproj]
  NetworkDevice.UI -> C:\SPARC\src\NetworkDevice.UI\bin\Release\net8.0-windows\NetworkDevice.UI.dll
  NetworkDevice.Tests -> C:\SPARC\tests\NetworkDevice.Tests\bin\Release\net8.0\NetworkDevice.Tests.dll
  NetworkDevice.Cli -> C:\SPARC\src\NetworkDevice.Cli\bin\Release\net8.0\NetworkDevice.Cli.dll

Compila├º├úo com ├¬xito.

C:\SPARC\src\NetworkDevice.Core\Provisioning\HostNetworkManager.cs(199,39): warning CA1416: Este site de chamada pode ser acessado em todas as plataformas. S├│ h├í suporte para 'WindowsBuiltInRole.Administrator' em: 'windows'. (https://learn.microsoft.com/dotnet/fundamentals/code-analysis/quality-rules/ca1416) [C:\SPARC\src\NetworkDevice.Core\NetworkDevice.Core.csproj]
C:\SPARC\src\NetworkDevice.Core\Provisioning\HostNetworkManager.cs(199,20): warning CA1416: Este site de chamada pode ser acessado em todas as plataformas. S├│ h├í suporte para 'WindowsPrincipal.IsInRole(WindowsBuiltInRole)' em: 'windows'. (https://learn.microsoft.com/dotnet/fundamentals/code-analysis/quality-rules/ca1416) [C:\SPARC\src\NetworkDevice.Core\NetworkDevice.Core.csproj]
C:\SPARC\src\NetworkDevice.Core\Provisioning\HostNetworkManager.cs(197,28): warning CA1416: Este site de chamada pode ser acessado em todas as plataformas. S├│ h├í suporte para 'WindowsIdentity.GetCurrent()' em: 'windows'. (https://learn.microsoft.com/dotnet/fundamentals/code-analysis/quality-rules/ca1416) [C:\SPARC\src\NetworkDevice.Core\NetworkDevice.Core.csproj]
C:\SPARC\src\NetworkDevice.Core\Provisioning\HostNetworkManager.cs(198,29): warning CA1416: Este site de chamada pode ser acessado em todas as plataformas. S├│ h├í suporte para 'WindowsPrincipal' em: 'windows'. (https://learn.microsoft.com/dotnet/fundamentals/code-analysis/quality-rules/ca1416) [C:\SPARC\src\NetworkDevice.Core\NetworkDevice.Core.csproj]
C:\SPARC\src\NetworkDevice.UI\MainWindow.xaml.cs(659,17): warning CS4014: Como esta chamada n├úo ├® aguardada, a execu├º├úo do m├®todo atual continua antes da conclus├úo da chamada. Considere aplicar o operador 'await' ao resultado da chamada. [C:\SPARC\src\NetworkDevice.UI\NetworkDevice.UI.csproj]
    5 Aviso(s)
    0 Erro(s)

Tempo Decorrido 00:00:05.11
2026-08-31 12:53:47 [OK] Build Release concluido com sucesso.
2026-08-31 12:53:47 [*] Iniciando C:\SPARC\src\NetworkDevice.UI\bin\Release\net8.0-windows\NetworkDevice.UI.exe
2026-08-31 12:58:04 [*] Atalho SPARC recriado/corrigido com icone oficial: C:\Users\User\Desktop\SPARC.lnk
2026-08-31 12:58:04 [*] Modo local: Git nÃ£o sincronizado automaticamente (backup eventual apenas).
2026-08-31 12:58:04 [*] Codigo fonte mais recente que os binarios (MainWindow.xaml.cs 08/31/2026 12:56:55 > 08/31/2026 12:53:44). Recompilando...
2026-08-31 12:58:04 [*] Compilando Release (dotnet build -c Release)...
  Determinando os projetos a serem restaurados...
  Todos os projetos est├úo atualizados para restaura├º├úo.
  NetworkDevice.Core -> C:\SPARC\src\NetworkDevice.Core\bin\Release\net8.0\NetworkDevice.Core.dll
  NetworkDevice.Protocols -> C:\SPARC\src\NetworkDevice.Protocols\bin\Release\net8.0\NetworkDevice.Protocols.dll
  NetworkDevice.Cisco -> C:\SPARC\src\NetworkDevice.Cisco\bin\Release\net8.0\NetworkDevice.Cisco.dll
  NetworkDevice.Tests -> C:\SPARC\tests\NetworkDevice.Tests\bin\Release\net8.0\NetworkDevice.Tests.dll
C:\SPARC\src\NetworkDevice.UI\MainWindow.xaml.cs(549,37): error CS0246: O nome do tipo ou do namespace "StringBuilder" n├úo pode ser encontrado (est├í faltando uma diretiva using ou uma refer├¬ncia de assembly?) [C:\SPARC\src\NetworkDevice.UI\NetworkDevice.UI.csproj]
C:\SPARC\src\NetworkDevice.UI\MainWindow.xaml.cs(554,40): error CS0103: O nome "Encoding" n├úo existe no contexto atual [C:\SPARC\src\NetworkDevice.UI\NetworkDevice.UI.csproj]
C:\SPARC\src\NetworkDevice.UI\MainWindow.xaml.cs(562,33): error CS0103: O nome "Encoding" n├úo existe no contexto atual [C:\SPARC\src\NetworkDevice.UI\NetworkDevice.UI.csproj]
C:\SPARC\src\NetworkDevice.UI\MainWindow.xaml.cs(562,25): error CS0815: N├úo ├® poss├¡vel atribuir void a uma vari├ível de tipo impl├¡cito [C:\SPARC\src\NetworkDevice.UI\NetworkDevice.UI.csproj]
C:\SPARC\src\NetworkDevice.UI\MainWindow.xaml.cs(583,44): error CS0103: O nome "Encoding" n├úo existe no contexto atual [C:\SPARC\src\NetworkDevice.UI\NetworkDevice.UI.csproj]
C:\SPARC\src\NetworkDevice.UI\MainWindow.xaml.cs(589,33): error CS0103: O nome "Encoding" n├úo existe no contexto atual [C:\SPARC\src\NetworkDevice.UI\NetworkDevice.UI.csproj]
C:\SPARC\src\NetworkDevice.UI\MainWindow.xaml.cs(589,25): error CS0815: N├úo ├® poss├¡vel atribuir void a uma vari├ível de tipo impl├¡cito [C:\SPARC\src\NetworkDevice.UI\NetworkDevice.UI.csproj]
  NetworkDevice.Cli -> C:\SPARC\src\NetworkDevice.Cli\bin\Release\net8.0\NetworkDevice.Cli.dll

FALHA da compila├º├úo.

C:\SPARC\src\NetworkDevice.UI\MainWindow.xaml.cs(549,37): error CS0246: O nome do tipo ou do namespace "StringBuilder" n├úo pode ser encontrado (est├í faltando uma diretiva using ou uma refer├¬ncia de assembly?) [C:\SPARC\src\NetworkDevice.UI\NetworkDevice.UI.csproj]
C:\SPARC\src\NetworkDevice.UI\MainWindow.xaml.cs(554,40): error CS0103: O nome "Encoding" n├úo existe no contexto atual [C:\SPARC\src\NetworkDevice.UI\NetworkDevice.UI.csproj]
C:\SPARC\src\NetworkDevice.UI\MainWindow.xaml.cs(562,33): error CS0103: O nome "Encoding" n├úo existe no contexto atual [C:\SPARC\src\NetworkDevice.UI\NetworkDevice.UI.csproj]
C:\SPARC\src\NetworkDevice.UI\MainWindow.xaml.cs(562,25): error CS0815: N├úo ├® poss├¡vel atribuir void a uma vari├ível de tipo impl├¡cito [C:\SPARC\src\NetworkDevice.UI\NetworkDevice.UI.csproj]
C:\SPARC\src\NetworkDevice.UI\MainWindow.xaml.cs(583,44): error CS0103: O nome "Encoding" n├úo existe no contexto atual [C:\SPARC\src\NetworkDevice.UI\NetworkDevice.UI.csproj]
C:\SPARC\src\NetworkDevice.UI\MainWindow.xaml.cs(589,33): error CS0103: O nome "Encoding" n├úo existe no contexto atual [C:\SPARC\src\NetworkDevice.UI\NetworkDevice.UI.csproj]
C:\SPARC\src\NetworkDevice.UI\MainWindow.xaml.cs(589,25): error CS0815: N├úo ├® poss├¡vel atribuir void a uma vari├ível de tipo impl├¡cito [C:\SPARC\src\NetworkDevice.UI\NetworkDevice.UI.csproj]
    0 Aviso(s)
    7 Erro(s)

Tempo Decorrido 00:00:01.83
2026-08-31 12:58:11 [*] Nova tentativa de compilacao Release...
  Determinando os projetos a serem restaurados...
  Todos os projetos est├úo atualizados para restaura├º├úo.
  NetworkDevice.Core -> C:\SPARC\src\NetworkDevice.Core\bin\Release\net8.0\NetworkDevice.Core.dll
  NetworkDevice.Protocols -> C:\SPARC\src\NetworkDevice.Protocols\bin\Release\net8.0\NetworkDevice.Protocols.dll
  NetworkDevice.Cisco -> C:\SPARC\src\NetworkDevice.Cisco\bin\Release\net8.0\NetworkDevice.Cisco.dll
  NetworkDevice.Tests -> C:\SPARC\tests\NetworkDevice.Tests\bin\Release\net8.0\NetworkDevice.Tests.dll
C:\SPARC\src\NetworkDevice.UI\MainWindow.xaml.cs(549,37): error CS0246: O nome do tipo ou do namespace "StringBuilder" n├úo pode ser encontrado (est├í faltando uma diretiva using ou uma refer├¬ncia de assembly?) [C:\SPARC\src\NetworkDevice.UI\NetworkDevice.UI.csproj]
C:\SPARC\src\NetworkDevice.UI\MainWindow.xaml.cs(554,40): error CS0103: O nome "Encoding" n├úo existe no contexto atual [C:\SPARC\src\NetworkDevice.UI\NetworkDevice.UI.csproj]
C:\SPARC\src\NetworkDevice.UI\MainWindow.xaml.cs(562,33): error CS0103: O nome "Encoding" n├úo existe no contexto atual [C:\SPARC\src\NetworkDevice.UI\NetworkDevice.UI.csproj]
C:\SPARC\src\NetworkDevice.UI\MainWindow.xaml.cs(562,25): error CS0815: N├úo ├® poss├¡vel atribuir void a uma vari├ível de tipo impl├¡cito [C:\SPARC\src\NetworkDevice.UI\NetworkDevice.UI.csproj]
C:\SPARC\src\NetworkDevice.UI\MainWindow.xaml.cs(583,44): error CS0103: O nome "Encoding" n├úo existe no contexto atual [C:\SPARC\src\NetworkDevice.UI\NetworkDevice.UI.csproj]
C:\SPARC\src\NetworkDevice.UI\MainWindow.xaml.cs(589,33): error CS0103: O nome "Encoding" n├úo existe no contexto atual [C:\SPARC\src\NetworkDevice.UI\NetworkDevice.UI.csproj]
C:\SPARC\src\NetworkDevice.UI\MainWindow.xaml.cs(589,25): error CS0815: N├úo ├® poss├¡vel atribuir void a uma vari├ível de tipo impl├¡cito [C:\SPARC\src\NetworkDevice.UI\NetworkDevice.UI.csproj]
  NetworkDevice.Cli -> C:\SPARC\src\NetworkDevice.Cli\bin\Release\net8.0\NetworkDevice.Cli.dll

FALHA da compila├º├úo.

C:\SPARC\src\NetworkDevice.UI\MainWindow.xaml.cs(549,37): error CS0246: O nome do tipo ou do namespace "StringBuilder" n├úo pode ser encontrado (est├í faltando uma diretiva using ou uma refer├¬ncia de assembly?) [C:\SPARC\src\NetworkDevice.UI\NetworkDevice.UI.csproj]
C:\SPARC\src\NetworkDevice.UI\MainWindow.xaml.cs(554,40): error CS0103: O nome "Encoding" n├úo existe no contexto atual [C:\SPARC\src\NetworkDevice.UI\NetworkDevice.UI.csproj]
C:\SPARC\src\NetworkDevice.UI\MainWindow.xaml.cs(562,33): error CS0103: O nome "Encoding" n├úo existe no contexto atual [C:\SPARC\src\NetworkDevice.UI\NetworkDevice.UI.csproj]
C:\SPARC\src\NetworkDevice.UI\MainWindow.xaml.cs(562,25): error CS0815: N├úo ├® poss├¡vel atribuir void a uma vari├ível de tipo impl├¡cito [C:\SPARC\src\NetworkDevice.UI\NetworkDevice.UI.csproj]
C:\SPARC\src\NetworkDevice.UI\MainWindow.xaml.cs(583,44): error CS0103: O nome "Encoding" n├úo existe no contexto atual [C:\SPARC\src\NetworkDevice.UI\NetworkDevice.UI.csproj]
C:\SPARC\src\NetworkDevice.UI\MainWindow.xaml.cs(589,33): error CS0103: O nome "Encoding" n├úo existe no contexto atual [C:\SPARC\src\NetworkDevice.UI\NetworkDevice.UI.csproj]
C:\SPARC\src\NetworkDevice.UI\MainWindow.xaml.cs(589,25): error CS0815: N├úo ├® poss├¡vel atribuir void a uma vari├ível de tipo impl├¡cito [C:\SPARC\src\NetworkDevice.UI\NetworkDevice.UI.csproj]
    0 Aviso(s)
    7 Erro(s)

Tempo Decorrido 00:00:01.82
2026-08-31 12:58:15 [ERRO] Falha na compilacao Release (exit 1).
2026-08-31 12:58:24 [*] Atalho SPARC recriado/corrigido com icone oficial: C:\Users\User\Desktop\SPARC.lnk
2026-08-31 12:58:24 [*] Modo local: Git nÃ£o sincronizado automaticamente (backup eventual apenas).
2026-08-31 12:58:24 [*] Codigo fonte mais recente que os binarios (MainWindow.xaml.cs 08/31/2026 12:56:55 > 08/31/2026 12:53:44). Recompilando...
2026-08-31 12:58:24 [*] Compilando Release (dotnet build -c Release)...
  Determinando os projetos a serem restaurados...
  Todos os projetos est├úo atualizados para restaura├º├úo.
  NetworkDevice.Core -> C:\SPARC\src\NetworkDevice.Core\bin\Release\net8.0\NetworkDevice.Core.dll
  NetworkDevice.Protocols -> C:\SPARC\src\NetworkDevice.Protocols\bin\Release\net8.0\NetworkDevice.Protocols.dll
  NetworkDevice.Cisco -> C:\SPARC\src\NetworkDevice.Cisco\bin\Release\net8.0\NetworkDevice.Cisco.dll
  NetworkDevice.Cli -> C:\SPARC\src\NetworkDevice.Cli\bin\Release\net8.0\NetworkDevice.Cli.dll
C:\SPARC\src\NetworkDevice.UI\MainWindow.xaml.cs(549,37): error CS0246: O nome do tipo ou do namespace "StringBuilder" n├úo pode ser encontrado (est├í faltando uma diretiva using ou uma refer├¬ncia de assembly?) [C:\SPARC\src\NetworkDevice.UI\NetworkDevice.UI.csproj]
C:\SPARC\src\NetworkDevice.UI\MainWindow.xaml.cs(554,40): error CS0103: O nome "Encoding" n├úo existe no contexto atual [C:\SPARC\src\NetworkDevice.UI\NetworkDevice.UI.csproj]
C:\SPARC\src\NetworkDevice.UI\MainWindow.xaml.cs(562,33): error CS0103: O nome "Encoding" n├úo existe no contexto atual [C:\SPARC\src\NetworkDevice.UI\NetworkDevice.UI.csproj]
C:\SPARC\src\NetworkDevice.UI\MainWindow.xaml.cs(562,25): error CS0815: N├úo ├® poss├¡vel atribuir void a uma vari├ível de tipo impl├¡cito [C:\SPARC\src\NetworkDevice.UI\NetworkDevice.UI.csproj]
C:\SPARC\src\NetworkDevice.UI\MainWindow.xaml.cs(583,44): error CS0103: O nome "Encoding" n├úo existe no contexto atual [C:\SPARC\src\NetworkDevice.UI\NetworkDevice.UI.csproj]
C:\SPARC\src\NetworkDevice.UI\MainWindow.xaml.cs(589,33): error CS0103: O nome "Encoding" n├úo existe no contexto atual [C:\SPARC\src\NetworkDevice.UI\NetworkDevice.UI.csproj]
C:\SPARC\src\NetworkDevice.UI\MainWindow.xaml.cs(589,25): error CS0815: N├úo ├® poss├¡vel atribuir void a uma vari├ível de tipo impl├¡cito [C:\SPARC\src\NetworkDevice.UI\NetworkDevice.UI.csproj]
  NetworkDevice.Tests -> C:\SPARC\tests\NetworkDevice.Tests\bin\Release\net8.0\NetworkDevice.Tests.dll

FALHA da compila├º├úo.

C:\SPARC\src\NetworkDevice.UI\MainWindow.xaml.cs(549,37): error CS0246: O nome do tipo ou do namespace "StringBuilder" n├úo pode ser encontrado (est├í faltando uma diretiva using ou uma refer├¬ncia de assembly?) [C:\SPARC\src\NetworkDevice.UI\NetworkDevice.UI.csproj]
C:\SPARC\src\NetworkDevice.UI\MainWindow.xaml.cs(554,40): error CS0103: O nome "Encoding" n├úo existe no contexto atual [C:\SPARC\src\NetworkDevice.UI\NetworkDevice.UI.csproj]
C:\SPARC\src\NetworkDevice.UI\MainWindow.xaml.cs(562,33): error CS0103: O nome "Encoding" n├úo existe no contexto atual [C:\SPARC\src\NetworkDevice.UI\NetworkDevice.UI.csproj]
C:\SPARC\src\NetworkDevice.UI\MainWindow.xaml.cs(562,25): error CS0815: N├úo ├® poss├¡vel atribuir void a uma vari├ível de tipo impl├¡cito [C:\SPARC\src\NetworkDevice.UI\NetworkDevice.UI.csproj]
C:\SPARC\src\NetworkDevice.UI\MainWindow.xaml.cs(583,44): error CS0103: O nome "Encoding" n├úo existe no contexto atual [C:\SPARC\src\NetworkDevice.UI\NetworkDevice.UI.csproj]
C:\SPARC\src\NetworkDevice.UI\MainWindow.xaml.cs(589,33): error CS0103: O nome "Encoding" n├úo existe no contexto atual [C:\SPARC\src\NetworkDevice.UI\NetworkDevice.UI.csproj]
C:\SPARC\src\NetworkDevice.UI\MainWindow.xaml.cs(589,25): error CS0815: N├úo ├® poss├¡vel atribuir void a uma vari├ível de tipo impl├¡cito [C:\SPARC\src\NetworkDevice.UI\NetworkDevice.UI.csproj]
    0 Aviso(s)
    7 Erro(s)

Tempo Decorrido 00:00:01.82
2026-08-31 12:58:29 [*] Nova tentativa de compilacao Release...
  Determinando os projetos a serem restaurados...
  Todos os projetos est├úo atualizados para restaura├º├úo.
  NetworkDevice.Core -> C:\SPARC\src\NetworkDevice.Core\bin\Release\net8.0\NetworkDevice.Core.dll
  NetworkDevice.Protocols -> C:\SPARC\src\NetworkDevice.Protocols\bin\Release\net8.0\NetworkDevice.Protocols.dll
  NetworkDevice.Cisco -> C:\SPARC\src\NetworkDevice.Cisco\bin\Release\net8.0\NetworkDevice.Cisco.dll
  NetworkDevice.Tests -> C:\SPARC\tests\NetworkDevice.Tests\bin\Release\net8.0\NetworkDevice.Tests.dll
C:\SPARC\src\NetworkDevice.UI\MainWindow.xaml.cs(549,37): error CS0246: O nome do tipo ou do namespace "StringBuilder" n├úo pode ser encontrado (est├í faltando uma diretiva using ou uma refer├¬ncia de assembly?) [C:\SPARC\src\NetworkDevice.UI\NetworkDevice.UI.csproj]
C:\SPARC\src\NetworkDevice.UI\MainWindow.xaml.cs(554,40): error CS0103: O nome "Encoding" n├úo existe no contexto atual [C:\SPARC\src\NetworkDevice.UI\NetworkDevice.UI.csproj]
C:\SPARC\src\NetworkDevice.UI\MainWindow.xaml.cs(562,33): error CS0103: O nome "Encoding" n├úo existe no contexto atual [C:\SPARC\src\NetworkDevice.UI\NetworkDevice.UI.csproj]
C:\SPARC\src\NetworkDevice.UI\MainWindow.xaml.cs(562,25): error CS0815: N├úo ├® poss├¡vel atribuir void a uma vari├ível de tipo impl├¡cito [C:\SPARC\src\NetworkDevice.UI\NetworkDevice.UI.csproj]
C:\SPARC\src\NetworkDevice.UI\MainWindow.xaml.cs(583,44): error CS0103: O nome "Encoding" n├úo existe no contexto atual [C:\SPARC\src\NetworkDevice.UI\NetworkDevice.UI.csproj]
C:\SPARC\src\NetworkDevice.UI\MainWindow.xaml.cs(589,33): error CS0103: O nome "Encoding" n├úo existe no contexto atual [C:\SPARC\src\NetworkDevice.UI\NetworkDevice.UI.csproj]
C:\SPARC\src\NetworkDevice.UI\MainWindow.xaml.cs(589,25): error CS0815: N├úo ├® poss├¡vel atribuir void a uma vari├ível de tipo impl├¡cito [C:\SPARC\src\NetworkDevice.UI\NetworkDevice.UI.csproj]
  NetworkDevice.Cli -> C:\SPARC\src\NetworkDevice.Cli\bin\Release\net8.0\NetworkDevice.Cli.dll

FALHA da compila├º├úo.

C:\SPARC\src\NetworkDevice.UI\MainWindow.xaml.cs(549,37): error CS0246: O nome do tipo ou do namespace "StringBuilder" n├úo pode ser encontrado (est├í faltando uma diretiva using ou uma refer├¬ncia de assembly?) [C:\SPARC\src\NetworkDevice.UI\NetworkDevice.UI.csproj]
C:\SPARC\src\NetworkDevice.UI\MainWindow.xaml.cs(554,40): error CS0103: O nome "Encoding" n├úo existe no contexto atual [C:\SPARC\src\NetworkDevice.UI\NetworkDevice.UI.csproj]
C:\SPARC\src\NetworkDevice.UI\MainWindow.xaml.cs(562,33): error CS0103: O nome "Encoding" n├úo existe no contexto atual [C:\SPARC\src\NetworkDevice.UI\NetworkDevice.UI.csproj]
C:\SPARC\src\NetworkDevice.UI\MainWindow.xaml.cs(562,25): error CS0815: N├úo ├® poss├¡vel atribuir void a uma vari├ível de tipo impl├¡cito [C:\SPARC\src\NetworkDevice.UI\NetworkDevice.UI.csproj]
C:\SPARC\src\NetworkDevice.UI\MainWindow.xaml.cs(583,44): error CS0103: O nome "Encoding" n├úo existe no contexto atual [C:\SPARC\src\NetworkDevice.UI\NetworkDevice.UI.csproj]
C:\SPARC\src\NetworkDevice.UI\MainWindow.xaml.cs(589,33): error CS0103: O nome "Encoding" n├úo existe no contexto atual [C:\SPARC\src\NetworkDevice.UI\NetworkDevice.UI.csproj]
C:\SPARC\src\NetworkDevice.UI\MainWindow.xaml.cs(589,25): error CS0815: N├úo ├® poss├¡vel atribuir void a uma vari├ível de tipo impl├¡cito [C:\SPARC\src\NetworkDevice.UI\NetworkDevice.UI.csproj]
    0 Aviso(s)
    7 Erro(s)

Tempo Decorrido 00:00:01.79
2026-08-31 12:58:32 [ERRO] Falha na compilacao Release (exit 1).
2026-08-31 13:01:01 [*] Atalho SPARC recriado/corrigido com icone oficial: C:\Users\User\Desktop\SPARC.lnk
2026-08-31 13:01:01 [*] Modo local: Git nÃ£o sincronizado automaticamente (backup eventual apenas).
2026-08-31 13:01:01 [*] Codigo fonte mais recente que os binarios (MainWindow.xaml.cs 08/31/2026 12:59:50 > 08/31/2026 12:53:44). Recompilando...
2026-08-31 13:01:01 [*] Compilando Release (dotnet build -c Release)...
  Determinando os projetos a serem restaurados...
  Todos os projetos est├úo atualizados para restaura├º├úo.
  NetworkDevice.Core -> C:\SPARC\src\NetworkDevice.Core\bin\Release\net8.0\NetworkDevice.Core.dll
  NetworkDevice.Protocols -> C:\SPARC\src\NetworkDevice.Protocols\bin\Release\net8.0\NetworkDevice.Protocols.dll
  NetworkDevice.Cisco -> C:\SPARC\src\NetworkDevice.Cisco\bin\Release\net8.0\NetworkDevice.Cisco.dll
  NetworkDevice.UI -> C:\SPARC\src\NetworkDevice.UI\bin\Release\net8.0-windows\NetworkDevice.UI.dll
  NetworkDevice.Cli -> C:\SPARC\src\NetworkDevice.Cli\bin\Release\net8.0\NetworkDevice.Cli.dll
  NetworkDevice.Tests -> C:\SPARC\tests\NetworkDevice.Tests\bin\Release\net8.0\NetworkDevice.Tests.dll

Compila├º├úo com ├¬xito.
    0 Aviso(s)
    0 Erro(s)

Tempo Decorrido 00:00:01.32
2026-08-31 13:01:06 [OK] Build Release concluido com sucesso.
2026-08-31 13:01:06 [*] Iniciando C:\SPARC\src\NetworkDevice.UI\bin\Release\net8.0-windows\NetworkDevice.UI.exe
2026-08-31 13:06:31 [*] Atalho SPARC recriado/corrigido com icone oficial: C:\Users\User\Desktop\SPARC.lnk
2026-08-31 13:06:31 [*] Modo local: Git nÃ£o sincronizado automaticamente (backup eventual apenas).
2026-08-31 13:06:32 [*] Codigo fonte mais recente que os binarios (MainWindow.xaml.cs 08/31/2026 13:03:26 > 08/31/2026 12:53:44). Recompilando...
2026-08-31 13:06:32 [*] Compilando Release (dotnet build -c Release)...
  Determinando os projetos a serem restaurados...
  Todos os projetos est├úo atualizados para restaura├º├úo.
  NetworkDevice.Core -> C:\SPARC\src\NetworkDevice.Core\bin\Release\net8.0\NetworkDevice.Core.dll
  NetworkDevice.Protocols -> C:\SPARC\src\NetworkDevice.Protocols\bin\Release\net8.0\NetworkDevice.Protocols.dll
  NetworkDevice.Cisco -> C:\SPARC\src\NetworkDevice.Cisco\bin\Release\net8.0\NetworkDevice.Cisco.dll
  NetworkDevice.UI -> C:\SPARC\src\NetworkDevice.UI\bin\Release\net8.0-windows\NetworkDevice.UI.dll
  NetworkDevice.Cli -> C:\SPARC\src\NetworkDevice.Cli\bin\Release\net8.0\NetworkDevice.Cli.dll
  NetworkDevice.Tests -> C:\SPARC\tests\NetworkDevice.Tests\bin\Release\net8.0\NetworkDevice.Tests.dll

Compila├º├úo com ├¬xito.
    0 Aviso(s)
    0 Erro(s)

Tempo Decorrido 00:00:01.32
2026-08-31 13:06:36 [OK] Build Release concluido com sucesso.
2026-08-31 13:06:36 [*] Iniciando C:\SPARC\src\NetworkDevice.UI\bin\Release\net8.0-windows\NetworkDevice.UI.exe
2026-08-31 13:11:57 [*] Atalho SPARC recriado/corrigido com icone oficial: C:\Users\User\Desktop\SPARC.lnk
2026-08-31 13:11:57 [*] Modo local: Git nÃ£o sincronizado automaticamente (backup eventual apenas).
2026-08-31 13:11:57 [*] Codigo fonte mais recente que os binarios (MainWindow.g.cs 08/31/2026 13:10:03 > 08/31/2026 12:53:44). Recompilando...
2026-08-31 13:11:57 [*] Compilando Release (dotnet build -c Release)...
  Determinando os projetos a serem restaurados...
  Todos os projetos est├úo atualizados para restaura├º├úo.
  NetworkDevice.Core -> C:\SPARC\src\NetworkDevice.Core\bin\Release\net8.0\NetworkDevice.Core.dll
  NetworkDevice.Protocols -> C:\SPARC\src\NetworkDevice.Protocols\bin\Release\net8.0\NetworkDevice.Protocols.dll
  NetworkDevice.Cisco -> C:\SPARC\src\NetworkDevice.Cisco\bin\Release\net8.0\NetworkDevice.Cisco.dll
  NetworkDevice.UI -> C:\SPARC\src\NetworkDevice.UI\bin\Release\net8.0-windows\NetworkDevice.UI.dll
  NetworkDevice.Cli -> C:\SPARC\src\NetworkDevice.Cli\bin\Release\net8.0\NetworkDevice.Cli.dll
  NetworkDevice.Tests -> C:\SPARC\tests\NetworkDevice.Tests\bin\Release\net8.0\NetworkDevice.Tests.dll

Compila├º├úo com ├¬xito.
    0 Aviso(s)
    0 Erro(s)

Tempo Decorrido 00:00:01.35
2026-08-31 13:12:02 [OK] Build Release concluido com sucesso.
2026-08-31 13:12:02 [*] Iniciando C:\SPARC\src\NetworkDevice.UI\bin\Release\net8.0-windows\NetworkDevice.UI.exe
2026-08-31 13:20:52 [*] Atalho SPARC recriado/corrigido com icone oficial: C:\Users\User\Desktop\SPARC.lnk
2026-08-31 13:20:52 [*] Modo local: Git nÃ£o sincronizado automaticamente (backup eventual apenas).
2026-08-31 13:20:52 [*] Codigo fonte mais recente que os binarios (HpeComwareRecovery.cs 08/31/2026 13:16:58 > 08/31/2026 13:10:02). Recompilando...
2026-08-31 13:20:52 [*] Compilando Release (dotnet build -c Release)...
  Determinando os projetos a serem restaurados...
  Todos os projetos est├úo atualizados para restaura├º├úo.
C:\SPARC\src\NetworkDevice.Core\Provisioning\HostNetworkManager.cs(199,20): warning CA1416: Este site de chamada pode ser acessado em todas as plataformas. S├│ h├í suporte para 'WindowsPrincipal.IsInRole(WindowsBuiltInRole)' em: 'windows'. (https://learn.microsoft.com/dotnet/fundamentals/code-analysis/quality-rules/ca1416) [C:\SPARC\src\NetworkDevice.Core\NetworkDevice.Core.csproj]
C:\SPARC\src\NetworkDevice.Core\Provisioning\HostNetworkManager.cs(197,28): warning CA1416: Este site de chamada pode ser acessado em todas as plataformas. S├│ h├í suporte para 'WindowsIdentity.GetCurrent()' em: 'windows'. (https://learn.microsoft.com/dotnet/fundamentals/code-analysis/quality-rules/ca1416) [C:\SPARC\src\NetworkDevice.Core\NetworkDevice.Core.csproj]
C:\SPARC\src\NetworkDevice.Core\Provisioning\HostNetworkManager.cs(198,29): warning CA1416: Este site de chamada pode ser acessado em todas as plataformas. S├│ h├í suporte para 'WindowsPrincipal' em: 'windows'. (https://learn.microsoft.com/dotnet/fundamentals/code-analysis/quality-rules/ca1416) [C:\SPARC\src\NetworkDevice.Core\NetworkDevice.Core.csproj]
C:\SPARC\src\NetworkDevice.Core\Provisioning\HostNetworkManager.cs(199,39): warning CA1416: Este site de chamada pode ser acessado em todas as plataformas. S├│ h├í suporte para 'WindowsBuiltInRole.Administrator' em: 'windows'. (https://learn.microsoft.com/dotnet/fundamentals/code-analysis/quality-rules/ca1416) [C:\SPARC\src\NetworkDevice.Core\NetworkDevice.Core.csproj]
  NetworkDevice.Core -> C:\SPARC\src\NetworkDevice.Core\bin\Release\net8.0\NetworkDevice.Core.dll
  NetworkDevice.Protocols -> C:\SPARC\src\NetworkDevice.Protocols\bin\Release\net8.0\NetworkDevice.Protocols.dll
  NetworkDevice.Cisco -> C:\SPARC\src\NetworkDevice.Cisco\bin\Release\net8.0\NetworkDevice.Cisco.dll
  NetworkDevice.UI -> C:\SPARC\src\NetworkDevice.UI\bin\Release\net8.0-windows\NetworkDevice.UI.dll
  NetworkDevice.Cli -> C:\SPARC\src\NetworkDevice.Cli\bin\Release\net8.0\NetworkDevice.Cli.dll
  NetworkDevice.Tests -> C:\SPARC\tests\NetworkDevice.Tests\bin\Release\net8.0\NetworkDevice.Tests.dll

Compila├º├úo com ├¬xito.

C:\SPARC\src\NetworkDevice.Core\Provisioning\HostNetworkManager.cs(199,20): warning CA1416: Este site de chamada pode ser acessado em todas as plataformas. S├│ h├í suporte para 'WindowsPrincipal.IsInRole(WindowsBuiltInRole)' em: 'windows'. (https://learn.microsoft.com/dotnet/fundamentals/code-analysis/quality-rules/ca1416) [C:\SPARC\src\NetworkDevice.Core\NetworkDevice.Core.csproj]
C:\SPARC\src\NetworkDevice.Core\Provisioning\HostNetworkManager.cs(197,28): warning CA1416: Este site de chamada pode ser acessado em todas as plataformas. S├│ h├í suporte para 'WindowsIdentity.GetCurrent()' em: 'windows'. (https://learn.microsoft.com/dotnet/fundamentals/code-analysis/quality-rules/ca1416) [C:\SPARC\src\NetworkDevice.Core\NetworkDevice.Core.csproj]
C:\SPARC\src\NetworkDevice.Core\Provisioning\HostNetworkManager.cs(198,29): warning CA1416: Este site de chamada pode ser acessado em todas as plataformas. S├│ h├í suporte para 'WindowsPrincipal' em: 'windows'. (https://learn.microsoft.com/dotnet/fundamentals/code-analysis/quality-rules/ca1416) [C:\SPARC\src\NetworkDevice.Core\NetworkDevice.Core.csproj]
C:\SPARC\src\NetworkDevice.Core\Provisioning\HostNetworkManager.cs(199,39): warning CA1416: Este site de chamada pode ser acessado em todas as plataformas. S├│ h├í suporte para 'WindowsBuiltInRole.Administrator' em: 'windows'. (https://learn.microsoft.com/dotnet/fundamentals/code-analysis/quality-rules/ca1416) [C:\SPARC\src\NetworkDevice.Core\NetworkDevice.Core.csproj]
    4 Aviso(s)
    0 Erro(s)

Tempo Decorrido 00:00:02.70
2026-08-31 13:20:59 [OK] Build Release concluido com sucesso.
2026-08-31 13:20:59 [*] Iniciando C:\SPARC\src\NetworkDevice.UI\bin\Release\net8.0-windows\NetworkDevice.UI.exe
2026-08-31 13:36:21 [*] Atalho SPARC recriado/corrigido com icone oficial: C:\Users\User\Desktop\SPARC.lnk
2026-08-31 13:36:21 [*] Modo local: Git nÃ£o sincronizado automaticamente (backup eventual apenas).
2026-08-31 13:36:21 [*] Codigo fonte mais recente que os binarios (MainWindow.xaml.cs 08/31/2026 13:34:49 > 08/31/2026 13:20:57). Recompilando...
2026-08-31 13:36:21 [*] Compilando Release (dotnet build -c Release)...
  Determinando os projetos a serem restaurados...
  Todos os projetos est├úo atualizados para restaura├º├úo.
C:\SPARC\src\NetworkDevice.Core\Provisioning\HostNetworkManager.cs(198,29): warning CA1416: Este site de chamada pode ser acessado em todas as plataformas. S├│ h├í suporte para 'WindowsPrincipal' em: 'windows'. (https://learn.microsoft.com/dotnet/fundamentals/code-analysis/quality-rules/ca1416) [C:\SPARC\src\NetworkDevice.Core\NetworkDevice.Core.csproj]
C:\SPARC\src\NetworkDevice.Core\Provisioning\HostNetworkManager.cs(199,39): warning CA1416: Este site de chamada pode ser acessado em todas as plataformas. S├│ h├í suporte para 'WindowsBuiltInRole.Administrator' em: 'windows'. (https://learn.microsoft.com/dotnet/fundamentals/code-analysis/quality-rules/ca1416) [C:\SPARC\src\NetworkDevice.Core\NetworkDevice.Core.csproj]
C:\SPARC\src\NetworkDevice.Core\Provisioning\HostNetworkManager.cs(199,20): warning CA1416: Este site de chamada pode ser acessado em todas as plataformas. S├│ h├í suporte para 'WindowsPrincipal.IsInRole(WindowsBuiltInRole)' em: 'windows'. (https://learn.microsoft.com/dotnet/fundamentals/code-analysis/quality-rules/ca1416) [C:\SPARC\src\NetworkDevice.Core\NetworkDevice.Core.csproj]
C:\SPARC\src\NetworkDevice.Core\Provisioning\HostNetworkManager.cs(197,28): warning CA1416: Este site de chamada pode ser acessado em todas as plataformas. S├│ h├í suporte para 'WindowsIdentity.GetCurrent()' em: 'windows'. (https://learn.microsoft.com/dotnet/fundamentals/code-analysis/quality-rules/ca1416) [C:\SPARC\src\NetworkDevice.Core\NetworkDevice.Core.csproj]
  NetworkDevice.Core -> C:\SPARC\src\NetworkDevice.Core\bin\Release\net8.0\NetworkDevice.Core.dll
  NetworkDevice.Protocols -> C:\SPARC\src\NetworkDevice.Protocols\bin\Release\net8.0\NetworkDevice.Protocols.dll
  NetworkDevice.Cisco -> C:\SPARC\src\NetworkDevice.Cisco\bin\Release\net8.0\NetworkDevice.Cisco.dll
  NetworkDevice.Tests -> C:\SPARC\tests\NetworkDevice.Tests\bin\Release\net8.0\NetworkDevice.Tests.dll
  NetworkDevice.UI -> C:\SPARC\src\NetworkDevice.UI\bin\Release\net8.0-windows\NetworkDevice.UI.dll
  NetworkDevice.Cli -> C:\SPARC\src\NetworkDevice.Cli\bin\Release\net8.0\NetworkDevice.Cli.dll

Compila├º├úo com ├¬xito.

C:\SPARC\src\NetworkDevice.Core\Provisioning\HostNetworkManager.cs(198,29): warning CA1416: Este site de chamada pode ser acessado em todas as plataformas. S├│ h├í suporte para 'WindowsPrincipal' em: 'windows'. (https://learn.microsoft.com/dotnet/fundamentals/code-analysis/quality-rules/ca1416) [C:\SPARC\src\NetworkDevice.Core\NetworkDevice.Core.csproj]
C:\SPARC\src\NetworkDevice.Core\Provisioning\HostNetworkManager.cs(199,39): warning CA1416: Este site de chamada pode ser acessado em todas as plataformas. S├│ h├í suporte para 'WindowsBuiltInRole.Administrator' em: 'windows'. (https://learn.microsoft.com/dotnet/fundamentals/code-analysis/quality-rules/ca1416) [C:\SPARC\src\NetworkDevice.Core\NetworkDevice.Core.csproj]
C:\SPARC\src\NetworkDevice.Core\Provisioning\HostNetworkManager.cs(199,20): warning CA1416: Este site de chamada pode ser acessado em todas as plataformas. S├│ h├í suporte para 'WindowsPrincipal.IsInRole(WindowsBuiltInRole)' em: 'windows'. (https://learn.microsoft.com/dotnet/fundamentals/code-analysis/quality-rules/ca1416) [C:\SPARC\src\NetworkDevice.Core\NetworkDevice.Core.csproj]
C:\SPARC\src\NetworkDevice.Core\Provisioning\HostNetworkManager.cs(197,28): warning CA1416: Este site de chamada pode ser acessado em todas as plataformas. S├│ h├í suporte para 'WindowsIdentity.GetCurrent()' em: 'windows'. (https://learn.microsoft.com/dotnet/fundamentals/code-analysis/quality-rules/ca1416) [C:\SPARC\src\NetworkDevice.Core\NetworkDevice.Core.csproj]
    4 Aviso(s)
    0 Erro(s)

Tempo Decorrido 00:00:07.43
2026-08-31 13:36:32 [OK] Build Release concluido com sucesso.
2026-08-31 13:36:32 [*] Iniciando C:\SPARC\src\NetworkDevice.UI\bin\Release\net8.0-windows\NetworkDevice.UI.exe
2026-08-31 13:41:42 [*] Atalho SPARC recriado/corrigido com icone oficial: C:\Users\User\Desktop\SPARC.lnk
2026-08-31 13:41:42 [*] Modo local: Git nÃ£o sincronizado automaticamente (backup eventual apenas).
2026-08-31 13:41:43 [*] Codigo fonte mais recente que os binarios (MainWindow.xaml.cs 08/31/2026 13:40:26 > 08/31/2026 13:36:29). Recompilando...
2026-08-31 13:41:43 [*] Compilando Release (dotnet build -c Release)...
  Determinando os projetos a serem restaurados...
  Todos os projetos est├úo atualizados para restaura├º├úo.
C:\SPARC\src\NetworkDevice.Core\Provisioning\HostNetworkManager.cs(198,29): warning CA1416: Este site de chamada pode ser acessado em todas as plataformas. S├│ h├í suporte para 'WindowsPrincipal' em: 'windows'. (https://learn.microsoft.com/dotnet/fundamentals/code-analysis/quality-rules/ca1416) [C:\SPARC\src\NetworkDevice.Core\NetworkDevice.Core.csproj]
C:\SPARC\src\NetworkDevice.Core\Provisioning\HostNetworkManager.cs(199,39): warning CA1416: Este site de chamada pode ser acessado em todas as plataformas. S├│ h├í suporte para 'WindowsBuiltInRole.Administrator' em: 'windows'. (https://learn.microsoft.com/dotnet/fundamentals/code-analysis/quality-rules/ca1416) [C:\SPARC\src\NetworkDevice.Core\NetworkDevice.Core.csproj]
C:\SPARC\src\NetworkDevice.Core\Provisioning\HostNetworkManager.cs(199,20): warning CA1416: Este site de chamada pode ser acessado em todas as plataformas. S├│ h├í suporte para 'WindowsPrincipal.IsInRole(WindowsBuiltInRole)' em: 'windows'. (https://learn.microsoft.com/dotnet/fundamentals/code-analysis/quality-rules/ca1416) [C:\SPARC\src\NetworkDevice.Core\NetworkDevice.Core.csproj]
C:\SPARC\src\NetworkDevice.Core\Provisioning\HostNetworkManager.cs(197,28): warning CA1416: Este site de chamada pode ser acessado em todas as plataformas. S├│ h├í suporte para 'WindowsIdentity.GetCurrent()' em: 'windows'. (https://learn.microsoft.com/dotnet/fundamentals/code-analysis/quality-rules/ca1416) [C:\SPARC\src\NetworkDevice.Core\NetworkDevice.Core.csproj]
  NetworkDevice.Core -> C:\SPARC\src\NetworkDevice.Core\bin\Release\net8.0\NetworkDevice.Core.dll
  NetworkDevice.Protocols -> C:\SPARC\src\NetworkDevice.Protocols\bin\Release\net8.0\NetworkDevice.Protocols.dll
  NetworkDevice.Cisco -> C:\SPARC\src\NetworkDevice.Cisco\bin\Release\net8.0\NetworkDevice.Cisco.dll
  NetworkDevice.UI -> C:\SPARC\src\NetworkDevice.UI\bin\Release\net8.0-windows\NetworkDevice.UI.dll
  NetworkDevice.Tests -> C:\SPARC\tests\NetworkDevice.Tests\bin\Release\net8.0\NetworkDevice.Tests.dll
  NetworkDevice.Cli -> C:\SPARC\src\NetworkDevice.Cli\bin\Release\net8.0\NetworkDevice.Cli.dll

Compila├º├úo com ├¬xito.

C:\SPARC\src\NetworkDevice.Core\Provisioning\HostNetworkManager.cs(198,29): warning CA1416: Este site de chamada pode ser acessado em todas as plataformas. S├│ h├í suporte para 'WindowsPrincipal' em: 'windows'. (https://learn.microsoft.com/dotnet/fundamentals/code-analysis/quality-rules/ca1416) [C:\SPARC\src\NetworkDevice.Core\NetworkDevice.Core.csproj]
C:\SPARC\src\NetworkDevice.Core\Provisioning\HostNetworkManager.cs(199,39): warning CA1416: Este site de chamada pode ser acessado em todas as plataformas. S├│ h├í suporte para 'WindowsBuiltInRole.Administrator' em: 'windows'. (https://learn.microsoft.com/dotnet/fundamentals/code-analysis/quality-rules/ca1416) [C:\SPARC\src\NetworkDevice.Core\NetworkDevice.Core.csproj]
C:\SPARC\src\NetworkDevice.Core\Provisioning\HostNetworkManager.cs(199,20): warning CA1416: Este site de chamada pode ser acessado em todas as plataformas. S├│ h├í suporte para 'WindowsPrincipal.IsInRole(WindowsBuiltInRole)' em: 'windows'. (https://learn.microsoft.com/dotnet/fundamentals/code-analysis/quality-rules/ca1416) [C:\SPARC\src\NetworkDevice.Core\NetworkDevice.Core.csproj]
C:\SPARC\src\NetworkDevice.Core\Provisioning\HostNetworkManager.cs(197,28): warning CA1416: Este site de chamada pode ser acessado em todas as plataformas. S├│ h├í suporte para 'WindowsIdentity.GetCurrent()' em: 'windows'. (https://learn.microsoft.com/dotnet/fundamentals/code-analysis/quality-rules/ca1416) [C:\SPARC\src\NetworkDevice.Core\NetworkDevice.Core.csproj]
    4 Aviso(s)
    0 Erro(s)

Tempo Decorrido 00:00:02.63
2026-08-31 13:41:49 [OK] Build Release concluido com sucesso.
2026-08-31 13:41:49 [*] Iniciando C:\SPARC\src\NetworkDevice.UI\bin\Release\net8.0-windows\NetworkDevice.UI.exe
2026-08-31 13:46:57 [*] Atalho SPARC recriado/corrigido com icone oficial: C:\Users\User\Desktop\SPARC.lnk
2026-08-31 13:46:57 [*] Modo local: Git nÃ£o sincronizado automaticamente (backup eventual apenas).
2026-08-31 13:46:57 [*] Codigo fonte mais recente que os binarios (MainWindow.xaml.cs 08/31/2026 13:45:50 > 08/31/2026 13:41:47). Recompilando...
2026-08-31 13:46:57 [*] Compilando Release (dotnet build -c Release)...
  Determinando os projetos a serem restaurados...
  Todos os projetos est├úo atualizados para restaura├º├úo.
  NetworkDevice.Core -> C:\SPARC\src\NetworkDevice.Core\bin\Release\net8.0\NetworkDevice.Core.dll
  NetworkDevice.Protocols -> C:\SPARC\src\NetworkDevice.Protocols\bin\Release\net8.0\NetworkDevice.Protocols.dll
  NetworkDevice.Cisco -> C:\SPARC\src\NetworkDevice.Cisco\bin\Release\net8.0\NetworkDevice.Cisco.dll
  NetworkDevice.Tests -> C:\SPARC\tests\NetworkDevice.Tests\bin\Release\net8.0\NetworkDevice.Tests.dll
  NetworkDevice.UI -> C:\SPARC\src\NetworkDevice.UI\bin\Release\net8.0-windows\NetworkDevice.UI.dll
  NetworkDevice.Cli -> C:\SPARC\src\NetworkDevice.Cli\bin\Release\net8.0\NetworkDevice.Cli.dll

Compila├º├úo com ├¬xito.
    0 Aviso(s)
    0 Erro(s)

Tempo Decorrido 00:00:01.93
2026-08-31 13:47:02 [OK] Build Release concluido com sucesso.
2026-08-31 13:47:02 [*] Iniciando C:\SPARC\src\NetworkDevice.UI\bin\Release\net8.0-windows\NetworkDevice.UI.exe
2026-08-31 13:51:09 [*] Atalho SPARC recriado/corrigido com icone oficial: C:\Users\User\Desktop\SPARC.lnk
2026-08-31 13:51:09 [*] Modo local: Git nÃ£o sincronizado automaticamente (backup eventual apenas).
2026-08-31 13:51:09 [*] Codigo fonte mais recente que os binarios (HpeComwareRecovery.cs 08/31/2026 13:49:26 > 08/31/2026 13:41:47). Recompilando...
2026-08-31 13:51:09 [*] Compilando Release (dotnet build -c Release)...
  Determinando os projetos a serem restaurados...
  Todos os projetos est├úo atualizados para restaura├º├úo.
C:\SPARC\src\NetworkDevice.Core\Provisioning\HostNetworkManager.cs(199,39): warning CA1416: Este site de chamada pode ser acessado em todas as plataformas. S├│ h├í suporte para 'WindowsBuiltInRole.Administrator' em: 'windows'. (https://learn.microsoft.com/dotnet/fundamentals/code-analysis/quality-rules/ca1416) [C:\SPARC\src\NetworkDevice.Core\NetworkDevice.Core.csproj]
C:\SPARC\src\NetworkDevice.Core\Provisioning\HostNetworkManager.cs(198,29): warning CA1416: Este site de chamada pode ser acessado em todas as plataformas. S├│ h├í suporte para 'WindowsPrincipal' em: 'windows'. (https://learn.microsoft.com/dotnet/fundamentals/code-analysis/quality-rules/ca1416) [C:\SPARC\src\NetworkDevice.Core\NetworkDevice.Core.csproj]
C:\SPARC\src\NetworkDevice.Core\Provisioning\HostNetworkManager.cs(199,20): warning CA1416: Este site de chamada pode ser acessado em todas as plataformas. S├│ h├í suporte para 'WindowsPrincipal.IsInRole(WindowsBuiltInRole)' em: 'windows'. (https://learn.microsoft.com/dotnet/fundamentals/code-analysis/quality-rules/ca1416) [C:\SPARC\src\NetworkDevice.Core\NetworkDevice.Core.csproj]
C:\SPARC\src\NetworkDevice.Core\Provisioning\HostNetworkManager.cs(197,28): warning CA1416: Este site de chamada pode ser acessado em todas as plataformas. S├│ h├í suporte para 'WindowsIdentity.GetCurrent()' em: 'windows'. (https://learn.microsoft.com/dotnet/fundamentals/code-analysis/quality-rules/ca1416) [C:\SPARC\src\NetworkDevice.Core\NetworkDevice.Core.csproj]
  NetworkDevice.Core -> C:\SPARC\src\NetworkDevice.Core\bin\Release\net8.0\NetworkDevice.Core.dll
  NetworkDevice.Protocols -> C:\SPARC\src\NetworkDevice.Protocols\bin\Release\net8.0\NetworkDevice.Protocols.dll
  NetworkDevice.Cisco -> C:\SPARC\src\NetworkDevice.Cisco\bin\Release\net8.0\NetworkDevice.Cisco.dll
  NetworkDevice.Tests -> C:\SPARC\tests\NetworkDevice.Tests\bin\Release\net8.0\NetworkDevice.Tests.dll
  NetworkDevice.UI -> C:\SPARC\src\NetworkDevice.UI\bin\Release\net8.0-windows\NetworkDevice.UI.dll
  NetworkDevice.Cli -> C:\SPARC\src\NetworkDevice.Cli\bin\Release\net8.0\NetworkDevice.Cli.dll

Compila├º├úo com ├¬xito.

C:\SPARC\src\NetworkDevice.Core\Provisioning\HostNetworkManager.cs(199,39): warning CA1416: Este site de chamada pode ser acessado em todas as plataformas. S├│ h├í suporte para 'WindowsBuiltInRole.Administrator' em: 'windows'. (https://learn.microsoft.com/dotnet/fundamentals/code-analysis/quality-rules/ca1416) [C:\SPARC\src\NetworkDevice.Core\NetworkDevice.Core.csproj]
C:\SPARC\src\NetworkDevice.Core\Provisioning\HostNetworkManager.cs(198,29): warning CA1416: Este site de chamada pode ser acessado em todas as plataformas. S├│ h├í suporte para 'WindowsPrincipal' em: 'windows'. (https://learn.microsoft.com/dotnet/fundamentals/code-analysis/quality-rules/ca1416) [C:\SPARC\src\NetworkDevice.Core\NetworkDevice.Core.csproj]
C:\SPARC\src\NetworkDevice.Core\Provisioning\HostNetworkManager.cs(199,20): warning CA1416: Este site de chamada pode ser acessado em todas as plataformas. S├│ h├í suporte para 'WindowsPrincipal.IsInRole(WindowsBuiltInRole)' em: 'windows'. (https://learn.microsoft.com/dotnet/fundamentals/code-analysis/quality-rules/ca1416) [C:\SPARC\src\NetworkDevice.Core\NetworkDevice.Core.csproj]
C:\SPARC\src\NetworkDevice.Core\Provisioning\HostNetworkManager.cs(197,28): warning CA1416: Este site de chamada pode ser acessado em todas as plataformas. S├│ h├í suporte para 'WindowsIdentity.GetCurrent()' em: 'windows'. (https://learn.microsoft.com/dotnet/fundamentals/code-analysis/quality-rules/ca1416) [C:\SPARC\src\NetworkDevice.Core\NetworkDevice.Core.csproj]
    4 Aviso(s)
    0 Erro(s)

Tempo Decorrido 00:00:02.33
2026-08-31 13:51:15 [OK] Build Release concluido com sucesso.
2026-08-31 13:51:15 [*] Iniciando C:\SPARC\src\NetworkDevice.UI\bin\Release\net8.0-windows\NetworkDevice.UI.exe
2026-08-31 13:54:49 [*] Atalho SPARC recriado/corrigido com icone oficial: C:\Users\User\Desktop\SPARC.lnk
2026-08-31 13:54:49 [*] Modo local: Git nÃ£o sincronizado automaticamente (backup eventual apenas).
2026-08-31 13:54:49 [*] Codigo fonte mais recente que os binarios (MainWindow.xaml.cs 08/31/2026 13:53:52 > 08/31/2026 13:51:14). Recompilando...
2026-08-31 13:54:49 [*] Compilando Release (dotnet build -c Release)...
  Determinando os projetos a serem restaurados...
  Todos os projetos est├úo atualizados para restaura├º├úo.
  NetworkDevice.Core -> C:\SPARC\src\NetworkDevice.Core\bin\Release\net8.0\NetworkDevice.Core.dll
  NetworkDevice.Protocols -> C:\SPARC\src\NetworkDevice.Protocols\bin\Release\net8.0\NetworkDevice.Protocols.dll
  NetworkDevice.Cisco -> C:\SPARC\src\NetworkDevice.Cisco\bin\Release\net8.0\NetworkDevice.Cisco.dll
  NetworkDevice.UI -> C:\SPARC\src\NetworkDevice.UI\bin\Release\net8.0-windows\NetworkDevice.UI.dll
  NetworkDevice.Cli -> C:\SPARC\src\NetworkDevice.Cli\bin\Release\net8.0\NetworkDevice.Cli.dll
  NetworkDevice.Tests -> C:\SPARC\tests\NetworkDevice.Tests\bin\Release\net8.0\NetworkDevice.Tests.dll

Compila├º├úo com ├¬xito.
    0 Aviso(s)
    0 Erro(s)

Tempo Decorrido 00:00:01.90
2026-08-31 13:54:55 [OK] Build Release concluido com sucesso.
2026-08-31 13:54:55 [*] Iniciando C:\SPARC\src\NetworkDevice.UI\bin\Release\net8.0-windows\NetworkDevice.UI.exe
2026-08-31 14:01:49 [*] Atalho SPARC recriado/corrigido com icone oficial: C:\Users\User\Desktop\SPARC.lnk
2026-08-31 14:01:49 [*] Modo local: Git nÃ£o sincronizado automaticamente (backup eventual apenas).
2026-08-31 14:01:50 [*] Codigo fonte mais recente que os binarios (MainWindow.g.cs 08/31/2026 13:58:51 > 08/31/2026 13:51:14). Recompilando...
2026-08-31 14:01:50 [*] Compilando Release (dotnet build -c Release)...
  Determinando os projetos a serem restaurados...
  Todos os projetos est├úo atualizados para restaura├º├úo.
  NetworkDevice.Core -> C:\SPARC\src\NetworkDevice.Core\bin\Release\net8.0\NetworkDevice.Core.dll
  NetworkDevice.Protocols -> C:\SPARC\src\NetworkDevice.Protocols\bin\Release\net8.0\NetworkDevice.Protocols.dll
  NetworkDevice.Cisco -> C:\SPARC\src\NetworkDevice.Cisco\bin\Release\net8.0\NetworkDevice.Cisco.dll
  NetworkDevice.UI -> C:\SPARC\src\NetworkDevice.UI\bin\Release\net8.0-windows\NetworkDevice.UI.dll
  NetworkDevice.Cli -> C:\SPARC\src\NetworkDevice.Cli\bin\Release\net8.0\NetworkDevice.Cli.dll
  NetworkDevice.Tests -> C:\SPARC\tests\NetworkDevice.Tests\bin\Release\net8.0\NetworkDevice.Tests.dll

Compila├º├úo com ├¬xito.
    0 Aviso(s)
    0 Erro(s)

Tempo Decorrido 00:00:01.30
2026-08-31 14:01:54 [OK] Build Release concluido com sucesso.
2026-08-31 14:01:54 [*] Iniciando C:\SPARC\src\NetworkDevice.UI\bin\Release\net8.0-windows\NetworkDevice.UI.exe
2026-08-31 14:18:51 [*] Atalho SPARC recriado/corrigido com icone oficial: C:\Users\User\Desktop\SPARC.lnk
2026-08-31 14:18:51 [*] Modo local: Git nÃ£o sincronizado automaticamente (backup eventual apenas).
2026-08-31 14:18:51 [*] Codigo fonte mais recente que os binarios (MainWindow.xaml.cs 08/31/2026 14:07:54 > 08/31/2026 13:58:51). Recompilando...
2026-08-31 14:18:51 [*] Compilando Release (dotnet build -c Release)...
  Determinando os projetos a serem restaurados...
  Todos os projetos est├úo atualizados para restaura├º├úo.
  NetworkDevice.Core -> C:\SPARC\src\NetworkDevice.Core\bin\Release\net8.0\NetworkDevice.Core.dll
  NetworkDevice.Protocols -> C:\SPARC\src\NetworkDevice.Protocols\bin\Release\net8.0\NetworkDevice.Protocols.dll
  NetworkDevice.Cisco -> C:\SPARC\src\NetworkDevice.Cisco\bin\Release\net8.0\NetworkDevice.Cisco.dll
  NetworkDevice.Tests -> C:\SPARC\tests\NetworkDevice.Tests\bin\Release\net8.0\NetworkDevice.Tests.dll
  NetworkDevice.Cli -> C:\SPARC\src\NetworkDevice.Cli\bin\Release\net8.0\NetworkDevice.Cli.dll
  NetworkDevice.UI -> C:\SPARC\src\NetworkDevice.UI\bin\Release\net8.0-windows\NetworkDevice.UI.dll

Compila├º├úo com ├¬xito.
    0 Aviso(s)
    0 Erro(s)

Tempo Decorrido 00:00:07.42
2026-08-31 14:19:02 [OK] Build Release concluido com sucesso.
2026-08-31 14:19:02 [*] Iniciando C:\SPARC\src\NetworkDevice.UI\bin\Release\net8.0-windows\NetworkDevice.UI.exe
2026-08-31 14:32:25 [*] Atalho SPARC recriado/corrigido com icone oficial: C:\Users\User\Desktop\SPARC.lnk
2026-08-31 14:32:25 [*] Modo local: Git nÃ£o sincronizado automaticamente (backup eventual apenas).
2026-08-31 14:32:25 [*] Codigo fonte mais recente que os binarios (MainWindow.xaml.cs 08/31/2026 14:29:52 > 08/31/2026 13:58:51). Recompilando...
2026-08-31 14:32:25 [*] Compilando Release (dotnet build -c Release)...
  Determinando os projetos a serem restaurados...
  Todos os projetos est├úo atualizados para restaura├º├úo.
C:\SPARC\src\NetworkDevice.Core\Provisioning\HostNetworkManager.cs(199,39): warning CA1416: Este site de chamada pode ser acessado em todas as plataformas. S├│ h├í suporte para 'WindowsBuiltInRole.Administrator' em: 'windows'. (https://learn.microsoft.com/dotnet/fundamentals/code-analysis/quality-rules/ca1416) [C:\SPARC\src\NetworkDevice.Core\NetworkDevice.Core.csproj]
C:\SPARC\src\NetworkDevice.Core\Provisioning\HostNetworkManager.cs(199,20): warning CA1416: Este site de chamada pode ser acessado em todas as plataformas. S├│ h├í suporte para 'WindowsPrincipal.IsInRole(WindowsBuiltInRole)' em: 'windows'. (https://learn.microsoft.com/dotnet/fundamentals/code-analysis/quality-rules/ca1416) [C:\SPARC\src\NetworkDevice.Core\NetworkDevice.Core.csproj]
C:\SPARC\src\NetworkDevice.Core\Provisioning\HostNetworkManager.cs(198,29): warning CA1416: Este site de chamada pode ser acessado em todas as plataformas. S├│ h├í suporte para 'WindowsPrincipal' em: 'windows'. (https://learn.microsoft.com/dotnet/fundamentals/code-analysis/quality-rules/ca1416) [C:\SPARC\src\NetworkDevice.Core\NetworkDevice.Core.csproj]
C:\SPARC\src\NetworkDevice.Core\Provisioning\HostNetworkManager.cs(197,28): warning CA1416: Este site de chamada pode ser acessado em todas as plataformas. S├│ h├í suporte para 'WindowsIdentity.GetCurrent()' em: 'windows'. (https://learn.microsoft.com/dotnet/fundamentals/code-analysis/quality-rules/ca1416) [C:\SPARC\src\NetworkDevice.Core\NetworkDevice.Core.csproj]
  NetworkDevice.Core -> C:\SPARC\src\NetworkDevice.Core\bin\Release\net8.0\NetworkDevice.Core.dll
  NetworkDevice.Protocols -> C:\SPARC\src\NetworkDevice.Protocols\bin\Release\net8.0\NetworkDevice.Protocols.dll
  NetworkDevice.Cisco -> C:\SPARC\src\NetworkDevice.Cisco\bin\Release\net8.0\NetworkDevice.Cisco.dll
  NetworkDevice.Tests -> C:\SPARC\tests\NetworkDevice.Tests\bin\Release\net8.0\NetworkDevice.Tests.dll
  NetworkDevice.UI -> C:\SPARC\src\NetworkDevice.UI\bin\Release\net8.0-windows\NetworkDevice.UI.dll
  NetworkDevice.Cli -> C:\SPARC\src\NetworkDevice.Cli\bin\Release\net8.0\NetworkDevice.Cli.dll

Compila├º├úo com ├¬xito.

C:\SPARC\src\NetworkDevice.Core\Provisioning\HostNetworkManager.cs(199,39): warning CA1416: Este site de chamada pode ser acessado em todas as plataformas. S├│ h├í suporte para 'WindowsBuiltInRole.Administrator' em: 'windows'. (https://learn.microsoft.com/dotnet/fundamentals/code-analysis/quality-rules/ca1416) [C:\SPARC\src\NetworkDevice.Core\NetworkDevice.Core.csproj]
C:\SPARC\src\NetworkDevice.Core\Provisioning\HostNetworkManager.cs(199,20): warning CA1416: Este site de chamada pode ser acessado em todas as plataformas. S├│ h├í suporte para 'WindowsPrincipal.IsInRole(WindowsBuiltInRole)' em: 'windows'. (https://learn.microsoft.com/dotnet/fundamentals/code-analysis/quality-rules/ca1416) [C:\SPARC\src\NetworkDevice.Core\NetworkDevice.Core.csproj]
C:\SPARC\src\NetworkDevice.Core\Provisioning\HostNetworkManager.cs(198,29): warning CA1416: Este site de chamada pode ser acessado em todas as plataformas. S├│ h├í suporte para 'WindowsPrincipal' em: 'windows'. (https://learn.microsoft.com/dotnet/fundamentals/code-analysis/quality-rules/ca1416) [C:\SPARC\src\NetworkDevice.Core\NetworkDevice.Core.csproj]
C:\SPARC\src\NetworkDevice.Core\Provisioning\HostNetworkManager.cs(197,28): warning CA1416: Este site de chamada pode ser acessado em todas as plataformas. S├│ h├í suporte para 'WindowsIdentity.GetCurrent()' em: 'windows'. (https://learn.microsoft.com/dotnet/fundamentals/code-analysis/quality-rules/ca1416) [C:\SPARC\src\NetworkDevice.Core\NetworkDevice.Core.csproj]
    4 Aviso(s)
    0 Erro(s)

Tempo Decorrido 00:00:06.20
2026-08-31 14:32:35 [OK] Build Release concluido com sucesso.
2026-08-31 14:32:35 [*] Iniciando C:\SPARC\src\NetworkDevice.UI\bin\Release\net8.0-windows\NetworkDevice.UI.exe
2026-08-31 14:33:56 [*] Atalho SPARC recriado/corrigido com icone oficial: C:\Users\User\Desktop\SPARC.lnk
2026-08-31 14:33:56 [*] Modo local: Git nÃ£o sincronizado automaticamente (backup eventual apenas).
2026-08-31 14:33:56 [*] Codigo fonte mais recente que os binarios (MainWindow.g.cs 08/31/2026 14:32:33 > 08/31/2026 14:32:32). Recompilando...
2026-08-31 14:33:56 [*] Compilando Release (dotnet build -c Release)...
  Determinando os projetos a serem restaurados...
  Todos os projetos est├úo atualizados para restaura├º├úo.
  NetworkDevice.Core -> C:\SPARC\src\NetworkDevice.Core\bin\Release\net8.0\NetworkDevice.Core.dll
  NetworkDevice.Protocols -> C:\SPARC\src\NetworkDevice.Protocols\bin\Release\net8.0\NetworkDevice.Protocols.dll
  NetworkDevice.Cisco -> C:\SPARC\src\NetworkDevice.Cisco\bin\Release\net8.0\NetworkDevice.Cisco.dll
  NetworkDevice.Tests -> C:\SPARC\tests\NetworkDevice.Tests\bin\Release\net8.0\NetworkDevice.Tests.dll
  NetworkDevice.UI -> C:\SPARC\src\NetworkDevice.UI\bin\Release\net8.0-windows\NetworkDevice.UI.dll
  NetworkDevice.Cli -> C:\SPARC\src\NetworkDevice.Cli\bin\Release\net8.0\NetworkDevice.Cli.dll

Compila├º├úo com ├¬xito.
    0 Aviso(s)
    0 Erro(s)

Tempo Decorrido 00:00:01.41
2026-08-31 14:34:01 [OK] Build Release concluido com sucesso.
2026-08-31 14:34:01 [*] Iniciando C:\SPARC\src\NetworkDevice.UI\bin\Release\net8.0-windows\NetworkDevice.UI.exe
2026-08-31 14:47:53 [*] Atalho SPARC recriado/corrigido com icone oficial: C:\Users\User\Desktop\SPARC.lnk
2026-08-31 14:47:53 [*] Modo local: Git nÃ£o sincronizado automaticamente (backup eventual apenas).
2026-08-31 14:47:53 [*] Codigo fonte mais recente que os binarios (HpeComwareRecovery.cs 08/31/2026 14:44:58 > 08/31/2026 14:32:32). Recompilando...
2026-08-31 14:47:53 [*] Compilando Release (dotnet build -c Release)...
  Determinando os projetos a serem restaurados...
  Todos os projetos est├úo atualizados para restaura├º├úo.
C:\SPARC\src\NetworkDevice.Core\Provisioning\HostNetworkManager.cs(199,39): warning CA1416: Este site de chamada pode ser acessado em todas as plataformas. S├│ h├í suporte para 'WindowsBuiltInRole.Administrator' em: 'windows'. (https://learn.microsoft.com/dotnet/fundamentals/code-analysis/quality-rules/ca1416) [C:\SPARC\src\NetworkDevice.Core\NetworkDevice.Core.csproj]
C:\SPARC\src\NetworkDevice.Core\Provisioning\HostNetworkManager.cs(198,29): warning CA1416: Este site de chamada pode ser acessado em todas as plataformas. S├│ h├í suporte para 'WindowsPrincipal' em: 'windows'. (https://learn.microsoft.com/dotnet/fundamentals/code-analysis/quality-rules/ca1416) [C:\SPARC\src\NetworkDevice.Core\NetworkDevice.Core.csproj]
C:\SPARC\src\NetworkDevice.Core\Provisioning\HostNetworkManager.cs(199,20): warning CA1416: Este site de chamada pode ser acessado em todas as plataformas. S├│ h├í suporte para 'WindowsPrincipal.IsInRole(WindowsBuiltInRole)' em: 'windows'. (https://learn.microsoft.com/dotnet/fundamentals/code-analysis/quality-rules/ca1416) [C:\SPARC\src\NetworkDevice.Core\NetworkDevice.Core.csproj]
C:\SPARC\src\NetworkDevice.Core\Provisioning\HostNetworkManager.cs(197,28): warning CA1416: Este site de chamada pode ser acessado em todas as plataformas. S├│ h├í suporte para 'WindowsIdentity.GetCurrent()' em: 'windows'. (https://learn.microsoft.com/dotnet/fundamentals/code-analysis/quality-rules/ca1416) [C:\SPARC\src\NetworkDevice.Core\NetworkDevice.Core.csproj]
  NetworkDevice.Core -> C:\SPARC\src\NetworkDevice.Core\bin\Release\net8.0\NetworkDevice.Core.dll
  NetworkDevice.Protocols -> C:\SPARC\src\NetworkDevice.Protocols\bin\Release\net8.0\NetworkDevice.Protocols.dll
  NetworkDevice.Cisco -> C:\SPARC\src\NetworkDevice.Cisco\bin\Release\net8.0\NetworkDevice.Cisco.dll
  NetworkDevice.Tests -> C:\SPARC\tests\NetworkDevice.Tests\bin\Release\net8.0\NetworkDevice.Tests.dll
  NetworkDevice.UI -> C:\SPARC\src\NetworkDevice.UI\bin\Release\net8.0-windows\NetworkDevice.UI.dll
  NetworkDevice.Cli -> C:\SPARC\src\NetworkDevice.Cli\bin\Release\net8.0\NetworkDevice.Cli.dll

Compila├º├úo com ├¬xito.

C:\SPARC\src\NetworkDevice.Core\Provisioning\HostNetworkManager.cs(199,39): warning CA1416: Este site de chamada pode ser acessado em todas as plataformas. S├│ h├í suporte para 'WindowsBuiltInRole.Administrator' em: 'windows'. (https://learn.microsoft.com/dotnet/fundamentals/code-analysis/quality-rules/ca1416) [C:\SPARC\src\NetworkDevice.Core\NetworkDevice.Core.csproj]
C:\SPARC\src\NetworkDevice.Core\Provisioning\HostNetworkManager.cs(198,29): warning CA1416: Este site de chamada pode ser acessado em todas as plataformas. S├│ h├í suporte para 'WindowsPrincipal' em: 'windows'. (https://learn.microsoft.com/dotnet/fundamentals/code-analysis/quality-rules/ca1416) [C:\SPARC\src\NetworkDevice.Core\NetworkDevice.Core.csproj]
C:\SPARC\src\NetworkDevice.Core\Provisioning\HostNetworkManager.cs(199,20): warning CA1416: Este site de chamada pode ser acessado em todas as plataformas. S├│ h├í suporte para 'WindowsPrincipal.IsInRole(WindowsBuiltInRole)' em: 'windows'. (https://learn.microsoft.com/dotnet/fundamentals/code-analysis/quality-rules/ca1416) [C:\SPARC\src\NetworkDevice.Core\NetworkDevice.Core.csproj]
C:\SPARC\src\NetworkDevice.Core\Provisioning\HostNetworkManager.cs(197,28): warning CA1416: Este site de chamada pode ser acessado em todas as plataformas. S├│ h├í suporte para 'WindowsIdentity.GetCurrent()' em: 'windows'. (https://learn.microsoft.com/dotnet/fundamentals/code-analysis/quality-rules/ca1416) [C:\SPARC\src\NetworkDevice.Core\NetworkDevice.Core.csproj]
    4 Aviso(s)
    0 Erro(s)

Tempo Decorrido 00:00:06.90
2026-08-31 14:48:04 [OK] Build Release concluido com sucesso.
2026-08-31 14:48:04 [*] Iniciando C:\SPARC\src\NetworkDevice.UI\bin\Release\net8.0-windows\NetworkDevice.UI.exe
2026-08-31 14:51:46 [*] Atalho SPARC recriado/corrigido com icone oficial: C:\Users\User\Desktop\SPARC.lnk
2026-08-31 14:51:46 [*] Modo local: Git nÃ£o sincronizado automaticamente (backup eventual apenas).
2026-08-31 14:51:46 [*] Codigo fonte mais recente que os binarios (MainWindow.g.cs 08/31/2026 14:48:02 > 08/31/2026 14:48:01). Recompilando...
2026-08-31 14:51:46 [*] Compilando Release (dotnet build -c Release)...
  Determinando os projetos a serem restaurados...
  Todos os projetos est├úo atualizados para restaura├º├úo.
  NetworkDevice.Core -> C:\SPARC\src\NetworkDevice.Core\bin\Release\net8.0\NetworkDevice.Core.dll
  NetworkDevice.Protocols -> C:\SPARC\src\NetworkDevice.Protocols\bin\Release\net8.0\NetworkDevice.Protocols.dll
  NetworkDevice.Cisco -> C:\SPARC\src\NetworkDevice.Cisco\bin\Release\net8.0\NetworkDevice.Cisco.dll
  NetworkDevice.UI -> C:\SPARC\src\NetworkDevice.UI\bin\Release\net8.0-windows\NetworkDevice.UI.dll
  NetworkDevice.Cli -> C:\SPARC\src\NetworkDevice.Cli\bin\Release\net8.0\NetworkDevice.Cli.dll
  NetworkDevice.Tests -> C:\SPARC\tests\NetworkDevice.Tests\bin\Release\net8.0\NetworkDevice.Tests.dll

Compila├º├úo com ├¬xito.
    0 Aviso(s)
    0 Erro(s)

Tempo Decorrido 00:00:01.50
2026-08-31 14:51:51 [OK] Build Release concluido com sucesso.
2026-08-31 14:51:51 [*] Iniciando C:\SPARC\src\NetworkDevice.UI\bin\Release\net8.0-windows\NetworkDevice.UI.exe
2026-08-31 15:14:05 [*] Atalho SPARC recriado/corrigido com icone oficial: C:\Users\User\Desktop\SPARC.lnk
2026-08-31 15:14:05 [*] Modo local: Git nÃ£o sincronizado automaticamente (backup eventual apenas).
2026-08-31 15:14:06 [*] Codigo fonte mais recente que os binarios (MainWindow.xaml.cs 08/31/2026 15:12:44 > 08/31/2026 14:48:01). Recompilando...
2026-08-31 15:14:06 [*] Compilando Release (dotnet build -c Release)...
  Determinando os projetos a serem restaurados...
  Todos os projetos est├úo atualizados para restaura├º├úo.
C:\SPARC\src\NetworkDevice.Core\Provisioning\HostNetworkManager.cs(199,39): warning CA1416: Este site de chamada pode ser acessado em todas as plataformas. S├│ h├í suporte para 'WindowsBuiltInRole.Administrator' em: 'windows'. (https://learn.microsoft.com/dotnet/fundamentals/code-analysis/quality-rules/ca1416) [C:\SPARC\src\NetworkDevice.Core\NetworkDevice.Core.csproj]
C:\SPARC\src\NetworkDevice.Core\Provisioning\HostNetworkManager.cs(199,20): warning CA1416: Este site de chamada pode ser acessado em todas as plataformas. S├│ h├í suporte para 'WindowsPrincipal.IsInRole(WindowsBuiltInRole)' em: 'windows'. (https://learn.microsoft.com/dotnet/fundamentals/code-analysis/quality-rules/ca1416) [C:\SPARC\src\NetworkDevice.Core\NetworkDevice.Core.csproj]
C:\SPARC\src\NetworkDevice.Core\Provisioning\HostNetworkManager.cs(197,28): warning CA1416: Este site de chamada pode ser acessado em todas as plataformas. S├│ h├í suporte para 'WindowsIdentity.GetCurrent()' em: 'windows'. (https://learn.microsoft.com/dotnet/fundamentals/code-analysis/quality-rules/ca1416) [C:\SPARC\src\NetworkDevice.Core\NetworkDevice.Core.csproj]
C:\SPARC\src\NetworkDevice.Core\Provisioning\HostNetworkManager.cs(198,29): warning CA1416: Este site de chamada pode ser acessado em todas as plataformas. S├│ h├í suporte para 'WindowsPrincipal' em: 'windows'. (https://learn.microsoft.com/dotnet/fundamentals/code-analysis/quality-rules/ca1416) [C:\SPARC\src\NetworkDevice.Core\NetworkDevice.Core.csproj]
  NetworkDevice.Core -> C:\SPARC\src\NetworkDevice.Core\bin\Release\net8.0\NetworkDevice.Core.dll
  NetworkDevice.Protocols -> C:\SPARC\src\NetworkDevice.Protocols\bin\Release\net8.0\NetworkDevice.Protocols.dll
  NetworkDevice.Cisco -> C:\SPARC\src\NetworkDevice.Cisco\bin\Release\net8.0\NetworkDevice.Cisco.dll
  NetworkDevice.UI -> C:\SPARC\src\NetworkDevice.UI\bin\Release\net8.0-windows\NetworkDevice.UI.dll
  NetworkDevice.Cli -> C:\SPARC\src\NetworkDevice.Cli\bin\Release\net8.0\NetworkDevice.Cli.dll
  NetworkDevice.Tests -> C:\SPARC\tests\NetworkDevice.Tests\bin\Release\net8.0\NetworkDevice.Tests.dll

Compila├º├úo com ├¬xito.

C:\SPARC\src\NetworkDevice.Core\Provisioning\HostNetworkManager.cs(199,39): warning CA1416: Este site de chamada pode ser acessado em todas as plataformas. S├│ h├í suporte para 'WindowsBuiltInRole.Administrator' em: 'windows'. (https://learn.microsoft.com/dotnet/fundamentals/code-analysis/quality-rules/ca1416) [C:\SPARC\src\NetworkDevice.Core\NetworkDevice.Core.csproj]
C:\SPARC\src\NetworkDevice.Core\Provisioning\HostNetworkManager.cs(199,20): warning CA1416: Este site de chamada pode ser acessado em todas as plataformas. S├│ h├í suporte para 'WindowsPrincipal.IsInRole(WindowsBuiltInRole)' em: 'windows'. (https://learn.microsoft.com/dotnet/fundamentals/code-analysis/quality-rules/ca1416) [C:\SPARC\src\NetworkDevice.Core\NetworkDevice.Core.csproj]
C:\SPARC\src\NetworkDevice.Core\Provisioning\HostNetworkManager.cs(197,28): warning CA1416: Este site de chamada pode ser acessado em todas as plataformas. S├│ h├í suporte para 'WindowsIdentity.GetCurrent()' em: 'windows'. (https://learn.microsoft.com/dotnet/fundamentals/code-analysis/quality-rules/ca1416) [C:\SPARC\src\NetworkDevice.Core\NetworkDevice.Core.csproj]
C:\SPARC\src\NetworkDevice.Core\Provisioning\HostNetworkManager.cs(198,29): warning CA1416: Este site de chamada pode ser acessado em todas as plataformas. S├│ h├í suporte para 'WindowsPrincipal' em: 'windows'. (https://learn.microsoft.com/dotnet/fundamentals/code-analysis/quality-rules/ca1416) [C:\SPARC\src\NetworkDevice.Core\NetworkDevice.Core.csproj]
    4 Aviso(s)
    0 Erro(s)

Tempo Decorrido 00:00:08.28
2026-08-31 15:14:17 [OK] Build Release concluido com sucesso.
2026-08-31 15:14:17 [*] Iniciando C:\SPARC\src\NetworkDevice.UI\bin\Release\net8.0-windows\NetworkDevice.UI.exe
2026-08-31 15:22:30 [*] Atalho SPARC recriado/corrigido com icone oficial: C:\Users\User\Desktop\SPARC.lnk
2026-08-31 15:22:30 [*] Modo local: Git nÃ£o sincronizado automaticamente (backup eventual apenas).
2026-08-31 15:22:30 [*] Codigo fonte mais recente que os binarios (MainWindow.xaml.cs 08/31/2026 15:20:58 > 08/31/2026 15:14:13). Recompilando...
2026-08-31 15:22:30 [*] Compilando Release (dotnet build -c Release)...
  Determinando os projetos a serem restaurados...
  Todos os projetos est├úo atualizados para restaura├º├úo.
  NetworkDevice.Core -> C:\SPARC\src\NetworkDevice.Core\bin\Release\net8.0\NetworkDevice.Core.dll
  NetworkDevice.Protocols -> C:\SPARC\src\NetworkDevice.Protocols\bin\Release\net8.0\NetworkDevice.Protocols.dll
  NetworkDevice.Cisco -> C:\SPARC\src\NetworkDevice.Cisco\bin\Release\net8.0\NetworkDevice.Cisco.dll
  NetworkDevice.Cli -> C:\SPARC\src\NetworkDevice.Cli\bin\Release\net8.0\NetworkDevice.Cli.dll
  NetworkDevice.UI -> C:\SPARC\src\NetworkDevice.UI\bin\Release\net8.0-windows\NetworkDevice.UI.dll
  NetworkDevice.Tests -> C:\SPARC\tests\NetworkDevice.Tests\bin\Release\net8.0\NetworkDevice.Tests.dll

Compila├º├úo com ├¬xito.
    0 Aviso(s)
    0 Erro(s)

Tempo Decorrido 00:00:03.05
2026-08-31 15:22:37 [OK] Build Release concluido com sucesso.
2026-08-31 15:22:37 [*] Iniciando C:\SPARC\src\NetworkDevice.UI\bin\Release\net8.0-windows\NetworkDevice.UI.exe
2026-08-31 15:27:07 [*] Atalho SPARC recriado/corrigido com icone oficial: C:\Users\User\Desktop\SPARC.lnk
2026-08-31 15:27:07 [*] Modo local: Git nÃ£o sincronizado automaticamente (backup eventual apenas).
2026-08-31 15:27:07 [*] Codigo fonte mais recente que os binarios (MainWindow.xaml.cs 08/31/2026 15:20:58 > 08/31/2026 15:14:13). Recompilando...
2026-08-31 15:27:07 [*] Compilando Release (dotnet build -c Release)...
  Determinando os projetos a serem restaurados...
  Todos os projetos est├úo atualizados para restaura├º├úo.
  NetworkDevice.Core -> C:\SPARC\src\NetworkDevice.Core\bin\Release\net8.0\NetworkDevice.Core.dll
  NetworkDevice.Protocols -> C:\SPARC\src\NetworkDevice.Protocols\bin\Release\net8.0\NetworkDevice.Protocols.dll
  NetworkDevice.Cisco -> C:\SPARC\src\NetworkDevice.Cisco\bin\Release\net8.0\NetworkDevice.Cisco.dll
  NetworkDevice.UI -> C:\SPARC\src\NetworkDevice.UI\bin\Release\net8.0-windows\NetworkDevice.UI.dll
  NetworkDevice.Cli -> C:\SPARC\src\NetworkDevice.Cli\bin\Release\net8.0\NetworkDevice.Cli.dll
  NetworkDevice.Tests -> C:\SPARC\tests\NetworkDevice.Tests\bin\Release\net8.0\NetworkDevice.Tests.dll

Compila├º├úo com ├¬xito.
    0 Aviso(s)
    0 Erro(s)

Tempo Decorrido 00:00:01.40
2026-08-31 15:27:12 [OK] Build Release concluido com sucesso.
2026-08-31 15:27:12 [*] Iniciando C:\SPARC\src\NetworkDevice.UI\bin\Release\net8.0-windows\NetworkDevice.UI.exe
2026-08-31 15:32:38 [*] Atalho SPARC recriado/corrigido com icone oficial: C:\Users\User\Desktop\SPARC.lnk
2026-08-31 15:32:38 [*] Modo local: Git nÃ£o sincronizado automaticamente (backup eventual apenas).
2026-08-31 15:32:38 [*] Codigo fonte mais recente que os binarios (CiscoIOSRecovery.cs 08/31/2026 15:32:16 > 08/31/2026 15:14:13). Recompilando...
2026-08-31 15:32:38 [*] Compilando Release (dotnet build -c Release)...
  Determinando os projetos a serem restaurados...
  Todos os projetos est├úo atualizados para restaura├º├úo.
C:\SPARC\src\NetworkDevice.Core\Provisioning\HostNetworkManager.cs(198,29): warning CA1416: Este site de chamada pode ser acessado em todas as plataformas. S├│ h├í suporte para 'WindowsPrincipal' em: 'windows'. (https://learn.microsoft.com/dotnet/fundamentals/code-analysis/quality-rules/ca1416) [C:\SPARC\src\NetworkDevice.Core\NetworkDevice.Core.csproj]
C:\SPARC\src\NetworkDevice.Core\Provisioning\HostNetworkManager.cs(199,39): warning CA1416: Este site de chamada pode ser acessado em todas as plataformas. S├│ h├í suporte para 'WindowsBuiltInRole.Administrator' em: 'windows'. (https://learn.microsoft.com/dotnet/fundamentals/code-analysis/quality-rules/ca1416) [C:\SPARC\src\NetworkDevice.Core\NetworkDevice.Core.csproj]
C:\SPARC\src\NetworkDevice.Core\Provisioning\HostNetworkManager.cs(199,20): warning CA1416: Este site de chamada pode ser acessado em todas as plataformas. S├│ h├í suporte para 'WindowsPrincipal.IsInRole(WindowsBuiltInRole)' em: 'windows'. (https://learn.microsoft.com/dotnet/fundamentals/code-analysis/quality-rules/ca1416) [C:\SPARC\src\NetworkDevice.Core\NetworkDevice.Core.csproj]
C:\SPARC\src\NetworkDevice.Core\Provisioning\HostNetworkManager.cs(197,28): warning CA1416: Este site de chamada pode ser acessado em todas as plataformas. S├│ h├í suporte para 'WindowsIdentity.GetCurrent()' em: 'windows'. (https://learn.microsoft.com/dotnet/fundamentals/code-analysis/quality-rules/ca1416) [C:\SPARC\src\NetworkDevice.Core\NetworkDevice.Core.csproj]
  NetworkDevice.Core -> C:\SPARC\src\NetworkDevice.Core\bin\Release\net8.0\NetworkDevice.Core.dll
  NetworkDevice.Protocols -> C:\SPARC\src\NetworkDevice.Protocols\bin\Release\net8.0\NetworkDevice.Protocols.dll
  NetworkDevice.Cisco -> C:\SPARC\src\NetworkDevice.Cisco\bin\Release\net8.0\NetworkDevice.Cisco.dll
  NetworkDevice.Cli -> C:\SPARC\src\NetworkDevice.Cli\bin\Release\net8.0\NetworkDevice.Cli.dll
  NetworkDevice.UI -> C:\SPARC\src\NetworkDevice.UI\bin\Release\net8.0-windows\NetworkDevice.UI.dll
  NetworkDevice.Tests -> C:\SPARC\tests\NetworkDevice.Tests\bin\Release\net8.0\NetworkDevice.Tests.dll

Compila├º├úo com ├¬xito.

C:\SPARC\src\NetworkDevice.Core\Provisioning\HostNetworkManager.cs(198,29): warning CA1416: Este site de chamada pode ser acessado em todas as plataformas. S├│ h├í suporte para 'WindowsPrincipal' em: 'windows'. (https://learn.microsoft.com/dotnet/fundamentals/code-analysis/quality-rules/ca1416) [C:\SPARC\src\NetworkDevice.Core\NetworkDevice.Core.csproj]
C:\SPARC\src\NetworkDevice.Core\Provisioning\HostNetworkManager.cs(199,39): warning CA1416: Este site de chamada pode ser acessado em todas as plataformas. S├│ h├í suporte para 'WindowsBuiltInRole.Administrator' em: 'windows'. (https://learn.microsoft.com/dotnet/fundamentals/code-analysis/quality-rules/ca1416) [C:\SPARC\src\NetworkDevice.Core\NetworkDevice.Core.csproj]
C:\SPARC\src\NetworkDevice.Core\Provisioning\HostNetworkManager.cs(199,20): warning CA1416: Este site de chamada pode ser acessado em todas as plataformas. S├│ h├í suporte para 'WindowsPrincipal.IsInRole(WindowsBuiltInRole)' em: 'windows'. (https://learn.microsoft.com/dotnet/fundamentals/code-analysis/quality-rules/ca1416) [C:\SPARC\src\NetworkDevice.Core\NetworkDevice.Core.csproj]
C:\SPARC\src\NetworkDevice.Core\Provisioning\HostNetworkManager.cs(197,28): warning CA1416: Este site de chamada pode ser acessado em todas as plataformas. S├│ h├í suporte para 'WindowsIdentity.GetCurrent()' em: 'windows'. (https://learn.microsoft.com/dotnet/fundamentals/code-analysis/quality-rules/ca1416) [C:\SPARC\src\NetworkDevice.Core\NetworkDevice.Core.csproj]
    4 Aviso(s)
    0 Erro(s)

Tempo Decorrido 00:00:02.78
2026-08-31 15:32:45 [OK] Build Release concluido com sucesso.
2026-08-31 15:32:45 [*] Iniciando C:\SPARC\src\NetworkDevice.UI\bin\Release\net8.0-windows\NetworkDevice.UI.exe
2026-08-31 15:33:47 [*] Atalho SPARC recriado/corrigido com icone oficial: C:\Users\User\Desktop\SPARC.lnk
2026-08-31 15:33:47 [*] Modo local: Git nÃ£o sincronizado automaticamente (backup eventual apenas).
2026-08-31 15:33:47 [*] Codigo fonte mais recente que os binarios (MainWindow.g.cs 08/31/2026 15:32:44 > 08/31/2026 15:32:43). Recompilando...
2026-08-31 15:33:47 [*] Compilando Release (dotnet build -c Release)...
  Determinando os projetos a serem restaurados...
  Todos os projetos est├úo atualizados para restaura├º├úo.
  NetworkDevice.Core -> C:\SPARC\src\NetworkDevice.Core\bin\Release\net8.0\NetworkDevice.Core.dll
  NetworkDevice.Protocols -> C:\SPARC\src\NetworkDevice.Protocols\bin\Release\net8.0\NetworkDevice.Protocols.dll
  NetworkDevice.Cisco -> C:\SPARC\src\NetworkDevice.Cisco\bin\Release\net8.0\NetworkDevice.Cisco.dll
  NetworkDevice.Cli -> C:\SPARC\src\NetworkDevice.Cli\bin\Release\net8.0\NetworkDevice.Cli.dll
  NetworkDevice.UI -> C:\SPARC\src\NetworkDevice.UI\bin\Release\net8.0-windows\NetworkDevice.UI.dll
  NetworkDevice.Tests -> C:\SPARC\tests\NetworkDevice.Tests\bin\Release\net8.0\NetworkDevice.Tests.dll

Compila├º├úo com ├¬xito.
    0 Aviso(s)
    0 Erro(s)

Tempo Decorrido 00:00:01.43
2026-08-31 15:33:52 [OK] Build Release concluido com sucesso.
2026-08-31 15:33:52 [*] Iniciando C:\SPARC\src\NetworkDevice.UI\bin\Release\net8.0-windows\NetworkDevice.UI.exe
2026-08-31 15:40:42 [*] Atalho SPARC recriado/corrigido com icone oficial: C:\Users\User\Desktop\SPARC.lnk
2026-08-31 15:40:42 [*] Modo local: Git nÃ£o sincronizado automaticamente (backup eventual apenas).
2026-08-31 15:40:42 [*] Codigo fonte mais recente que os binarios (MainWindow.xaml.cs 08/31/2026 15:39:33 > 08/31/2026 15:32:43). Recompilando...
2026-08-31 15:40:42 [*] Compilando Release (dotnet build -c Release)...
  Determinando os projetos a serem restaurados...
  Todos os projetos est├úo atualizados para restaura├º├úo.
  NetworkDevice.Core -> C:\SPARC\src\NetworkDevice.Core\bin\Release\net8.0\NetworkDevice.Core.dll
  NetworkDevice.Protocols -> C:\SPARC\src\NetworkDevice.Protocols\bin\Release\net8.0\NetworkDevice.Protocols.dll
  NetworkDevice.Cisco -> C:\SPARC\src\NetworkDevice.Cisco\bin\Release\net8.0\NetworkDevice.Cisco.dll
  NetworkDevice.Tests -> C:\SPARC\tests\NetworkDevice.Tests\bin\Release\net8.0\NetworkDevice.Tests.dll
  NetworkDevice.Cli -> C:\SPARC\src\NetworkDevice.Cli\bin\Release\net8.0\NetworkDevice.Cli.dll
  NetworkDevice.UI -> C:\SPARC\src\NetworkDevice.UI\bin\Release\net8.0-windows\NetworkDevice.UI.dll

Compila├º├úo com ├¬xito.
    0 Aviso(s)
    0 Erro(s)

Tempo Decorrido 00:00:01.98
2026-08-31 15:40:48 [OK] Build Release concluido com sucesso.
2026-08-31 15:40:48 [*] Iniciando C:\SPARC\src\NetworkDevice.UI\bin\Release\net8.0-windows\NetworkDevice.UI.exe
2026-08-31 15:46:32 [*] Atalho SPARC recriado/corrigido com icone oficial: C:\Users\User\Desktop\SPARC.lnk
2026-08-31 15:46:32 [*] Modo local: Git nÃ£o sincronizado automaticamente (backup eventual apenas).
2026-08-31 15:46:32 [*] Codigo fonte mais recente que os binarios (MainWindow.xaml.cs 08/31/2026 15:45:22 > 08/31/2026 15:32:43). Recompilando...
2026-08-31 15:46:32 [*] Compilando Release (dotnet build -c Release)...
  Determinando os projetos a serem restaurados...
  Todos os projetos est├úo atualizados para restaura├º├úo.
  NetworkDevice.Core -> C:\SPARC\src\NetworkDevice.Core\bin\Release\net8.0\NetworkDevice.Core.dll
  NetworkDevice.Protocols -> C:\SPARC\src\NetworkDevice.Protocols\bin\Release\net8.0\NetworkDevice.Protocols.dll
  NetworkDevice.Cisco -> C:\SPARC\src\NetworkDevice.Cisco\bin\Release\net8.0\NetworkDevice.Cisco.dll
  NetworkDevice.UI -> C:\SPARC\src\NetworkDevice.UI\bin\Release\net8.0-windows\NetworkDevice.UI.dll
  NetworkDevice.Cli -> C:\SPARC\src\NetworkDevice.Cli\bin\Release\net8.0\NetworkDevice.Cli.dll
  NetworkDevice.Tests -> C:\SPARC\tests\NetworkDevice.Tests\bin\Release\net8.0\NetworkDevice.Tests.dll

Compila├º├úo com ├¬xito.
    0 Aviso(s)
    0 Erro(s)

Tempo Decorrido 00:00:01.86
2026-08-31 15:46:38 [OK] Build Release concluido com sucesso.
2026-08-31 15:46:38 [*] Iniciando C:\SPARC\src\NetworkDevice.UI\bin\Release\net8.0-windows\NetworkDevice.UI.exe
2026-08-31 15:49:32 [*] Atalho SPARC recriado/corrigido com icone oficial: C:\Users\User\Desktop\SPARC.lnk
2026-08-31 15:49:32 [*] Modo local: Git nÃ£o sincronizado automaticamente (backup eventual apenas).
2026-08-31 15:49:32 [*] Codigo fonte mais recente que os binarios (MainWindow.xaml.cs 08/31/2026 15:48:20 > 08/31/2026 15:32:43). Recompilando...
2026-08-31 15:49:32 [*] Compilando Release (dotnet build -c Release)...
  Determinando os projetos a serem restaurados...
  Todos os projetos est├úo atualizados para restaura├º├úo.
  NetworkDevice.Core -> C:\SPARC\src\NetworkDevice.Core\bin\Release\net8.0\NetworkDevice.Core.dll
  NetworkDevice.Protocols -> C:\SPARC\src\NetworkDevice.Protocols\bin\Release\net8.0\NetworkDevice.Protocols.dll
  NetworkDevice.Cisco -> C:\SPARC\src\NetworkDevice.Cisco\bin\Release\net8.0\NetworkDevice.Cisco.dll
  NetworkDevice.Tests -> C:\SPARC\tests\NetworkDevice.Tests\bin\Release\net8.0\NetworkDevice.Tests.dll
  NetworkDevice.UI -> C:\SPARC\src\NetworkDevice.UI\bin\Release\net8.0-windows\NetworkDevice.UI.dll
  NetworkDevice.Cli -> C:\SPARC\src\NetworkDevice.Cli\bin\Release\net8.0\NetworkDevice.Cli.dll

Compila├º├úo com ├¬xito.
    0 Aviso(s)
    0 Erro(s)

Tempo Decorrido 00:00:01.87
2026-08-31 15:49:38 [OK] Build Release concluido com sucesso.
2026-08-31 15:49:38 [*] Iniciando C:\SPARC\src\NetworkDevice.UI\bin\Release\net8.0-windows\NetworkDevice.UI.exe
2026-08-31 15:56:15 [*] Atalho SPARC recriado/corrigido com icone oficial: C:\Users\User\Desktop\SPARC.lnk
2026-08-31 15:56:15 [*] Modo local: Git nÃ£o sincronizado automaticamente (backup eventual apenas).
2026-08-31 15:56:15 [*] Codigo fonte mais recente que os binarios (HpeComwareRecovery.cs 08/31/2026 15:54:54 > 08/31/2026 15:32:43). Recompilando...
2026-08-31 15:56:15 [*] Compilando Release (dotnet build -c Release)...
  Determinando os projetos a serem restaurados...
  Todos os projetos est├úo atualizados para restaura├º├úo.
C:\SPARC\src\NetworkDevice.Core\Provisioning\HostNetworkManager.cs(199,20): warning CA1416: Este site de chamada pode ser acessado em todas as plataformas. S├│ h├í suporte para 'WindowsPrincipal.IsInRole(WindowsBuiltInRole)' em: 'windows'. (https://learn.microsoft.com/dotnet/fundamentals/code-analysis/quality-rules/ca1416) [C:\SPARC\src\NetworkDevice.Core\NetworkDevice.Core.csproj]
C:\SPARC\src\NetworkDevice.Core\Provisioning\HostNetworkManager.cs(199,39): warning CA1416: Este site de chamada pode ser acessado em todas as plataformas. S├│ h├í suporte para 'WindowsBuiltInRole.Administrator' em: 'windows'. (https://learn.microsoft.com/dotnet/fundamentals/code-analysis/quality-rules/ca1416) [C:\SPARC\src\NetworkDevice.Core\NetworkDevice.Core.csproj]
C:\SPARC\src\NetworkDevice.Core\Provisioning\HostNetworkManager.cs(197,28): warning CA1416: Este site de chamada pode ser acessado em todas as plataformas. S├│ h├í suporte para 'WindowsIdentity.GetCurrent()' em: 'windows'. (https://learn.microsoft.com/dotnet/fundamentals/code-analysis/quality-rules/ca1416) [C:\SPARC\src\NetworkDevice.Core\NetworkDevice.Core.csproj]
C:\SPARC\src\NetworkDevice.Core\Provisioning\HostNetworkManager.cs(198,29): warning CA1416: Este site de chamada pode ser acessado em todas as plataformas. S├│ h├í suporte para 'WindowsPrincipal' em: 'windows'. (https://learn.microsoft.com/dotnet/fundamentals/code-analysis/quality-rules/ca1416) [C:\SPARC\src\NetworkDevice.Core\NetworkDevice.Core.csproj]
  NetworkDevice.Core -> C:\SPARC\src\NetworkDevice.Core\bin\Release\net8.0\NetworkDevice.Core.dll
  NetworkDevice.Protocols -> C:\SPARC\src\NetworkDevice.Protocols\bin\Release\net8.0\NetworkDevice.Protocols.dll
  NetworkDevice.Cisco -> C:\SPARC\src\NetworkDevice.Cisco\bin\Release\net8.0\NetworkDevice.Cisco.dll
  NetworkDevice.Cli -> C:\SPARC\src\NetworkDevice.Cli\bin\Release\net8.0\NetworkDevice.Cli.dll
  NetworkDevice.UI -> C:\SPARC\src\NetworkDevice.UI\bin\Release\net8.0-windows\NetworkDevice.UI.dll
  NetworkDevice.Tests -> C:\SPARC\tests\NetworkDevice.Tests\bin\Release\net8.0\NetworkDevice.Tests.dll

Compila├º├úo com ├¬xito.

C:\SPARC\src\NetworkDevice.Core\Provisioning\HostNetworkManager.cs(199,20): warning CA1416: Este site de chamada pode ser acessado em todas as plataformas. S├│ h├í suporte para 'WindowsPrincipal.IsInRole(WindowsBuiltInRole)' em: 'windows'. (https://learn.microsoft.com/dotnet/fundamentals/code-analysis/quality-rules/ca1416) [C:\SPARC\src\NetworkDevice.Core\NetworkDevice.Core.csproj]
C:\SPARC\src\NetworkDevice.Core\Provisioning\HostNetworkManager.cs(199,39): warning CA1416: Este site de chamada pode ser acessado em todas as plataformas. S├│ h├í suporte para 'WindowsBuiltInRole.Administrator' em: 'windows'. (https://learn.microsoft.com/dotnet/fundamentals/code-analysis/quality-rules/ca1416) [C:\SPARC\src\NetworkDevice.Core\NetworkDevice.Core.csproj]
C:\SPARC\src\NetworkDevice.Core\Provisioning\HostNetworkManager.cs(197,28): warning CA1416: Este site de chamada pode ser acessado em todas as plataformas. S├│ h├í suporte para 'WindowsIdentity.GetCurrent()' em: 'windows'. (https://learn.microsoft.com/dotnet/fundamentals/code-analysis/quality-rules/ca1416) [C:\SPARC\src\NetworkDevice.Core\NetworkDevice.Core.csproj]
C:\SPARC\src\NetworkDevice.Core\Provisioning\HostNetworkManager.cs(198,29): warning CA1416: Este site de chamada pode ser acessado em todas as plataformas. S├│ h├í suporte para 'WindowsPrincipal' em: 'windows'. (https://learn.microsoft.com/dotnet/fundamentals/code-analysis/quality-rules/ca1416) [C:\SPARC\src\NetworkDevice.Core\NetworkDevice.Core.csproj]
    4 Aviso(s)
    0 Erro(s)

Tempo Decorrido 00:00:02.87
2026-08-31 15:56:21 [OK] Build Release concluido com sucesso.
2026-08-31 15:56:21 [*] Iniciando C:\SPARC\src\NetworkDevice.UI\bin\Release\net8.0-windows\NetworkDevice.UI.exe
2026-08-31 15:57:20 [*] Atalho SPARC recriado/corrigido com icone oficial: C:\Users\User\Desktop\SPARC.lnk
2026-08-31 15:57:20 [*] Modo local: Git nÃ£o sincronizado automaticamente (backup eventual apenas).
2026-08-31 15:57:21 [*] Codigo fonte mais recente que os binarios (MainWindow.g.cs 08/31/2026 15:56:21 > 08/31/2026 15:56:20). Recompilando...
2026-08-31 15:57:21 [*] Compilando Release (dotnet build -c Release)...
  Determinando os projetos a serem restaurados...
  Todos os projetos est├úo atualizados para restaura├º├úo.
  NetworkDevice.Core -> C:\SPARC\src\NetworkDevice.Core\bin\Release\net8.0\NetworkDevice.Core.dll
  NetworkDevice.Protocols -> C:\SPARC\src\NetworkDevice.Protocols\bin\Release\net8.0\NetworkDevice.Protocols.dll
  NetworkDevice.Cisco -> C:\SPARC\src\NetworkDevice.Cisco\bin\Release\net8.0\NetworkDevice.Cisco.dll
  NetworkDevice.UI -> C:\SPARC\src\NetworkDevice.UI\bin\Release\net8.0-windows\NetworkDevice.UI.dll
  NetworkDevice.Cli -> C:\SPARC\src\NetworkDevice.Cli\bin\Release\net8.0\NetworkDevice.Cli.dll
  NetworkDevice.Tests -> C:\SPARC\tests\NetworkDevice.Tests\bin\Release\net8.0\NetworkDevice.Tests.dll

Compila├º├úo com ├¬xito.
    0 Aviso(s)
    0 Erro(s)

Tempo Decorrido 00:00:01.34
2026-08-31 15:57:25 [OK] Build Release concluido com sucesso.
2026-08-31 15:57:25 [*] Iniciando C:\SPARC\src\NetworkDevice.UI\bin\Release\net8.0-windows\NetworkDevice.UI.exe
2026-08-31 16:02:45 [*] Atalho SPARC recriado/corrigido com icone oficial: C:\Users\User\Desktop\SPARC.lnk
2026-08-31 16:02:45 [*] Modo local: Git nÃ£o sincronizado automaticamente (backup eventual apenas).
2026-08-31 16:02:45 [*] Codigo fonte mais recente que os binarios (HpeProvisioningValidator.cs 08/31/2026 16:01:25 > 08/31/2026 15:56:20). Recompilando...
2026-08-31 16:02:45 [*] Compilando Release (dotnet build -c Release)...
  Determinando os projetos a serem restaurados...
  Todos os projetos est├úo atualizados para restaura├º├úo.
C:\SPARC\src\NetworkDevice.Core\Provisioning\HostNetworkManager.cs(197,28): warning CA1416: Este site de chamada pode ser acessado em todas as plataformas. S├│ h├í suporte para 'WindowsIdentity.GetCurrent()' em: 'windows'. (https://learn.microsoft.com/dotnet/fundamentals/code-analysis/quality-rules/ca1416) [C:\SPARC\src\NetworkDevice.Core\NetworkDevice.Core.csproj]
C:\SPARC\src\NetworkDevice.Core\Provisioning\HostNetworkManager.cs(198,29): warning CA1416: Este site de chamada pode ser acessado em todas as plataformas. S├│ h├í suporte para 'WindowsPrincipal' em: 'windows'. (https://learn.microsoft.com/dotnet/fundamentals/code-analysis/quality-rules/ca1416) [C:\SPARC\src\NetworkDevice.Core\NetworkDevice.Core.csproj]
C:\SPARC\src\NetworkDevice.Core\Provisioning\HostNetworkManager.cs(199,39): warning CA1416: Este site de chamada pode ser acessado em todas as plataformas. S├│ h├í suporte para 'WindowsBuiltInRole.Administrator' em: 'windows'. (https://learn.microsoft.com/dotnet/fundamentals/code-analysis/quality-rules/ca1416) [C:\SPARC\src\NetworkDevice.Core\NetworkDevice.Core.csproj]
C:\SPARC\src\NetworkDevice.Core\Provisioning\HostNetworkManager.cs(199,20): warning CA1416: Este site de chamada pode ser acessado em todas as plataformas. S├│ h├í suporte para 'WindowsPrincipal.IsInRole(WindowsBuiltInRole)' em: 'windows'. (https://learn.microsoft.com/dotnet/fundamentals/code-analysis/quality-rules/ca1416) [C:\SPARC\src\NetworkDevice.Core\NetworkDevice.Core.csproj]
  NetworkDevice.Core -> C:\SPARC\src\NetworkDevice.Core\bin\Release\net8.0\NetworkDevice.Core.dll
  NetworkDevice.Protocols -> C:\SPARC\src\NetworkDevice.Protocols\bin\Release\net8.0\NetworkDevice.Protocols.dll
  NetworkDevice.Cisco -> C:\SPARC\src\NetworkDevice.Cisco\bin\Release\net8.0\NetworkDevice.Cisco.dll
  NetworkDevice.UI -> C:\SPARC\src\NetworkDevice.UI\bin\Release\net8.0-windows\NetworkDevice.UI.dll
  NetworkDevice.Cli -> C:\SPARC\src\NetworkDevice.Cli\bin\Release\net8.0\NetworkDevice.Cli.dll
  NetworkDevice.Tests -> C:\SPARC\tests\NetworkDevice.Tests\bin\Release\net8.0\NetworkDevice.Tests.dll

Compila├º├úo com ├¬xito.

C:\SPARC\src\NetworkDevice.Core\Provisioning\HostNetworkManager.cs(197,28): warning CA1416: Este site de chamada pode ser acessado em todas as plataformas. S├│ h├í suporte para 'WindowsIdentity.GetCurrent()' em: 'windows'. (https://learn.microsoft.com/dotnet/fundamentals/code-analysis/quality-rules/ca1416) [C:\SPARC\src\NetworkDevice.Core\NetworkDevice.Core.csproj]
C:\SPARC\src\NetworkDevice.Core\Provisioning\HostNetworkManager.cs(198,29): warning CA1416: Este site de chamada pode ser acessado em todas as plataformas. S├│ h├í suporte para 'WindowsPrincipal' em: 'windows'. (https://learn.microsoft.com/dotnet/fundamentals/code-analysis/quality-rules/ca1416) [C:\SPARC\src\NetworkDevice.Core\NetworkDevice.Core.csproj]
C:\SPARC\src\NetworkDevice.Core\Provisioning\HostNetworkManager.cs(199,39): warning CA1416: Este site de chamada pode ser acessado em todas as plataformas. S├│ h├í suporte para 'WindowsBuiltInRole.Administrator' em: 'windows'. (https://learn.microsoft.com/dotnet/fundamentals/code-analysis/quality-rules/ca1416) [C:\SPARC\src\NetworkDevice.Core\NetworkDevice.Core.csproj]
C:\SPARC\src\NetworkDevice.Core\Provisioning\HostNetworkManager.cs(199,20): warning CA1416: Este site de chamada pode ser acessado em todas as plataformas. S├│ h├í suporte para 'WindowsPrincipal.IsInRole(WindowsBuiltInRole)' em: 'windows'. (https://learn.microsoft.com/dotnet/fundamentals/code-analysis/quality-rules/ca1416) [C:\SPARC\src\NetworkDevice.Core\NetworkDevice.Core.csproj]
    4 Aviso(s)
    0 Erro(s)

Tempo Decorrido 00:00:02.74
2026-08-31 16:02:52 [OK] Build Release concluido com sucesso.
2026-08-31 16:02:52 [*] Iniciando C:\SPARC\src\NetworkDevice.UI\bin\Release\net8.0-windows\NetworkDevice.UI.exe
2026-08-31 16:08:22 [*] Atalho SPARC recriado/corrigido com icone oficial: C:\Users\User\Desktop\SPARC.lnk
2026-08-31 16:08:22 [*] Modo local: Git nÃ£o sincronizado automaticamente (backup eventual apenas).
2026-08-31 16:08:22 [*] Codigo fonte mais recente que os binarios (MainWindow.g.cs 08/31/2026 16:02:51 > 08/31/2026 16:02:50). Recompilando...
2026-08-31 16:08:22 [*] Compilando Release (dotnet build -c Release)...
  Determinando os projetos a serem restaurados...
  Todos os projetos est├úo atualizados para restaura├º├úo.
  NetworkDevice.Core -> C:\SPARC\src\NetworkDevice.Core\bin\Release\net8.0\NetworkDevice.Core.dll
  NetworkDevice.Protocols -> C:\SPARC\src\NetworkDevice.Protocols\bin\Release\net8.0\NetworkDevice.Protocols.dll
  NetworkDevice.Cisco -> C:\SPARC\src\NetworkDevice.Cisco\bin\Release\net8.0\NetworkDevice.Cisco.dll
  NetworkDevice.Tests -> C:\SPARC\tests\NetworkDevice.Tests\bin\Release\net8.0\NetworkDevice.Tests.dll
  NetworkDevice.UI -> C:\SPARC\src\NetworkDevice.UI\bin\Release\net8.0-windows\NetworkDevice.UI.dll
  NetworkDevice.Cli -> C:\SPARC\src\NetworkDevice.Cli\bin\Release\net8.0\NetworkDevice.Cli.dll

Compila├º├úo com ├¬xito.
    0 Aviso(s)
    0 Erro(s)

Tempo Decorrido 00:00:01.32
2026-08-31 16:08:26 [OK] Build Release concluido com sucesso.
2026-08-31 16:08:26 [*] Iniciando C:\SPARC\src\NetworkDevice.UI\bin\Release\net8.0-windows\NetworkDevice.UI.exe
2026-08-31 16:08:46 [*] Atalho SPARC recriado/corrigido com icone oficial: C:\Users\User\Desktop\SPARC.lnk
2026-08-31 16:08:46 [*] Modo local: Git nÃ£o sincronizado automaticamente (backup eventual apenas).
2026-08-31 16:08:46 [*] Codigo fonte mais recente que os binarios (MainWindow.g.cs 08/31/2026 16:02:51 > 08/31/2026 16:02:50). Recompilando...
2026-08-31 16:08:46 [*] Compilando Release (dotnet build -c Release)...
  Determinando os projetos a serem restaurados...
  Todos os projetos est├úo atualizados para restaura├º├úo.
  NetworkDevice.Core -> C:\SPARC\src\NetworkDevice.Core\bin\Release\net8.0\NetworkDevice.Core.dll
  NetworkDevice.Protocols -> C:\SPARC\src\NetworkDevice.Protocols\bin\Release\net8.0\NetworkDevice.Protocols.dll
  NetworkDevice.Cisco -> C:\SPARC\src\NetworkDevice.Cisco\bin\Release\net8.0\NetworkDevice.Cisco.dll
  NetworkDevice.Cli -> C:\SPARC\src\NetworkDevice.Cli\bin\Release\net8.0\NetworkDevice.Cli.dll
  NetworkDevice.UI -> C:\SPARC\src\NetworkDevice.UI\bin\Release\net8.0-windows\NetworkDevice.UI.dll
  NetworkDevice.Tests -> C:\SPARC\tests\NetworkDevice.Tests\bin\Release\net8.0\NetworkDevice.Tests.dll

Compila├º├úo com ├¬xito.
    0 Aviso(s)
    0 Erro(s)

Tempo Decorrido 00:00:01.41
2026-08-31 16:08:52 [OK] Build Release concluido com sucesso.
2026-08-31 16:08:52 [*] Iniciando C:\SPARC\src\NetworkDevice.UI\bin\Release\net8.0-windows\NetworkDevice.UI.exe
2026-08-31 16:14:58 [*] Atalho SPARC recriado/corrigido com icone oficial: C:\Users\User\Desktop\SPARC.lnk
2026-08-31 16:14:58 [*] Modo local: Git nÃ£o sincronizado automaticamente (backup eventual apenas).
2026-08-31 16:14:58 [*] Codigo fonte mais recente que os binarios (MainWindow.xaml.cs 08/31/2026 16:13:11 > 08/31/2026 16:02:50). Recompilando...
2026-08-31 16:14:58 [*] Compilando Release (dotnet build -c Release)...
  Determinando os projetos a serem restaurados...
  Todos os projetos est├úo atualizados para restaura├º├úo.
  NetworkDevice.Core -> C:\SPARC\src\NetworkDevice.Core\bin\Release\net8.0\NetworkDevice.Core.dll
  NetworkDevice.Protocols -> C:\SPARC\src\NetworkDevice.Protocols\bin\Release\net8.0\NetworkDevice.Protocols.dll
  NetworkDevice.Cisco -> C:\SPARC\src\NetworkDevice.Cisco\bin\Release\net8.0\NetworkDevice.Cisco.dll
  NetworkDevice.Tests -> C:\SPARC\tests\NetworkDevice.Tests\bin\Release\net8.0\NetworkDevice.Tests.dll
  NetworkDevice.UI -> C:\SPARC\src\NetworkDevice.UI\bin\Release\net8.0-windows\NetworkDevice.UI.dll
  NetworkDevice.Cli -> C:\SPARC\src\NetworkDevice.Cli\bin\Release\net8.0\NetworkDevice.Cli.dll

Compila├º├úo com ├¬xito.
    0 Aviso(s)
    0 Erro(s)

Tempo Decorrido 00:00:04.62
2026-08-31 16:15:06 [OK] Build Release concluido com sucesso.
2026-08-31 16:15:06 [*] Iniciando C:\SPARC\src\NetworkDevice.UI\bin\Release\net8.0-windows\NetworkDevice.UI.exe
2026-08-31 16:17:42 [*] Atalho SPARC recriado/corrigido com icone oficial: C:\Users\User\Desktop\SPARC.lnk
2026-08-31 16:17:42 [*] Modo local: Git nÃ£o sincronizado automaticamente (backup eventual apenas).
2026-08-31 16:17:42 [*] Codigo fonte mais recente que os binarios (MainWindow.xaml.cs 08/31/2026 16:16:16 > 08/31/2026 16:02:50). Recompilando...
2026-08-31 16:17:42 [*] Compilando Release (dotnet build -c Release)...
  Determinando os projetos a serem restaurados...
  Todos os projetos est├úo atualizados para restaura├º├úo.
  NetworkDevice.Core -> C:\SPARC\src\NetworkDevice.Core\bin\Release\net8.0\NetworkDevice.Core.dll
  NetworkDevice.Protocols -> C:\SPARC\src\NetworkDevice.Protocols\bin\Release\net8.0\NetworkDevice.Protocols.dll
  NetworkDevice.Cisco -> C:\SPARC\src\NetworkDevice.Cisco\bin\Release\net8.0\NetworkDevice.Cisco.dll
  NetworkDevice.UI -> C:\SPARC\src\NetworkDevice.UI\bin\Release\net8.0-windows\NetworkDevice.UI.dll
  NetworkDevice.Cli -> C:\SPARC\src\NetworkDevice.Cli\bin\Release\net8.0\NetworkDevice.Cli.dll
  NetworkDevice.Tests -> C:\SPARC\tests\NetworkDevice.Tests\bin\Release\net8.0\NetworkDevice.Tests.dll

Compila├º├úo com ├¬xito.
    0 Aviso(s)
    0 Erro(s)

Tempo Decorrido 00:00:02.63
2026-08-31 16:17:48 [OK] Build Release concluido com sucesso.
2026-08-31 16:17:48 [*] Iniciando C:\SPARC\src\NetworkDevice.UI\bin\Release\net8.0-windows\NetworkDevice.UI.exe
2026-08-31 16:21:53 [*] Atalho SPARC recriado/corrigido com icone oficial: C:\Users\User\Desktop\SPARC.lnk
2026-08-31 16:21:53 [*] Modo local: Git nÃ£o sincronizado automaticamente (backup eventual apenas).
2026-08-31 16:21:53 [*] Codigo fonte mais recente que os binarios (MainWindow.xaml.cs 08/31/2026 16:20:15 > 08/31/2026 16:02:50). Recompilando...
2026-08-31 16:21:53 [*] Compilando Release (dotnet build -c Release)...
  Determinando os projetos a serem restaurados...
  Todos os projetos est├úo atualizados para restaura├º├úo.
  NetworkDevice.Core -> C:\SPARC\src\NetworkDevice.Core\bin\Release\net8.0\NetworkDevice.Core.dll
  NetworkDevice.Protocols -> C:\SPARC\src\NetworkDevice.Protocols\bin\Release\net8.0\NetworkDevice.Protocols.dll
  NetworkDevice.Cisco -> C:\SPARC\src\NetworkDevice.Cisco\bin\Release\net8.0\NetworkDevice.Cisco.dll
  NetworkDevice.UI -> C:\SPARC\src\NetworkDevice.UI\bin\Release\net8.0-windows\NetworkDevice.UI.dll
  NetworkDevice.Cli -> C:\SPARC\src\NetworkDevice.Cli\bin\Release\net8.0\NetworkDevice.Cli.dll
  NetworkDevice.Tests -> C:\SPARC\tests\NetworkDevice.Tests\bin\Release\net8.0\NetworkDevice.Tests.dll

Compila├º├úo com ├¬xito.
    0 Aviso(s)
    0 Erro(s)

Tempo Decorrido 00:00:02.74
2026-08-31 16:22:00 [OK] Build Release concluido com sucesso.
2026-08-31 16:22:00 [*] Iniciando C:\SPARC\src\NetworkDevice.UI\bin\Release\net8.0-windows\NetworkDevice.UI.exe
2026-08-31 16:22:39 [*] Atalho SPARC recriado/corrigido com icone oficial: C:\Users\User\Desktop\SPARC.lnk
2026-08-31 16:22:39 [*] Modo local: Git nÃ£o sincronizado automaticamente (backup eventual apenas).
2026-08-31 16:22:39 [*] Codigo fonte mais recente que os binarios (MainWindow.xaml.cs 08/31/2026 16:20:15 > 08/31/2026 16:02:50). Recompilando...
2026-08-31 16:22:39 [*] Compilando Release (dotnet build -c Release)...
  Determinando os projetos a serem restaurados...
  Todos os projetos est├úo atualizados para restaura├º├úo.
  NetworkDevice.Core -> C:\SPARC\src\NetworkDevice.Core\bin\Release\net8.0\NetworkDevice.Core.dll
  NetworkDevice.Protocols -> C:\SPARC\src\NetworkDevice.Protocols\bin\Release\net8.0\NetworkDevice.Protocols.dll
  NetworkDevice.Cisco -> C:\SPARC\src\NetworkDevice.Cisco\bin\Release\net8.0\NetworkDevice.Cisco.dll
  NetworkDevice.Tests -> C:\SPARC\tests\NetworkDevice.Tests\bin\Release\net8.0\NetworkDevice.Tests.dll
  NetworkDevice.Cli -> C:\SPARC\src\NetworkDevice.Cli\bin\Release\net8.0\NetworkDevice.Cli.dll
  NetworkDevice.UI -> C:\SPARC\src\NetworkDevice.UI\bin\Release\net8.0-windows\NetworkDevice.UI.dll

Compila├º├úo com ├¬xito.
    0 Aviso(s)
    0 Erro(s)

Tempo Decorrido 00:00:01.37
2026-08-31 16:22:44 [OK] Build Release concluido com sucesso.
2026-08-31 16:22:44 [*] Iniciando C:\SPARC\src\NetworkDevice.UI\bin\Release\net8.0-windows\NetworkDevice.UI.exe
2026-08-31 16:43:43 [*] Atalho SPARC recriado/corrigido com icone oficial: C:\Users\User\Desktop\SPARC.lnk
2026-08-31 16:43:43 [*] Modo local: Git nÃ£o sincronizado automaticamente (backup eventual apenas).
2026-08-31 16:43:43 [*] Codigo fonte mais recente que os binarios (MainWindow.xaml.cs 08/31/2026 16:41:59 > 08/31/2026 16:02:50). Recompilando...
2026-08-31 16:43:43 [*] Compilando Release (dotnet build -c Release)...
  Determinando os projetos a serem restaurados...
  Todos os projetos est├úo atualizados para restaura├º├úo.
C:\SPARC\src\NetworkDevice.Core\Provisioning\HostNetworkManager.cs(197,28): warning CA1416: Este site de chamada pode ser acessado em todas as plataformas. S├│ h├í suporte para 'WindowsIdentity.GetCurrent()' em: 'windows'. (https://learn.microsoft.com/dotnet/fundamentals/code-analysis/quality-rules/ca1416) [C:\SPARC\src\NetworkDevice.Core\NetworkDevice.Core.csproj]
C:\SPARC\src\NetworkDevice.Core\Provisioning\HostNetworkManager.cs(199,20): warning CA1416: Este site de chamada pode ser acessado em todas as plataformas. S├│ h├í suporte para 'WindowsPrincipal.IsInRole(WindowsBuiltInRole)' em: 'windows'. (https://learn.microsoft.com/dotnet/fundamentals/code-analysis/quality-rules/ca1416) [C:\SPARC\src\NetworkDevice.Core\NetworkDevice.Core.csproj]
C:\SPARC\src\NetworkDevice.Core\Provisioning\HostNetworkManager.cs(198,29): warning CA1416: Este site de chamada pode ser acessado em todas as plataformas. S├│ h├í suporte para 'WindowsPrincipal' em: 'windows'. (https://learn.microsoft.com/dotnet/fundamentals/code-analysis/quality-rules/ca1416) [C:\SPARC\src\NetworkDevice.Core\NetworkDevice.Core.csproj]
C:\SPARC\src\NetworkDevice.Core\Provisioning\HostNetworkManager.cs(199,39): warning CA1416: Este site de chamada pode ser acessado em todas as plataformas. S├│ h├í suporte para 'WindowsBuiltInRole.Administrator' em: 'windows'. (https://learn.microsoft.com/dotnet/fundamentals/code-analysis/quality-rules/ca1416) [C:\SPARC\src\NetworkDevice.Core\NetworkDevice.Core.csproj]
  NetworkDevice.Core -> C:\SPARC\src\NetworkDevice.Core\bin\Release\net8.0\NetworkDevice.Core.dll
  NetworkDevice.Protocols -> C:\SPARC\src\NetworkDevice.Protocols\bin\Release\net8.0\NetworkDevice.Protocols.dll
  NetworkDevice.Cisco -> C:\SPARC\src\NetworkDevice.Cisco\bin\Release\net8.0\NetworkDevice.Cisco.dll
C:\SPARC\src\NetworkDevice.UI\MainWindow.xaml.cs(647,56): error CS0103: O nome "DeviceSeries" n├úo existe no contexto atual [C:\SPARC\src\NetworkDevice.UI\NetworkDevice.UI.csproj]
C:\SPARC\src\NetworkDevice.UI\MainWindow.xaml.cs(648,57): error CS0103: O nome "DeviceSeries" n├úo existe no contexto atual [C:\SPARC\src\NetworkDevice.UI\NetworkDevice.UI.csproj]
C:\SPARC\src\NetworkDevice.UI\MainWindow.xaml.cs(649,83): error CS0103: O nome "DeviceSeries" n├úo existe no contexto atual [C:\SPARC\src\NetworkDevice.UI\NetworkDevice.UI.csproj]
C:\SPARC\src\NetworkDevice.UI\MainWindow.xaml.cs(650,30): error CS0103: O nome "DeviceSeries" n├úo existe no contexto atual [C:\SPARC\src\NetworkDevice.UI\NetworkDevice.UI.csproj]
C:\SPARC\src\NetworkDevice.UI\MainWindow.xaml.cs(652,32): error CS0246: O nome do tipo ou do namespace "DeviceDetector" n├úo pode ser encontrado (est├í faltando uma diretiva using ou uma refer├¬ncia de assembly?) [C:\SPARC\src\NetworkDevice.UI\NetworkDevice.UI.csproj]
C:\SPARC\src\NetworkDevice.UI\MainWindow.xaml.cs(655,51): error CS0103: O nome "BootState" n├úo existe no contexto atual [C:\SPARC\src\NetworkDevice.UI\NetworkDevice.UI.csproj]
C:\SPARC\src\NetworkDevice.UI\MainWindow.xaml.cs(656,53): error CS0103: O nome "BootState" n├úo existe no contexto atual [C:\SPARC\src\NetworkDevice.UI\NetworkDevice.UI.csproj]
C:\SPARC\src\NetworkDevice.UI\MainWindow.xaml.cs(657,64): error CS0103: O nome "DeviceOperatingState" n├úo existe no contexto atual [C:\SPARC\src\NetworkDevice.UI\NetworkDevice.UI.csproj]
C:\SPARC\src\NetworkDevice.UI\MainWindow.xaml.cs(658,51): error CS0103: O nome "DeviceManufacturer" n├úo existe no contexto atual [C:\SPARC\src\NetworkDevice.UI\NetworkDevice.UI.csproj]
C:\SPARC\src\NetworkDevice.UI\MainWindow.xaml.cs(659,53): error CS0103: O nome "DeviceManufacturer" n├úo existe no contexto atual [C:\SPARC\src\NetworkDevice.UI\NetworkDevice.UI.csproj]
C:\SPARC\src\NetworkDevice.UI\MainWindow.xaml.cs(661,71): error CS0103: O nome "DeviceOperatingState" n├úo existe no contexto atual [C:\SPARC\src\NetworkDevice.UI\NetworkDevice.UI.csproj]
  NetworkDevice.Tests -> C:\SPARC\tests\NetworkDevice.Tests\bin\Release\net8.0\NetworkDevice.Tests.dll
  NetworkDevice.Cli -> C:\SPARC\src\NetworkDevice.Cli\bin\Release\net8.0\NetworkDevice.Cli.dll

FALHA da compila├º├úo.

C:\SPARC\src\NetworkDevice.Core\Provisioning\HostNetworkManager.cs(197,28): warning CA1416: Este site de chamada pode ser acessado em todas as plataformas. S├│ h├í suporte para 'WindowsIdentity.GetCurrent()' em: 'windows'. (https://learn.microsoft.com/dotnet/fundamentals/code-analysis/quality-rules/ca1416) [C:\SPARC\src\NetworkDevice.Core\NetworkDevice.Core.csproj]
C:\SPARC\src\NetworkDevice.Core\Provisioning\HostNetworkManager.cs(199,20): warning CA1416: Este site de chamada pode ser acessado em todas as plataformas. S├│ h├í suporte para 'WindowsPrincipal.IsInRole(WindowsBuiltInRole)' em: 'windows'. (https://learn.microsoft.com/dotnet/fundamentals/code-analysis/quality-rules/ca1416) [C:\SPARC\src\NetworkDevice.Core\NetworkDevice.Core.csproj]
C:\SPARC\src\NetworkDevice.Core\Provisioning\HostNetworkManager.cs(198,29): warning CA1416: Este site de chamada pode ser acessado em todas as plataformas. S├│ h├í suporte para 'WindowsPrincipal' em: 'windows'. (https://learn.microsoft.com/dotnet/fundamentals/code-analysis/quality-rules/ca1416) [C:\SPARC\src\NetworkDevice.Core\NetworkDevice.Core.csproj]
C:\SPARC\src\NetworkDevice.Core\Provisioning\HostNetworkManager.cs(199,39): warning CA1416: Este site de chamada pode ser acessado em todas as plataformas. S├│ h├í suporte para 'WindowsBuiltInRole.Administrator' em: 'windows'. (https://learn.microsoft.com/dotnet/fundamentals/code-analysis/quality-rules/ca1416) [C:\SPARC\src\NetworkDevice.Core\NetworkDevice.Core.csproj]
C:\SPARC\src\NetworkDevice.UI\MainWindow.xaml.cs(647,56): error CS0103: O nome "DeviceSeries" n├úo existe no contexto atual [C:\SPARC\src\NetworkDevice.UI\NetworkDevice.UI.csproj]
C:\SPARC\src\NetworkDevice.UI\MainWindow.xaml.cs(648,57): error CS0103: O nome "DeviceSeries" n├úo existe no contexto atual [C:\SPARC\src\NetworkDevice.UI\NetworkDevice.UI.csproj]
C:\SPARC\src\NetworkDevice.UI\MainWindow.xaml.cs(649,83): error CS0103: O nome "DeviceSeries" n├úo existe no contexto atual [C:\SPARC\src\NetworkDevice.UI\NetworkDevice.UI.csproj]
C:\SPARC\src\NetworkDevice.UI\MainWindow.xaml.cs(650,30): error CS0103: O nome "DeviceSeries" n├úo existe no contexto atual [C:\SPARC\src\NetworkDevice.UI\NetworkDevice.UI.csproj]
C:\SPARC\src\NetworkDevice.UI\MainWindow.xaml.cs(652,32): error CS0246: O nome do tipo ou do namespace "DeviceDetector" n├úo pode ser encontrado (est├í faltando uma diretiva using ou uma refer├¬ncia de assembly?) [C:\SPARC\src\NetworkDevice.UI\NetworkDevice.UI.csproj]
C:\SPARC\src\NetworkDevice.UI\MainWindow.xaml.cs(655,51): error CS0103: O nome "BootState" n├úo existe no contexto atual [C:\SPARC\src\NetworkDevice.UI\NetworkDevice.UI.csproj]
C:\SPARC\src\NetworkDevice.UI\MainWindow.xaml.cs(656,53): error CS0103: O nome "BootState" n├úo existe no contexto atual [C:\SPARC\src\NetworkDevice.UI\NetworkDevice.UI.csproj]
C:\SPARC\src\NetworkDevice.UI\MainWindow.xaml.cs(657,64): error CS0103: O nome "DeviceOperatingState" n├úo existe no contexto atual [C:\SPARC\src\NetworkDevice.UI\NetworkDevice.UI.csproj]
C:\SPARC\src\NetworkDevice.UI\MainWindow.xaml.cs(658,51): error CS0103: O nome "DeviceManufacturer" n├úo existe no contexto atual [C:\SPARC\src\NetworkDevice.UI\NetworkDevice.UI.csproj]
C:\SPARC\src\NetworkDevice.UI\MainWindow.xaml.cs(659,53): error CS0103: O nome "DeviceManufacturer" n├úo existe no contexto atual [C:\SPARC\src\NetworkDevice.UI\NetworkDevice.UI.csproj]
C:\SPARC\src\NetworkDevice.UI\MainWindow.xaml.cs(661,71): error CS0103: O nome "DeviceOperatingState" n├úo existe no contexto atual [C:\SPARC\src\NetworkDevice.UI\NetworkDevice.UI.csproj]
    4 Aviso(s)
    11 Erro(s)

Tempo Decorrido 00:00:08.95
2026-08-31 16:43:55 [*] Nova tentativa de compilacao Release...
  Determinando os projetos a serem restaurados...
  Todos os projetos est├úo atualizados para restaura├º├úo.
  NetworkDevice.Core -> C:\SPARC\src\NetworkDevice.Core\bin\Release\net8.0\NetworkDevice.Core.dll
  NetworkDevice.Protocols -> C:\SPARC\src\NetworkDevice.Protocols\bin\Release\net8.0\NetworkDevice.Protocols.dll
  NetworkDevice.Cisco -> C:\SPARC\src\NetworkDevice.Cisco\bin\Release\net8.0\NetworkDevice.Cisco.dll
C:\SPARC\src\NetworkDevice.UI\MainWindow.xaml.cs(647,56): error CS0103: O nome "DeviceSeries" n├úo existe no contexto atual [C:\SPARC\src\NetworkDevice.UI\NetworkDevice.UI.csproj]
C:\SPARC\src\NetworkDevice.UI\MainWindow.xaml.cs(648,57): error CS0103: O nome "DeviceSeries" n├úo existe no contexto atual [C:\SPARC\src\NetworkDevice.UI\NetworkDevice.UI.csproj]
C:\SPARC\src\NetworkDevice.UI\MainWindow.xaml.cs(649,83): error CS0103: O nome "DeviceSeries" n├úo existe no contexto atual [C:\SPARC\src\NetworkDevice.UI\NetworkDevice.UI.csproj]
C:\SPARC\src\NetworkDevice.UI\MainWindow.xaml.cs(650,30): error CS0103: O nome "DeviceSeries" n├úo existe no contexto atual [C:\SPARC\src\NetworkDevice.UI\NetworkDevice.UI.csproj]
C:\SPARC\src\NetworkDevice.UI\MainWindow.xaml.cs(652,32): error CS0246: O nome do tipo ou do namespace "DeviceDetector" n├úo pode ser encontrado (est├í faltando uma diretiva using ou uma refer├¬ncia de assembly?) [C:\SPARC\src\NetworkDevice.UI\NetworkDevice.UI.csproj]
C:\SPARC\src\NetworkDevice.UI\MainWindow.xaml.cs(655,51): error CS0103: O nome "BootState" n├úo existe no contexto atual [C:\SPARC\src\NetworkDevice.UI\NetworkDevice.UI.csproj]
C:\SPARC\src\NetworkDevice.UI\MainWindow.xaml.cs(656,53): error CS0103: O nome "BootState" n├úo existe no contexto atual [C:\SPARC\src\NetworkDevice.UI\NetworkDevice.UI.csproj]
C:\SPARC\src\NetworkDevice.UI\MainWindow.xaml.cs(657,64): error CS0103: O nome "DeviceOperatingState" n├úo existe no contexto atual [C:\SPARC\src\NetworkDevice.UI\NetworkDevice.UI.csproj]
C:\SPARC\src\NetworkDevice.UI\MainWindow.xaml.cs(658,51): error CS0103: O nome "DeviceManufacturer" n├úo existe no contexto atual [C:\SPARC\src\NetworkDevice.UI\NetworkDevice.UI.csproj]
C:\SPARC\src\NetworkDevice.UI\MainWindow.xaml.cs(659,53): error CS0103: O nome "DeviceManufacturer" n├úo existe no contexto atual [C:\SPARC\src\NetworkDevice.UI\NetworkDevice.UI.csproj]
C:\SPARC\src\NetworkDevice.UI\MainWindow.xaml.cs(661,71): error CS0103: O nome "DeviceOperatingState" n├úo existe no contexto atual [C:\SPARC\src\NetworkDevice.UI\NetworkDevice.UI.csproj]
  NetworkDevice.Cli -> C:\SPARC\src\NetworkDevice.Cli\bin\Release\net8.0\NetworkDevice.Cli.dll
  NetworkDevice.Tests -> C:\SPARC\tests\NetworkDevice.Tests\bin\Release\net8.0\NetworkDevice.Tests.dll

FALHA da compila├º├úo.

C:\SPARC\src\NetworkDevice.UI\MainWindow.xaml.cs(647,56): error CS0103: O nome "DeviceSeries" n├úo existe no contexto atual [C:\SPARC\src\NetworkDevice.UI\NetworkDevice.UI.csproj]
C:\SPARC\src\NetworkDevice.UI\MainWindow.xaml.cs(648,57): error CS0103: O nome "DeviceSeries" n├úo existe no contexto atual [C:\SPARC\src\NetworkDevice.UI\NetworkDevice.UI.csproj]
C:\SPARC\src\NetworkDevice.UI\MainWindow.xaml.cs(649,83): error CS0103: O nome "DeviceSeries" n├úo existe no contexto atual [C:\SPARC\src\NetworkDevice.UI\NetworkDevice.UI.csproj]
C:\SPARC\src\NetworkDevice.UI\MainWindow.xaml.cs(650,30): error CS0103: O nome "DeviceSeries" n├úo existe no contexto atual [C:\SPARC\src\NetworkDevice.UI\NetworkDevice.UI.csproj]
C:\SPARC\src\NetworkDevice.UI\MainWindow.xaml.cs(652,32): error CS0246: O nome do tipo ou do namespace "DeviceDetector" n├úo pode ser encontrado (est├í faltando uma diretiva using ou uma refer├¬ncia de assembly?) [C:\SPARC\src\NetworkDevice.UI\NetworkDevice.UI.csproj]
C:\SPARC\src\NetworkDevice.UI\MainWindow.xaml.cs(655,51): error CS0103: O nome "BootState" n├úo existe no contexto atual [C:\SPARC\src\NetworkDevice.UI\NetworkDevice.UI.csproj]
C:\SPARC\src\NetworkDevice.UI\MainWindow.xaml.cs(656,53): error CS0103: O nome "BootState" n├úo existe no contexto atual [C:\SPARC\src\NetworkDevice.UI\NetworkDevice.UI.csproj]
C:\SPARC\src\NetworkDevice.UI\MainWindow.xaml.cs(657,64): error CS0103: O nome "DeviceOperatingState" n├úo existe no contexto atual [C:\SPARC\src\NetworkDevice.UI\NetworkDevice.UI.csproj]
C:\SPARC\src\NetworkDevice.UI\MainWindow.xaml.cs(658,51): error CS0103: O nome "DeviceManufacturer" n├úo existe no contexto atual [C:\SPARC\src\NetworkDevice.UI\NetworkDevice.UI.csproj]
C:\SPARC\src\NetworkDevice.UI\MainWindow.xaml.cs(659,53): error CS0103: O nome "DeviceManufacturer" n├úo existe no contexto atual [C:\SPARC\src\NetworkDevice.UI\NetworkDevice.UI.csproj]
C:\SPARC\src\NetworkDevice.UI\MainWindow.xaml.cs(661,71): error CS0103: O nome "DeviceOperatingState" n├úo existe no contexto atual [C:\SPARC\src\NetworkDevice.UI\NetworkDevice.UI.csproj]
    0 Aviso(s)
    11 Erro(s)

Tempo Decorrido 00:00:02.75
2026-08-31 16:44:00 [ERRO] Falha na compilacao Release (exit 1).
2026-08-31 16:45:55 [*] Atalho SPARC recriado/corrigido com icone oficial: C:\Users\User\Desktop\SPARC.lnk
2026-08-31 16:45:56 [*] Modo local: Git nÃ£o sincronizado automaticamente (backup eventual apenas).
2026-08-31 16:45:56 [*] Codigo fonte mais recente que os binarios (MainWindow.xaml.cs 08/31/2026 16:44:40 > 08/31/2026 16:43:51). Recompilando...
2026-08-31 16:45:56 [*] Compilando Release (dotnet build -c Release)...
  Determinando os projetos a serem restaurados...
  Todos os projetos est├úo atualizados para restaura├º├úo.
  NetworkDevice.Core -> C:\SPARC\src\NetworkDevice.Core\bin\Release\net8.0\NetworkDevice.Core.dll
  NetworkDevice.Protocols -> C:\SPARC\src\NetworkDevice.Protocols\bin\Release\net8.0\NetworkDevice.Protocols.dll
  NetworkDevice.Cisco -> C:\SPARC\src\NetworkDevice.Cisco\bin\Release\net8.0\NetworkDevice.Cisco.dll
  NetworkDevice.Tests -> C:\SPARC\tests\NetworkDevice.Tests\bin\Release\net8.0\NetworkDevice.Tests.dll
  NetworkDevice.UI -> C:\SPARC\src\NetworkDevice.UI\bin\Release\net8.0-windows\NetworkDevice.UI.dll
  NetworkDevice.Cli -> C:\SPARC\src\NetworkDevice.Cli\bin\Release\net8.0\NetworkDevice.Cli.dll

Compila├º├úo com ├¬xito.
    0 Aviso(s)
    0 Erro(s)

Tempo Decorrido 00:00:01.38
2026-08-31 16:46:00 [OK] Build Release concluido com sucesso.
2026-08-31 16:46:00 [*] Iniciando C:\SPARC\src\NetworkDevice.UI\bin\Release\net8.0-windows\NetworkDevice.UI.exe
2026-08-31 16:55:57 [*] Atalho SPARC recriado/corrigido com icone oficial: C:\Users\User\Desktop\SPARC.lnk
2026-08-31 16:55:57 [*] Modo local: Git nÃ£o sincronizado automaticamente (backup eventual apenas).
2026-08-31 16:55:58 [*] Codigo fonte mais recente que os binarios (MainWindow.xaml.cs 08/31/2026 16:50:47 > 08/31/2026 16:43:51). Recompilando...
2026-08-31 16:55:58 [*] Compilando Release (dotnet build -c Release)...
  Determinando os projetos a serem restaurados...
  Todos os projetos est├úo atualizados para restaura├º├úo.
  NetworkDevice.Core -> C:\SPARC\src\NetworkDevice.Core\bin\Release\net8.0\NetworkDevice.Core.dll
  NetworkDevice.Protocols -> C:\SPARC\src\NetworkDevice.Protocols\bin\Release\net8.0\NetworkDevice.Protocols.dll
  NetworkDevice.Cisco -> C:\SPARC\src\NetworkDevice.Cisco\bin\Release\net8.0\NetworkDevice.Cisco.dll
  NetworkDevice.Tests -> C:\SPARC\tests\NetworkDevice.Tests\bin\Release\net8.0\NetworkDevice.Tests.dll
  NetworkDevice.UI -> C:\SPARC\src\NetworkDevice.UI\bin\Release\net8.0-windows\NetworkDevice.UI.dll
  NetworkDevice.Cli -> C:\SPARC\src\NetworkDevice.Cli\bin\Release\net8.0\NetworkDevice.Cli.dll

Compila├º├úo com ├¬xito.
    0 Aviso(s)
    0 Erro(s)

Tempo Decorrido 00:00:01.35
2026-08-31 16:56:03 [OK] Build Release concluido com sucesso.
2026-08-31 16:56:03 [*] Iniciando C:\SPARC\src\NetworkDevice.UI\bin\Release\net8.0-windows\NetworkDevice.UI.exe
2026-08-31 17:00:13 [*] Atalho SPARC recriado/corrigido com icone oficial: C:\Users\User\Desktop\SPARC.lnk
2026-08-31 17:00:13 [*] Modo local: Git nÃ£o sincronizado automaticamente (backup eventual apenas).
2026-08-31 17:00:13 [*] Codigo fonte mais recente que os binarios (MainWindow.xaml.cs 08/31/2026 16:58:55 > 08/31/2026 16:43:51). Recompilando...
2026-08-31 17:00:13 [*] Compilando Release (dotnet build -c Release)...
  Determinando os projetos a serem restaurados...
  Todos os projetos est├úo atualizados para restaura├º├úo.
  NetworkDevice.Core -> C:\SPARC\src\NetworkDevice.Core\bin\Release\net8.0\NetworkDevice.Core.dll
  NetworkDevice.Protocols -> C:\SPARC\src\NetworkDevice.Protocols\bin\Release\net8.0\NetworkDevice.Protocols.dll
  NetworkDevice.Cisco -> C:\SPARC\src\NetworkDevice.Cisco\bin\Release\net8.0\NetworkDevice.Cisco.dll
  NetworkDevice.UI -> C:\SPARC\src\NetworkDevice.UI\bin\Release\net8.0-windows\NetworkDevice.UI.dll
  NetworkDevice.Cli -> C:\SPARC\src\NetworkDevice.Cli\bin\Release\net8.0\NetworkDevice.Cli.dll
  NetworkDevice.Tests -> C:\SPARC\tests\NetworkDevice.Tests\bin\Release\net8.0\NetworkDevice.Tests.dll

Compila├º├úo com ├¬xito.
    0 Aviso(s)
    0 Erro(s)

Tempo Decorrido 00:00:01.95
2026-08-31 17:00:19 [OK] Build Release concluido com sucesso.
2026-08-31 17:00:19 [*] Iniciando C:\SPARC\src\NetworkDevice.UI\bin\Release\net8.0-windows\NetworkDevice.UI.exe
2026-08-31 17:03:38 [*] Atalho SPARC recriado/corrigido com icone oficial: C:\Users\User\Desktop\SPARC.lnk
2026-08-31 17:03:38 [*] Modo local: Git nÃ£o sincronizado automaticamente (backup eventual apenas).
2026-08-31 17:03:38 [*] Codigo fonte mais recente que os binarios (MainWindow.xaml.cs 08/31/2026 17:02:40 > 08/31/2026 16:43:51). Recompilando...
2026-08-31 17:03:38 [*] Compilando Release (dotnet build -c Release)...
  Determinando os projetos a serem restaurados...
  Todos os projetos est├úo atualizados para restaura├º├úo.
  NetworkDevice.Core -> C:\SPARC\src\NetworkDevice.Core\bin\Release\net8.0\NetworkDevice.Core.dll
  NetworkDevice.Protocols -> C:\SPARC\src\NetworkDevice.Protocols\bin\Release\net8.0\NetworkDevice.Protocols.dll
  NetworkDevice.Cisco -> C:\SPARC\src\NetworkDevice.Cisco\bin\Release\net8.0\NetworkDevice.Cisco.dll
  NetworkDevice.UI -> C:\SPARC\src\NetworkDevice.UI\bin\Release\net8.0-windows\NetworkDevice.UI.dll
  NetworkDevice.Cli -> C:\SPARC\src\NetworkDevice.Cli\bin\Release\net8.0\NetworkDevice.Cli.dll
  NetworkDevice.Tests -> C:\SPARC\tests\NetworkDevice.Tests\bin\Release\net8.0\NetworkDevice.Tests.dll

Compila├º├úo com ├¬xito.
    0 Aviso(s)
    0 Erro(s)

Tempo Decorrido 00:00:01.94
2026-08-31 17:03:44 [OK] Build Release concluido com sucesso.
2026-08-31 17:03:44 [*] Iniciando C:\SPARC\src\NetworkDevice.UI\bin\Release\net8.0-windows\NetworkDevice.UI.exe
2026-08-31 17:07:29 [*] Atalho SPARC recriado/corrigido com icone oficial: C:\Users\User\Desktop\SPARC.lnk
2026-08-31 17:07:29 [*] Modo local: Git nÃ£o sincronizado automaticamente (backup eventual apenas).
2026-08-31 17:07:29 [*] Codigo fonte mais recente que os binarios (MainWindow.xaml.cs 08/31/2026 17:06:32 > 08/31/2026 16:43:51). Recompilando...
2026-08-31 17:07:29 [*] Compilando Release (dotnet build -c Release)...
  Determinando os projetos a serem restaurados...
  Todos os projetos est├úo atualizados para restaura├º├úo.
  NetworkDevice.Core -> C:\SPARC\src\NetworkDevice.Core\bin\Release\net8.0\NetworkDevice.Core.dll
  NetworkDevice.Protocols -> C:\SPARC\src\NetworkDevice.Protocols\bin\Release\net8.0\NetworkDevice.Protocols.dll
  NetworkDevice.Cisco -> C:\SPARC\src\NetworkDevice.Cisco\bin\Release\net8.0\NetworkDevice.Cisco.dll
  NetworkDevice.Tests -> C:\SPARC\tests\NetworkDevice.Tests\bin\Release\net8.0\NetworkDevice.Tests.dll
  NetworkDevice.UI -> C:\SPARC\src\NetworkDevice.UI\bin\Release\net8.0-windows\NetworkDevice.UI.dll
  NetworkDevice.Cli -> C:\SPARC\src\NetworkDevice.Cli\bin\Release\net8.0\NetworkDevice.Cli.dll

Compila├º├úo com ├¬xito.
    0 Aviso(s)
    0 Erro(s)

Tempo Decorrido 00:00:01.90
2026-08-31 17:07:35 [OK] Build Release concluido com sucesso.
2026-08-31 17:07:35 [*] Iniciando C:\SPARC\src\NetworkDevice.UI\bin\Release\net8.0-windows\NetworkDevice.UI.exe
2026-08-31 17:08:46 [*] Atalho SPARC recriado/corrigido com icone oficial: C:\Users\User\Desktop\SPARC.lnk
2026-08-31 17:08:46 [*] Modo local: Git nÃ£o sincronizado automaticamente (backup eventual apenas).
2026-08-31 17:08:46 [*] Codigo fonte mais recente que os binarios (MainWindow.xaml.cs 08/31/2026 17:06:32 > 08/31/2026 16:43:51). Recompilando...
2026-08-31 17:08:46 [*] Compilando Release (dotnet build -c Release)...
  Determinando os projetos a serem restaurados...
  Todos os projetos est├úo atualizados para restaura├º├úo.
  NetworkDevice.Core -> C:\SPARC\src\NetworkDevice.Core\bin\Release\net8.0\NetworkDevice.Core.dll
  NetworkDevice.Protocols -> C:\SPARC\src\NetworkDevice.Protocols\bin\Release\net8.0\NetworkDevice.Protocols.dll
  NetworkDevice.Cisco -> C:\SPARC\src\NetworkDevice.Cisco\bin\Release\net8.0\NetworkDevice.Cisco.dll
  NetworkDevice.UI -> C:\SPARC\src\NetworkDevice.UI\bin\Release\net8.0-windows\NetworkDevice.UI.dll
  NetworkDevice.Cli -> C:\SPARC\src\NetworkDevice.Cli\bin\Release\net8.0\NetworkDevice.Cli.dll
  NetworkDevice.Tests -> C:\SPARC\tests\NetworkDevice.Tests\bin\Release\net8.0\NetworkDevice.Tests.dll

Compila├º├úo com ├¬xito.
    0 Aviso(s)
    0 Erro(s)

Tempo Decorrido 00:00:01.35
2026-08-31 17:08:51 [OK] Build Release concluido com sucesso.
2026-08-31 17:08:51 [*] Iniciando C:\SPARC\src\NetworkDevice.UI\bin\Release\net8.0-windows\NetworkDevice.UI.exe
2026-08-31 17:11:56 [*] Atalho SPARC recriado/corrigido com icone oficial: C:\Users\User\Desktop\SPARC.lnk
2026-08-31 17:11:56 [*] Modo local: Git nÃ£o sincronizado automaticamente (backup eventual apenas).
2026-08-31 17:11:56 [*] Codigo fonte mais recente que os binarios (MainWindow.xaml.cs 08/31/2026 17:10:49 > 08/31/2026 16:43:51). Recompilando...
2026-08-31 17:11:56 [*] Compilando Release (dotnet build -c Release)...
  Determinando os projetos a serem restaurados...
  Todos os projetos est├úo atualizados para restaura├º├úo.
  NetworkDevice.Core -> C:\SPARC\src\NetworkDevice.Core\bin\Release\net8.0\NetworkDevice.Core.dll
  NetworkDevice.Protocols -> C:\SPARC\src\NetworkDevice.Protocols\bin\Release\net8.0\NetworkDevice.Protocols.dll
  NetworkDevice.Cisco -> C:\SPARC\src\NetworkDevice.Cisco\bin\Release\net8.0\NetworkDevice.Cisco.dll
  NetworkDevice.UI -> C:\SPARC\src\NetworkDevice.UI\bin\Release\net8.0-windows\NetworkDevice.UI.dll
  NetworkDevice.Cli -> C:\SPARC\src\NetworkDevice.Cli\bin\Release\net8.0\NetworkDevice.Cli.dll
  NetworkDevice.Tests -> C:\SPARC\tests\NetworkDevice.Tests\bin\Release\net8.0\NetworkDevice.Tests.dll

Compila├º├úo com ├¬xito.
    0 Aviso(s)
    0 Erro(s)

Tempo Decorrido 00:00:01.91
2026-08-31 17:12:03 [OK] Build Release concluido com sucesso.
2026-08-31 17:12:03 [*] Iniciando C:\SPARC\src\NetworkDevice.UI\bin\Release\net8.0-windows\NetworkDevice.UI.exe
2026-08-31 17:14:33 [*] Atalho SPARC recriado/corrigido com icone oficial: C:\Users\User\Desktop\SPARC.lnk
2026-08-31 17:14:33 [*] Modo local: Git nÃ£o sincronizado automaticamente (backup eventual apenas).
2026-08-31 17:14:33 [*] Codigo fonte mais recente que os binarios (MainWindow.xaml.cs 08/31/2026 17:10:49 > 08/31/2026 16:43:51). Recompilando...
2026-08-31 17:14:33 [*] Compilando Release (dotnet build -c Release)...
  Determinando os projetos a serem restaurados...
  Todos os projetos est├úo atualizados para restaura├º├úo.
  NetworkDevice.Core -> C:\SPARC\src\NetworkDevice.Core\bin\Release\net8.0\NetworkDevice.Core.dll
  NetworkDevice.Protocols -> C:\SPARC\src\NetworkDevice.Protocols\bin\Release\net8.0\NetworkDevice.Protocols.dll
  NetworkDevice.Cisco -> C:\SPARC\src\NetworkDevice.Cisco\bin\Release\net8.0\NetworkDevice.Cisco.dll
  NetworkDevice.Tests -> C:\SPARC\tests\NetworkDevice.Tests\bin\Release\net8.0\NetworkDevice.Tests.dll
  NetworkDevice.UI -> C:\SPARC\src\NetworkDevice.UI\bin\Release\net8.0-windows\NetworkDevice.UI.dll
  NetworkDevice.Cli -> C:\SPARC\src\NetworkDevice.Cli\bin\Release\net8.0\NetworkDevice.Cli.dll

Compila├º├úo com ├¬xito.
    0 Aviso(s)
    0 Erro(s)

Tempo Decorrido 00:00:01.34
2026-08-31 17:14:38 [OK] Build Release concluido com sucesso.
2026-08-31 17:14:38 [*] Iniciando C:\SPARC\src\NetworkDevice.UI\bin\Release\net8.0-windows\NetworkDevice.UI.exe
2026-08-31 17:14:55 [*] Atalho SPARC recriado/corrigido com icone oficial: C:\Users\User\Desktop\SPARC.lnk
2026-08-31 17:14:55 [*] Modo local: Git nÃ£o sincronizado automaticamente (backup eventual apenas).
2026-08-31 17:14:55 [*] Codigo fonte mais recente que os binarios (MainWindow.xaml.cs 08/31/2026 17:10:49 > 08/31/2026 16:43:51). Recompilando...
2026-08-31 17:14:55 [*] Compilando Release (dotnet build -c Release)...
  Determinando os projetos a serem restaurados...
  Todos os projetos est├úo atualizados para restaura├º├úo.
  NetworkDevice.Core -> C:\SPARC\src\NetworkDevice.Core\bin\Release\net8.0\NetworkDevice.Core.dll
  NetworkDevice.Protocols -> C:\SPARC\src\NetworkDevice.Protocols\bin\Release\net8.0\NetworkDevice.Protocols.dll
  NetworkDevice.Cisco -> C:\SPARC\src\NetworkDevice.Cisco\bin\Release\net8.0\NetworkDevice.Cisco.dll
  NetworkDevice.UI -> C:\SPARC\src\NetworkDevice.UI\bin\Release\net8.0-windows\NetworkDevice.UI.dll
  NetworkDevice.Cli -> C:\SPARC\src\NetworkDevice.Cli\bin\Release\net8.0\NetworkDevice.Cli.dll
  NetworkDevice.Tests -> C:\SPARC\tests\NetworkDevice.Tests\bin\Release\net8.0\NetworkDevice.Tests.dll

Compila├º├úo com ├¬xito.
    0 Aviso(s)
    0 Erro(s)

Tempo Decorrido 00:00:01.35
2026-08-31 17:15:00 [OK] Build Release concluido com sucesso.
2026-08-31 17:15:00 [*] Iniciando C:\SPARC\src\NetworkDevice.UI\bin\Release\net8.0-windows\NetworkDevice.UI.exe
2026-08-31 17:17:27 [*] Atalho SPARC recriado/corrigido com icone oficial: C:\Users\User\Desktop\SPARC.lnk
2026-08-31 17:17:27 [*] Modo local: Git nÃ£o sincronizado automaticamente (backup eventual apenas).
2026-08-31 17:17:27 [*] Codigo fonte mais recente que os binarios (MainWindow.xaml.cs 08/31/2026 17:16:23 > 08/31/2026 16:43:51). Recompilando...
2026-08-31 17:17:27 [*] Compilando Release (dotnet build -c Release)...
  Determinando os projetos a serem restaurados...
  Todos os projetos est├úo atualizados para restaura├º├úo.
  NetworkDevice.Core -> C:\SPARC\src\NetworkDevice.Core\bin\Release\net8.0\NetworkDevice.Core.dll
  NetworkDevice.Protocols -> C:\SPARC\src\NetworkDevice.Protocols\bin\Release\net8.0\NetworkDevice.Protocols.dll
  NetworkDevice.Cisco -> C:\SPARC\src\NetworkDevice.Cisco\bin\Release\net8.0\NetworkDevice.Cisco.dll
  NetworkDevice.UI -> C:\SPARC\src\NetworkDevice.UI\bin\Release\net8.0-windows\NetworkDevice.UI.dll
  NetworkDevice.Cli -> C:\SPARC\src\NetworkDevice.Cli\bin\Release\net8.0\NetworkDevice.Cli.dll
  NetworkDevice.Tests -> C:\SPARC\tests\NetworkDevice.Tests\bin\Release\net8.0\NetworkDevice.Tests.dll

Compila├º├úo com ├¬xito.
    0 Aviso(s)
    0 Erro(s)

Tempo Decorrido 00:00:01.83
2026-08-31 17:17:33 [OK] Build Release concluido com sucesso.
2026-08-31 17:17:33 [*] Iniciando C:\SPARC\src\NetworkDevice.UI\bin\Release\net8.0-windows\NetworkDevice.UI.exe
2026-08-31 17:20:36 [*] Atalho SPARC recriado/corrigido com icone oficial: C:\Users\User\Desktop\SPARC.lnk
2026-08-31 17:20:36 [*] Modo local: Git nÃ£o sincronizado automaticamente (backup eventual apenas).
2026-08-31 17:20:36 [*] Codigo fonte mais recente que os binarios (MainWindow.xaml.cs 08/31/2026 17:19:21 > 08/31/2026 16:43:51). Recompilando...
2026-08-31 17:20:36 [*] Compilando Release (dotnet build -c Release)...
  Determinando os projetos a serem restaurados...
  Todos os projetos est├úo atualizados para restaura├º├úo.
  NetworkDevice.Core -> C:\SPARC\src\NetworkDevice.Core\bin\Release\net8.0\NetworkDevice.Core.dll
  NetworkDevice.Protocols -> C:\SPARC\src\NetworkDevice.Protocols\bin\Release\net8.0\NetworkDevice.Protocols.dll
  NetworkDevice.Cisco -> C:\SPARC\src\NetworkDevice.Cisco\bin\Release\net8.0\NetworkDevice.Cisco.dll
  NetworkDevice.Tests -> C:\SPARC\tests\NetworkDevice.Tests\bin\Release\net8.0\NetworkDevice.Tests.dll
  NetworkDevice.UI -> C:\SPARC\src\NetworkDevice.UI\bin\Release\net8.0-windows\NetworkDevice.UI.dll
  NetworkDevice.Cli -> C:\SPARC\src\NetworkDevice.Cli\bin\Release\net8.0\NetworkDevice.Cli.dll

Compila├º├úo com ├¬xito.
    0 Aviso(s)
    0 Erro(s)

Tempo Decorrido 00:00:01.85
2026-08-31 17:20:41 [OK] Build Release concluido com sucesso.
2026-08-31 17:20:41 [*] Iniciando C:\SPARC\src\NetworkDevice.UI\bin\Release\net8.0-windows\NetworkDevice.UI.exe
2026-08-31 17:25:30 [*] Atalho SPARC recriado/corrigido com icone oficial: C:\Users\User\Desktop\SPARC.lnk
2026-08-31 17:25:30 [*] Modo local: Git nÃ£o sincronizado automaticamente (backup eventual apenas).
2026-08-31 17:25:30 [*] Codigo fonte mais recente que os binarios (MainWindow.xaml.cs 08/31/2026 17:24:28 > 08/31/2026 16:43:51). Recompilando...
2026-08-31 17:25:30 [*] Compilando Release (dotnet build -c Release)...
  Determinando os projetos a serem restaurados...
  Todos os projetos est├úo atualizados para restaura├º├úo.
  NetworkDevice.Core -> C:\SPARC\src\NetworkDevice.Core\bin\Release\net8.0\NetworkDevice.Core.dll
  NetworkDevice.Protocols -> C:\SPARC\src\NetworkDevice.Protocols\bin\Release\net8.0\NetworkDevice.Protocols.dll
  NetworkDevice.Cisco -> C:\SPARC\src\NetworkDevice.Cisco\bin\Release\net8.0\NetworkDevice.Cisco.dll
  NetworkDevice.Tests -> C:\SPARC\tests\NetworkDevice.Tests\bin\Release\net8.0\NetworkDevice.Tests.dll
  NetworkDevice.UI -> C:\SPARC\src\NetworkDevice.UI\bin\Release\net8.0-windows\NetworkDevice.UI.dll
  NetworkDevice.Cli -> C:\SPARC\src\NetworkDevice.Cli\bin\Release\net8.0\NetworkDevice.Cli.dll

Compila├º├úo com ├¬xito.
    0 Aviso(s)
    0 Erro(s)

Tempo Decorrido 00:00:01.88
2026-08-31 17:25:37 [OK] Build Release concluido com sucesso.
2026-08-31 17:25:37 [*] Iniciando C:\SPARC\src\NetworkDevice.UI\bin\Release\net8.0-windows\NetworkDevice.UI.exe
2026-08-31 17:28:19 [*] Atalho SPARC recriado/corrigido com icone oficial: C:\Users\User\Desktop\SPARC.lnk
2026-08-31 17:28:19 [*] Modo local: Git nÃ£o sincronizado automaticamente (backup eventual apenas).
2026-08-31 17:28:20 [*] Codigo fonte mais recente que os binarios (MainWindow.xaml.cs 08/31/2026 17:26:55 > 08/31/2026 16:43:51). Recompilando...
2026-08-31 17:28:20 [*] Compilando Release (dotnet build -c Release)...
  Determinando os projetos a serem restaurados...
  Todos os projetos est├úo atualizados para restaura├º├úo.
  NetworkDevice.Core -> C:\SPARC\src\NetworkDevice.Core\bin\Release\net8.0\NetworkDevice.Core.dll
  NetworkDevice.Protocols -> C:\SPARC\src\NetworkDevice.Protocols\bin\Release\net8.0\NetworkDevice.Protocols.dll
  NetworkDevice.Cisco -> C:\SPARC\src\NetworkDevice.Cisco\bin\Release\net8.0\NetworkDevice.Cisco.dll
  NetworkDevice.Cli -> C:\SPARC\src\NetworkDevice.Cli\bin\Release\net8.0\NetworkDevice.Cli.dll
  NetworkDevice.UI -> C:\SPARC\src\NetworkDevice.UI\bin\Release\net8.0-windows\NetworkDevice.UI.dll
  NetworkDevice.Tests -> C:\SPARC\tests\NetworkDevice.Tests\bin\Release\net8.0\NetworkDevice.Tests.dll

Compila├º├úo com ├¬xito.
    0 Aviso(s)
    0 Erro(s)

Tempo Decorrido 00:00:01.85
2026-08-31 17:28:25 [OK] Build Release concluido com sucesso.
2026-08-31 17:28:25 [*] Iniciando C:\SPARC\src\NetworkDevice.UI\bin\Release\net8.0-windows\NetworkDevice.UI.exe
2026-08-31 17:34:11 [*] Atalho SPARC recriado/corrigido com icone oficial: C:\Users\User\Desktop\SPARC.lnk
2026-08-31 17:34:12 [*] Modo local: Git nÃ£o sincronizado automaticamente (backup eventual apenas).
2026-08-31 17:34:12 [*] Codigo fonte mais recente que os binarios (MainWindow.xaml.cs 08/31/2026 17:30:28 > 08/31/2026 16:43:51). Recompilando...
2026-08-31 17:34:12 [*] Compilando Release (dotnet build -c Release)...
  Determinando os projetos a serem restaurados...
  Todos os projetos est├úo atualizados para restaura├º├úo.
C:\SPARC\src\NetworkDevice.Core\Provisioning\HostNetworkManager.cs(198,29): warning CA1416: Este site de chamada pode ser acessado em todas as plataformas. S├│ h├í suporte para 'WindowsPrincipal' em: 'windows'. (https://learn.microsoft.com/dotnet/fundamentals/code-analysis/quality-rules/ca1416) [C:\SPARC\src\NetworkDevice.Core\NetworkDevice.Core.csproj]
C:\SPARC\src\NetworkDevice.Core\Provisioning\HostNetworkManager.cs(199,20): warning CA1416: Este site de chamada pode ser acessado em todas as plataformas. S├│ h├í suporte para 'WindowsPrincipal.IsInRole(WindowsBuiltInRole)' em: 'windows'. (https://learn.microsoft.com/dotnet/fundamentals/code-analysis/quality-rules/ca1416) [C:\SPARC\src\NetworkDevice.Core\NetworkDevice.Core.csproj]
C:\SPARC\src\NetworkDevice.Core\Provisioning\HostNetworkManager.cs(197,28): warning CA1416: Este site de chamada pode ser acessado em todas as plataformas. S├│ h├í suporte para 'WindowsIdentity.GetCurrent()' em: 'windows'. (https://learn.microsoft.com/dotnet/fundamentals/code-analysis/quality-rules/ca1416) [C:\SPARC\src\NetworkDevice.Core\NetworkDevice.Core.csproj]
C:\SPARC\src\NetworkDevice.Core\Provisioning\HostNetworkManager.cs(199,39): warning CA1416: Este site de chamada pode ser acessado em todas as plataformas. S├│ h├í suporte para 'WindowsBuiltInRole.Administrator' em: 'windows'. (https://learn.microsoft.com/dotnet/fundamentals/code-analysis/quality-rules/ca1416) [C:\SPARC\src\NetworkDevice.Core\NetworkDevice.Core.csproj]
  NetworkDevice.Core -> C:\SPARC\src\NetworkDevice.Core\bin\Release\net8.0\NetworkDevice.Core.dll
  NetworkDevice.Protocols -> C:\SPARC\src\NetworkDevice.Protocols\bin\Release\net8.0\NetworkDevice.Protocols.dll
  NetworkDevice.Cisco -> C:\SPARC\src\NetworkDevice.Cisco\bin\Release\net8.0\NetworkDevice.Cisco.dll
  NetworkDevice.UI -> C:\SPARC\src\NetworkDevice.UI\bin\Release\net8.0-windows\NetworkDevice.UI.dll
  NetworkDevice.Cli -> C:\SPARC\src\NetworkDevice.Cli\bin\Release\net8.0\NetworkDevice.Cli.dll
  NetworkDevice.Tests -> C:\SPARC\tests\NetworkDevice.Tests\bin\Release\net8.0\NetworkDevice.Tests.dll

Compila├º├úo com ├¬xito.

C:\SPARC\src\NetworkDevice.Core\Provisioning\HostNetworkManager.cs(198,29): warning CA1416: Este site de chamada pode ser acessado em todas as plataformas. S├│ h├í suporte para 'WindowsPrincipal' em: 'windows'. (https://learn.microsoft.com/dotnet/fundamentals/code-analysis/quality-rules/ca1416) [C:\SPARC\src\NetworkDevice.Core\NetworkDevice.Core.csproj]
C:\SPARC\src\NetworkDevice.Core\Provisioning\HostNetworkManager.cs(199,20): warning CA1416: Este site de chamada pode ser acessado em todas as plataformas. S├│ h├í suporte para 'WindowsPrincipal.IsInRole(WindowsBuiltInRole)' em: 'windows'. (https://learn.microsoft.com/dotnet/fundamentals/code-analysis/quality-rules/ca1416) [C:\SPARC\src\NetworkDevice.Core\NetworkDevice.Core.csproj]
C:\SPARC\src\NetworkDevice.Core\Provisioning\HostNetworkManager.cs(197,28): warning CA1416: Este site de chamada pode ser acessado em todas as plataformas. S├│ h├í suporte para 'WindowsIdentity.GetCurrent()' em: 'windows'. (https://learn.microsoft.com/dotnet/fundamentals/code-analysis/quality-rules/ca1416) [C:\SPARC\src\NetworkDevice.Core\NetworkDevice.Core.csproj]
C:\SPARC\src\NetworkDevice.Core\Provisioning\HostNetworkManager.cs(199,39): warning CA1416: Este site de chamada pode ser acessado em todas as plataformas. S├│ h├í suporte para 'WindowsBuiltInRole.Administrator' em: 'windows'. (https://learn.microsoft.com/dotnet/fundamentals/code-analysis/quality-rules/ca1416) [C:\SPARC\src\NetworkDevice.Core\NetworkDevice.Core.csproj]
    4 Aviso(s)
    0 Erro(s)

Tempo Decorrido 00:00:02.79
2026-08-31 17:34:19 [OK] Build Release concluido com sucesso.
2026-08-31 17:34:19 [*] Iniciando C:\SPARC\src\NetworkDevice.UI\bin\Release\net8.0-windows\NetworkDevice.UI.exe
2026-08-31 17:39:18 [*] Atalho SPARC recriado/corrigido com icone oficial: C:\Users\User\Desktop\SPARC.lnk
2026-08-31 17:39:18 [*] Modo local: Git nÃ£o sincronizado automaticamente (backup eventual apenas).
2026-08-31 17:39:18 [*] Codigo fonte mais recente que os binarios (DeviceSession.cs 08/31/2026 17:36:43 > 08/31/2026 17:34:17). Recompilando...
2026-08-31 17:39:18 [*] Compilando Release (dotnet build -c Release)...
  Determinando os projetos a serem restaurados...
  Todos os projetos est├úo atualizados para restaura├º├úo.
C:\SPARC\src\NetworkDevice.Core\Provisioning\HostNetworkManager.cs(198,29): warning CA1416: Este site de chamada pode ser acessado em todas as plataformas. S├│ h├í suporte para 'WindowsPrincipal' em: 'windows'. (https://learn.microsoft.com/dotnet/fundamentals/code-analysis/quality-rules/ca1416) [C:\SPARC\src\NetworkDevice.Core\NetworkDevice.Core.csproj]
C:\SPARC\src\NetworkDevice.Core\Provisioning\HostNetworkManager.cs(197,28): warning CA1416: Este site de chamada pode ser acessado em todas as plataformas. S├│ h├í suporte para 'WindowsIdentity.GetCurrent()' em: 'windows'. (https://learn.microsoft.com/dotnet/fundamentals/code-analysis/quality-rules/ca1416) [C:\SPARC\src\NetworkDevice.Core\NetworkDevice.Core.csproj]
C:\SPARC\src\NetworkDevice.Core\Provisioning\HostNetworkManager.cs(199,39): warning CA1416: Este site de chamada pode ser acessado em todas as plataformas. S├│ h├í suporte para 'WindowsBuiltInRole.Administrator' em: 'windows'. (https://learn.microsoft.com/dotnet/fundamentals/code-analysis/quality-rules/ca1416) [C:\SPARC\src\NetworkDevice.Core\NetworkDevice.Core.csproj]
C:\SPARC\src\NetworkDevice.Core\Provisioning\HostNetworkManager.cs(199,20): warning CA1416: Este site de chamada pode ser acessado em todas as plataformas. S├│ h├í suporte para 'WindowsPrincipal.IsInRole(WindowsBuiltInRole)' em: 'windows'. (https://learn.microsoft.com/dotnet/fundamentals/code-analysis/quality-rules/ca1416) [C:\SPARC\src\NetworkDevice.Core\NetworkDevice.Core.csproj]
  NetworkDevice.Core -> C:\SPARC\src\NetworkDevice.Core\bin\Release\net8.0\NetworkDevice.Core.dll
  NetworkDevice.Protocols -> C:\SPARC\src\NetworkDevice.Protocols\bin\Release\net8.0\NetworkDevice.Protocols.dll
  NetworkDevice.Cisco -> C:\SPARC\src\NetworkDevice.Cisco\bin\Release\net8.0\NetworkDevice.Cisco.dll
  NetworkDevice.UI -> C:\SPARC\src\NetworkDevice.UI\bin\Release\net8.0-windows\NetworkDevice.UI.dll
  NetworkDevice.Cli -> C:\SPARC\src\NetworkDevice.Cli\bin\Release\net8.0\NetworkDevice.Cli.dll
  NetworkDevice.Tests -> C:\SPARC\tests\NetworkDevice.Tests\bin\Release\net8.0\NetworkDevice.Tests.dll

Compila├º├úo com ├¬xito.

C:\SPARC\src\NetworkDevice.Core\Provisioning\HostNetworkManager.cs(198,29): warning CA1416: Este site de chamada pode ser acessado em todas as plataformas. S├│ h├í suporte para 'WindowsPrincipal' em: 'windows'. (https://learn.microsoft.com/dotnet/fundamentals/code-analysis/quality-rules/ca1416) [C:\SPARC\src\NetworkDevice.Core\NetworkDevice.Core.csproj]
C:\SPARC\src\NetworkDevice.Core\Provisioning\HostNetworkManager.cs(197,28): warning CA1416: Este site de chamada pode ser acessado em todas as plataformas. S├│ h├í suporte para 'WindowsIdentity.GetCurrent()' em: 'windows'. (https://learn.microsoft.com/dotnet/fundamentals/code-analysis/quality-rules/ca1416) [C:\SPARC\src\NetworkDevice.Core\NetworkDevice.Core.csproj]
C:\SPARC\src\NetworkDevice.Core\Provisioning\HostNetworkManager.cs(199,39): warning CA1416: Este site de chamada pode ser acessado em todas as plataformas. S├│ h├í suporte para 'WindowsBuiltInRole.Administrator' em: 'windows'. (https://learn.microsoft.com/dotnet/fundamentals/code-analysis/quality-rules/ca1416) [C:\SPARC\src\NetworkDevice.Core\NetworkDevice.Core.csproj]
C:\SPARC\src\NetworkDevice.Core\Provisioning\HostNetworkManager.cs(199,20): warning CA1416: Este site de chamada pode ser acessado em todas as plataformas. S├│ h├í suporte para 'WindowsPrincipal.IsInRole(WindowsBuiltInRole)' em: 'windows'. (https://learn.microsoft.com/dotnet/fundamentals/code-analysis/quality-rules/ca1416) [C:\SPARC\src\NetworkDevice.Core\NetworkDevice.Core.csproj]
    4 Aviso(s)
    0 Erro(s)

Tempo Decorrido 00:00:02.31
2026-08-31 17:39:24 [OK] Build Release concluido com sucesso.
2026-08-31 17:39:24 [*] Iniciando C:\SPARC\src\NetworkDevice.UI\bin\Release\net8.0-windows\NetworkDevice.UI.exe
2026-08-31 17:39:56 [*] Atalho SPARC recriado/corrigido com icone oficial: C:\Users\User\Desktop\SPARC.lnk
2026-08-31 17:39:56 [*] Modo local: Git nÃ£o sincronizado automaticamente (backup eventual apenas).
2026-08-31 17:39:57 [*] Codigo fonte mais recente que os binarios (PasswordAuthDialog.g.cs 08/31/2026 17:39:23 > 08/31/2026 17:39:23). Recompilando...
2026-08-31 17:39:57 [*] Compilando Release (dotnet build -c Release)...
  Determinando os projetos a serem restaurados...
  Todos os projetos est├úo atualizados para restaura├º├úo.
  NetworkDevice.Core -> C:\SPARC\src\NetworkDevice.Core\bin\Release\net8.0\NetworkDevice.Core.dll
  NetworkDevice.Protocols -> C:\SPARC\src\NetworkDevice.Protocols\bin\Release\net8.0\NetworkDevice.Protocols.dll
  NetworkDevice.Cisco -> C:\SPARC\src\NetworkDevice.Cisco\bin\Release\net8.0\NetworkDevice.Cisco.dll
  NetworkDevice.Tests -> C:\SPARC\tests\NetworkDevice.Tests\bin\Release\net8.0\NetworkDevice.Tests.dll
  NetworkDevice.Cli -> C:\SPARC\src\NetworkDevice.Cli\bin\Release\net8.0\NetworkDevice.Cli.dll
  NetworkDevice.UI -> C:\SPARC\src\NetworkDevice.UI\bin\Release\net8.0-windows\NetworkDevice.UI.dll

Compila├º├úo com ├¬xito.
    0 Aviso(s)
    0 Erro(s)

Tempo Decorrido 00:00:01.37
2026-08-31 17:40:01 [OK] Build Release concluido com sucesso.
2026-08-31 17:40:01 [*] Iniciando C:\SPARC\src\NetworkDevice.UI\bin\Release\net8.0-windows\NetworkDevice.UI.exe
2026-09-01 09:22:39 [*] Atalho SPARC recriado/corrigido com icone oficial: C:\Users\User\Desktop\SPARC.lnk
2026-09-01 09:22:39 [*] Modo local: Git nÃ£o sincronizado automaticamente (backup eventual apenas).
2026-09-01 09:22:40 [*] Codigo fonte mais recente que os binarios (MainWindow.xaml.cs 08/31/2026 17:44:08 > 08/31/2026 17:39:23). Recompilando...
2026-09-01 09:22:40 [*] Compilando Release (dotnet build -c Release)...
  Determinando os projetos a serem restaurados...
  Todos os projetos est├úo atualizados para restaura├º├úo.
  NetworkDevice.Core -> C:\SPARC\src\NetworkDevice.Core\bin\Release\net8.0\NetworkDevice.Core.dll
  NetworkDevice.Protocols -> C:\SPARC\src\NetworkDevice.Protocols\bin\Release\net8.0\NetworkDevice.Protocols.dll
  NetworkDevice.Cisco -> C:\SPARC\src\NetworkDevice.Cisco\bin\Release\net8.0\NetworkDevice.Cisco.dll
  NetworkDevice.Tests -> C:\SPARC\tests\NetworkDevice.Tests\bin\Release\net8.0\NetworkDevice.Tests.dll
  NetworkDevice.UI -> C:\SPARC\src\NetworkDevice.UI\bin\Release\net8.0-windows\NetworkDevice.UI.dll
  NetworkDevice.Cli -> C:\SPARC\src\NetworkDevice.Cli\bin\Release\net8.0\NetworkDevice.Cli.dll

Compila├º├úo com ├¬xito.
    0 Aviso(s)
    0 Erro(s)

Tempo Decorrido 00:00:05.89
2026-09-01 09:22:49 [OK] Build Release concluido com sucesso.
2026-09-01 09:22:49 [*] Iniciando C:\SPARC\src\NetworkDevice.UI\bin\Release\net8.0-windows\NetworkDevice.UI.exe
2026-09-01 09:39:54 [*] Atalho SPARC recriado/corrigido com icone oficial: C:\Users\User\Desktop\SPARC.lnk
2026-09-01 09:39:54 [*] Modo local: Git nÃ£o sincronizado automaticamente (backup eventual apenas).
2026-09-01 09:39:55 [*] Codigo fonte mais recente que os binarios (MainWindow.xaml.cs 08/31/2026 17:44:08 > 08/31/2026 17:39:23). Recompilando...
2026-09-01 09:39:55 [*] Compilando Release (dotnet build -c Release)...
  Determinando os projetos a serem restaurados...
  Todos os projetos est├úo atualizados para restaura├º├úo.
  NetworkDevice.Core -> C:\SPARC\src\NetworkDevice.Core\bin\Release\net8.0\NetworkDevice.Core.dll
  NetworkDevice.Protocols -> C:\SPARC\src\NetworkDevice.Protocols\bin\Release\net8.0\NetworkDevice.Protocols.dll
  NetworkDevice.Cisco -> C:\SPARC\src\NetworkDevice.Cisco\bin\Release\net8.0\NetworkDevice.Cisco.dll
  NetworkDevice.UI -> C:\SPARC\src\NetworkDevice.UI\bin\Release\net8.0-windows\NetworkDevice.UI.dll
  NetworkDevice.Cli -> C:\SPARC\src\NetworkDevice.Cli\bin\Release\net8.0\NetworkDevice.Cli.dll
  NetworkDevice.Tests -> C:\SPARC\tests\NetworkDevice.Tests\bin\Release\net8.0\NetworkDevice.Tests.dll

Compila├º├úo com ├¬xito.
    0 Aviso(s)
    0 Erro(s)

Tempo Decorrido 00:00:02.65
2026-09-01 09:40:01 [OK] Build Release concluido com sucesso.
2026-09-01 09:40:01 [*] Iniciando C:\SPARC\src\NetworkDevice.UI\bin\Release\net8.0-windows\NetworkDevice.UI.exe
2026-09-01 09:42:27 [*] Atalho SPARC recriado/corrigido com icone oficial: C:\Users\User\Desktop\SPARC.lnk
2026-09-01 09:42:27 [*] Modo local: Git nÃ£o sincronizado automaticamente (backup eventual apenas).
2026-09-01 09:42:27 [*] Codigo fonte mais recente que os binarios (MainWindow.xaml.cs 08/31/2026 17:44:08 > 08/31/2026 17:39:23). Recompilando...
2026-09-01 09:42:27 [*] Compilando Release (dotnet build -c Release)...
  Determinando os projetos a serem restaurados...
  Todos os projetos est├úo atualizados para restaura├º├úo.
  NetworkDevice.Core -> C:\SPARC\src\NetworkDevice.Core\bin\Release\net8.0\NetworkDevice.Core.dll
  NetworkDevice.Protocols -> C:\SPARC\src\NetworkDevice.Protocols\bin\Release\net8.0\NetworkDevice.Protocols.dll
  NetworkDevice.Cisco -> C:\SPARC\src\NetworkDevice.Cisco\bin\Release\net8.0\NetworkDevice.Cisco.dll
  NetworkDevice.UI -> C:\SPARC\src\NetworkDevice.UI\bin\Release\net8.0-windows\NetworkDevice.UI.dll
  NetworkDevice.Cli -> C:\SPARC\src\NetworkDevice.Cli\bin\Release\net8.0\NetworkDevice.Cli.dll
  NetworkDevice.Tests -> C:\SPARC\tests\NetworkDevice.Tests\bin\Release\net8.0\NetworkDevice.Tests.dll

Compila├º├úo com ├¬xito.
    0 Aviso(s)
    0 Erro(s)

Tempo Decorrido 00:00:01.51
2026-09-01 09:42:33 [OK] Build Release concluido com sucesso.
2026-09-01 09:42:33 [*] Iniciando C:\SPARC\src\NetworkDevice.UI\bin\Release\net8.0-windows\NetworkDevice.UI.exe
2026-09-01 10:07:02 [*] Atalho SPARC recriado/corrigido com icone oficial: C:\Users\User\Desktop\SPARC.lnk
2026-09-01 10:07:02 [*] Modo local: Git nÃ£o sincronizado automaticamente (backup eventual apenas).
2026-09-01 10:07:02 [*] Codigo fonte mais recente que os binarios (PasswordAuthDialog.g.cs 09/01/2026 10:00:43 > 08/31/2026 17:39:23). Recompilando...
2026-09-01 10:07:02 [*] Compilando Release (dotnet build -c Release)...
  Determinando os projetos a serem restaurados...
  Todos os projetos est├úo atualizados para restaura├º├úo.
  NetworkDevice.Core -> C:\SPARC\src\NetworkDevice.Core\bin\Release\net8.0\NetworkDevice.Core.dll
  NetworkDevice.Protocols -> C:\SPARC\src\NetworkDevice.Protocols\bin\Release\net8.0\NetworkDevice.Protocols.dll
  NetworkDevice.Cisco -> C:\SPARC\src\NetworkDevice.Cisco\bin\Release\net8.0\NetworkDevice.Cisco.dll
  NetworkDevice.Tests -> C:\SPARC\tests\NetworkDevice.Tests\bin\Release\net8.0\NetworkDevice.Tests.dll
  NetworkDevice.UI -> C:\SPARC\src\NetworkDevice.UI\bin\Release\net8.0-windows\NetworkDevice.UI.dll
  NetworkDevice.Cli -> C:\SPARC\src\NetworkDevice.Cli\bin\Release\net8.0\NetworkDevice.Cli.dll

Compila├º├úo com ├¬xito.
    0 Aviso(s)
    0 Erro(s)

Tempo Decorrido 00:00:02.70
2026-09-01 10:07:09 [OK] Build Release concluido com sucesso.
2026-09-01 10:07:09 [*] Iniciando C:\SPARC\src\NetworkDevice.UI\bin\Release\net8.0-windows\NetworkDevice.UI.exe
2026-09-01 10:31:07 [*] Atalho SPARC recriado/corrigido com icone oficial: C:\Users\User\Desktop\SPARC.lnk
2026-09-01 10:31:07 [*] Modo local: Git nÃ£o sincronizado automaticamente (backup eventual apenas).
2026-09-01 10:31:08 [*] Codigo fonte mais recente que os binarios (PasswordAuthDialog.g.cs 09/01/2026 10:00:43 > 09/01/2026 09:58:58). Recompilando...
2026-09-01 10:31:08 [*] Compilando Release (dotnet build -c Release)...
  Determinando os projetos a serem restaurados...
  Todos os projetos est├úo atualizados para restaura├º├úo.
  NetworkDevice.Core -> C:\SPARC\src\NetworkDevice.Core\bin\Release\net8.0\NetworkDevice.Core.dll
  NetworkDevice.Protocols -> C:\SPARC\src\NetworkDevice.Protocols\bin\Release\net8.0\NetworkDevice.Protocols.dll
  NetworkDevice.Cisco -> C:\SPARC\src\NetworkDevice.Cisco\bin\Release\net8.0\NetworkDevice.Cisco.dll
  NetworkDevice.UI -> C:\SPARC\src\NetworkDevice.UI\bin\Release\net8.0-windows\NetworkDevice.UI.dll
  NetworkDevice.Cli -> C:\SPARC\src\NetworkDevice.Cli\bin\Release\net8.0\NetworkDevice.Cli.dll
  NetworkDevice.Tests -> C:\SPARC\tests\NetworkDevice.Tests\bin\Release\net8.0\NetworkDevice.Tests.dll

Compila├º├úo com ├¬xito.
    0 Aviso(s)
    0 Erro(s)

Tempo Decorrido 00:00:02.62
2026-09-01 10:31:14 [OK] Build Release concluido com sucesso.
2026-09-01 10:31:14 [*] Iniciando C:\SPARC\src\NetworkDevice.UI\bin\Release\net8.0-windows\NetworkDevice.UI.exe
2026-09-01 10:32:11 [*] Atalho SPARC recriado/corrigido com icone oficial: C:\Users\User\Desktop\SPARC.lnk
2026-09-01 10:32:11 [*] Modo local: Git nÃ£o sincronizado automaticamente (backup eventual apenas).
2026-09-01 10:32:11 [*] Codigo fonte mais recente que os binarios (PasswordAuthDialog.g.cs 09/01/2026 10:00:43 > 09/01/2026 09:58:58). Recompilando...
2026-09-01 10:32:11 [*] Compilando Release (dotnet build -c Release)...
  Determinando os projetos a serem restaurados...
  Todos os projetos est├úo atualizados para restaura├º├úo.
  NetworkDevice.Core -> C:\SPARC\src\NetworkDevice.Core\bin\Release\net8.0\NetworkDevice.Core.dll
  NetworkDevice.Protocols -> C:\SPARC\src\NetworkDevice.Protocols\bin\Release\net8.0\NetworkDevice.Protocols.dll
  NetworkDevice.Cisco -> C:\SPARC\src\NetworkDevice.Cisco\bin\Release\net8.0\NetworkDevice.Cisco.dll
  NetworkDevice.UI -> C:\SPARC\src\NetworkDevice.UI\bin\Release\net8.0-windows\NetworkDevice.UI.dll
  NetworkDevice.Cli -> C:\SPARC\src\NetworkDevice.Cli\bin\Release\net8.0\NetworkDevice.Cli.dll
  NetworkDevice.Tests -> C:\SPARC\tests\NetworkDevice.Tests\bin\Release\net8.0\NetworkDevice.Tests.dll

Compila├º├úo com ├¬xito.
    0 Aviso(s)
    0 Erro(s)

Tempo Decorrido 00:00:01.58
2026-09-01 10:32:16 [OK] Build Release concluido com sucesso.
2026-09-01 10:32:16 [*] Iniciando C:\SPARC\src\NetworkDevice.UI\bin\Release\net8.0-windows\NetworkDevice.UI.exe
2026-09-01 10:32:56 [*] Atalho SPARC recriado/corrigido com icone oficial: C:\Users\User\Desktop\SPARC.lnk
2026-09-01 10:32:56 [*] Modo local: Git nÃ£o sincronizado automaticamente (backup eventual apenas).
2026-09-01 10:32:56 [*] Codigo fonte mais recente que os binarios (PasswordAuthDialog.g.cs 09/01/2026 10:00:43 > 09/01/2026 09:58:58). Recompilando...
2026-09-01 10:32:56 [*] Compilando Release (dotnet build -c Release)...
  Determinando os projetos a serem restaurados...
  Todos os projetos est├úo atualizados para restaura├º├úo.
  NetworkDevice.Core -> C:\SPARC\src\NetworkDevice.Core\bin\Release\net8.0\NetworkDevice.Core.dll
  NetworkDevice.Protocols -> C:\SPARC\src\NetworkDevice.Protocols\bin\Release\net8.0\NetworkDevice.Protocols.dll
  NetworkDevice.Cisco -> C:\SPARC\src\NetworkDevice.Cisco\bin\Release\net8.0\NetworkDevice.Cisco.dll
  NetworkDevice.Tests -> C:\SPARC\tests\NetworkDevice.Tests\bin\Release\net8.0\NetworkDevice.Tests.dll
  NetworkDevice.UI -> C:\SPARC\src\NetworkDevice.UI\bin\Release\net8.0-windows\NetworkDevice.UI.dll
  NetworkDevice.Cli -> C:\SPARC\src\NetworkDevice.Cli\bin\Release\net8.0\NetworkDevice.Cli.dll

Compila├º├úo com ├¬xito.
    0 Aviso(s)
    0 Erro(s)

Tempo Decorrido 00:00:01.51
2026-09-01 10:33:01 [OK] Build Release concluido com sucesso.
2026-09-01 10:33:01 [*] Iniciando C:\SPARC\src\NetworkDevice.UI\bin\Release\net8.0-windows\NetworkDevice.UI.exe
2026-09-01 10:50:40 [*] Atalho SPARC recriado/corrigido com icone oficial: C:\Users\User\Desktop\SPARC.lnk
2026-09-01 10:50:40 [*] Modo local: Git nÃ£o sincronizado automaticamente (backup eventual apenas).
2026-09-01 10:50:40 [*] Codigo fonte mais recente que os binarios (MainWindow.xaml.cs 09/01/2026 10:40:09 > 09/01/2026 09:58:58). Recompilando...
2026-09-01 10:50:40 [*] Compilando Release (dotnet build -c Release)...
  Determinando os projetos a serem restaurados...
  Todos os projetos est├úo atualizados para restaura├º├úo.
  NetworkDevice.Core -> C:\SPARC\src\NetworkDevice.Core\bin\Release\net8.0\NetworkDevice.Core.dll
  NetworkDevice.Protocols -> C:\SPARC\src\NetworkDevice.Protocols\bin\Release\net8.0\NetworkDevice.Protocols.dll
  NetworkDevice.Cisco -> C:\SPARC\src\NetworkDevice.Cisco\bin\Release\net8.0\NetworkDevice.Cisco.dll
  NetworkDevice.Cli -> C:\SPARC\src\NetworkDevice.Cli\bin\Release\net8.0\NetworkDevice.Cli.dll
  NetworkDevice.UI -> C:\SPARC\src\NetworkDevice.UI\bin\Release\net8.0-windows\NetworkDevice.UI.dll
  NetworkDevice.Tests -> C:\SPARC\tests\NetworkDevice.Tests\bin\Release\net8.0\NetworkDevice.Tests.dll

Compila├º├úo com ├¬xito.
    0 Aviso(s)
    0 Erro(s)

Tempo Decorrido 00:00:03.97
2026-09-01 10:50:48 [OK] Build Release concluido com sucesso.
2026-09-01 10:50:48 [*] Iniciando C:\SPARC\src\NetworkDevice.UI\bin\Release\net8.0-windows\NetworkDevice.UI.exe
2026-09-01 10:57:03 [*] Atalho SPARC recriado/corrigido com icone oficial: C:\Users\User\Desktop\SPARC.lnk
2026-09-01 10:57:03 [*] Modo local: Git nÃ£o sincronizado automaticamente (backup eventual apenas).
2026-09-01 10:57:03 [*] Codigo fonte mais recente que os binarios (MainWindow.xaml.cs 09/01/2026 10:55:38 > 09/01/2026 09:58:58). Recompilando...
2026-09-01 10:57:03 [*] Compilando Release (dotnet build -c Release)...
  Determinando os projetos a serem restaurados...
  Todos os projetos est├úo atualizados para restaura├º├úo.
  NetworkDevice.Core -> C:\SPARC\src\NetworkDevice.Core\bin\Release\net8.0\NetworkDevice.Core.dll
  NetworkDevice.Protocols -> C:\SPARC\src\NetworkDevice.Protocols\bin\Release\net8.0\NetworkDevice.Protocols.dll
  NetworkDevice.Cisco -> C:\SPARC\src\NetworkDevice.Cisco\bin\Release\net8.0\NetworkDevice.Cisco.dll
  NetworkDevice.Tests -> C:\SPARC\tests\NetworkDevice.Tests\bin\Release\net8.0\NetworkDevice.Tests.dll
  NetworkDevice.Cli -> C:\SPARC\src\NetworkDevice.Cli\bin\Release\net8.0\NetworkDevice.Cli.dll
  NetworkDevice.UI -> C:\SPARC\src\NetworkDevice.UI\bin\Release\net8.0-windows\NetworkDevice.UI.dll

Compila├º├úo com ├¬xito.
    0 Aviso(s)
    0 Erro(s)

Tempo Decorrido 00:00:02.01
2026-09-01 10:57:09 [OK] Build Release concluido com sucesso.
2026-09-01 10:57:09 [*] Iniciando C:\SPARC\src\NetworkDevice.UI\bin\Release\net8.0-windows\NetworkDevice.UI.exe
2026-09-01 10:57:40 [*] Atalho SPARC recriado/corrigido com icone oficial: C:\Users\User\Desktop\SPARC.lnk
2026-09-01 10:57:40 [*] Modo local: Git nÃ£o sincronizado automaticamente (backup eventual apenas).
2026-09-01 10:57:40 [*] Codigo fonte mais recente que os binarios (MainWindow.xaml.cs 09/01/2026 10:55:38 > 09/01/2026 09:58:58). Recompilando...
2026-09-01 10:57:40 [*] Compilando Release (dotnet build -c Release)...
  Determinando os projetos a serem restaurados...
  Todos os projetos est├úo atualizados para restaura├º├úo.
  NetworkDevice.Core -> C:\SPARC\src\NetworkDevice.Core\bin\Release\net8.0\NetworkDevice.Core.dll
  NetworkDevice.Protocols -> C:\SPARC\src\NetworkDevice.Protocols\bin\Release\net8.0\NetworkDevice.Protocols.dll
  NetworkDevice.Cisco -> C:\SPARC\src\NetworkDevice.Cisco\bin\Release\net8.0\NetworkDevice.Cisco.dll
  NetworkDevice.Cli -> C:\SPARC\src\NetworkDevice.Cli\bin\Release\net8.0\NetworkDevice.Cli.dll
  NetworkDevice.UI -> C:\SPARC\src\NetworkDevice.UI\bin\Release\net8.0-windows\NetworkDevice.UI.dll
  NetworkDevice.Tests -> C:\SPARC\tests\NetworkDevice.Tests\bin\Release\net8.0\NetworkDevice.Tests.dll

Compila├º├úo com ├¬xito.
    0 Aviso(s)
    0 Erro(s)

Tempo Decorrido 00:00:01.36
2026-09-01 10:57:46 [OK] Build Release concluido com sucesso.
2026-09-01 10:57:46 [*] Iniciando C:\SPARC\src\NetworkDevice.UI\bin\Release\net8.0-windows\NetworkDevice.UI.exe
2026-09-01 11:03:24 [*] Atalho SPARC recriado/corrigido com icone oficial: C:\Users\User\Desktop\SPARC.lnk
2026-09-01 11:03:24 [*] Modo local: Git nÃ£o sincronizado automaticamente (backup eventual apenas).
2026-09-01 11:03:25 [*] Codigo fonte mais recente que os binarios (MainWindow.xaml.cs 09/01/2026 11:02:09 > 09/01/2026 09:58:58). Recompilando...
2026-09-01 11:03:25 [*] Compilando Release (dotnet build -c Release)...
  Determinando os projetos a serem restaurados...
  Todos os projetos est├úo atualizados para restaura├º├úo.
  NetworkDevice.Core -> C:\SPARC\src\NetworkDevice.Core\bin\Release\net8.0\NetworkDevice.Core.dll
  NetworkDevice.Protocols -> C:\SPARC\src\NetworkDevice.Protocols\bin\Release\net8.0\NetworkDevice.Protocols.dll
  NetworkDevice.Cisco -> C:\SPARC\src\NetworkDevice.Cisco\bin\Release\net8.0\NetworkDevice.Cisco.dll
  NetworkDevice.Tests -> C:\SPARC\tests\NetworkDevice.Tests\bin\Release\net8.0\NetworkDevice.Tests.dll
  NetworkDevice.UI -> C:\SPARC\src\NetworkDevice.UI\bin\Release\net8.0-windows\NetworkDevice.UI.dll
  NetworkDevice.Cli -> C:\SPARC\src\NetworkDevice.Cli\bin\Release\net8.0\NetworkDevice.Cli.dll

Compila├º├úo com ├¬xito.
    0 Aviso(s)
    0 Erro(s)

Tempo Decorrido 00:00:01.88
2026-09-01 11:03:30 [OK] Build Release concluido com sucesso.
2026-09-01 11:03:30 [*] Iniciando C:\SPARC\src\NetworkDevice.UI\bin\Release\net8.0-windows\NetworkDevice.UI.exe
2026-09-01 11:03:58 [*] Atalho SPARC recriado/corrigido com icone oficial: C:\Users\User\Desktop\SPARC.lnk
2026-09-01 11:03:58 [*] Modo local: Git nÃ£o sincronizado automaticamente (backup eventual apenas).
2026-09-01 11:03:59 [*] Codigo fonte mais recente que os binarios (MainWindow.xaml.cs 09/01/2026 11:02:09 > 09/01/2026 09:58:58). Recompilando...
2026-09-01 11:03:59 [*] Compilando Release (dotnet build -c Release)...
  Determinando os projetos a serem restaurados...
  Todos os projetos est├úo atualizados para restaura├º├úo.
  NetworkDevice.Core -> C:\SPARC\src\NetworkDevice.Core\bin\Release\net8.0\NetworkDevice.Core.dll
  NetworkDevice.Protocols -> C:\SPARC\src\NetworkDevice.Protocols\bin\Release\net8.0\NetworkDevice.Protocols.dll
  NetworkDevice.Cisco -> C:\SPARC\src\NetworkDevice.Cisco\bin\Release\net8.0\NetworkDevice.Cisco.dll
  NetworkDevice.Tests -> C:\SPARC\tests\NetworkDevice.Tests\bin\Release\net8.0\NetworkDevice.Tests.dll
  NetworkDevice.Cli -> C:\SPARC\src\NetworkDevice.Cli\bin\Release\net8.0\NetworkDevice.Cli.dll
  NetworkDevice.UI -> C:\SPARC\src\NetworkDevice.UI\bin\Release\net8.0-windows\NetworkDevice.UI.dll

Compila├º├úo com ├¬xito.
    0 Aviso(s)
    0 Erro(s)

Tempo Decorrido 00:00:01.41
2026-09-01 11:04:04 [OK] Build Release concluido com sucesso.
2026-09-01 11:04:04 [*] Iniciando C:\SPARC\src\NetworkDevice.UI\bin\Release\net8.0-windows\NetworkDevice.UI.exe
2026-09-01 11:08:28 [*] Atalho SPARC recriado/corrigido com icone oficial: C:\Users\User\Desktop\SPARC.lnk
2026-09-01 11:08:28 [*] Modo local: Git nÃ£o sincronizado automaticamente (backup eventual apenas).
2026-09-01 11:08:29 [*] Codigo fonte mais recente que os binarios (PasswordAuthDialog.g.cs 09/01/2026 11:07:48 > 09/01/2026 09:58:58). Recompilando...
2026-09-01 11:08:29 [*] Compilando Release (dotnet build -c Release)...
  Determinando os projetos a serem restaurados...
  Todos os projetos est├úo atualizados para restaura├º├úo.
  NetworkDevice.Core -> C:\SPARC\src\NetworkDevice.Core\bin\Release\net8.0\NetworkDevice.Core.dll
  NetworkDevice.Protocols -> C:\SPARC\src\NetworkDevice.Protocols\bin\Release\net8.0\NetworkDevice.Protocols.dll
  NetworkDevice.Cisco -> C:\SPARC\src\NetworkDevice.Cisco\bin\Release\net8.0\NetworkDevice.Cisco.dll
  NetworkDevice.Tests -> C:\SPARC\tests\NetworkDevice.Tests\bin\Release\net8.0\NetworkDevice.Tests.dll
  NetworkDevice.UI -> C:\SPARC\src\NetworkDevice.UI\bin\Release\net8.0-windows\NetworkDevice.UI.dll
  NetworkDevice.Cli -> C:\SPARC\src\NetworkDevice.Cli\bin\Release\net8.0\NetworkDevice.Cli.dll

Compila├º├úo com ├¬xito.
    0 Aviso(s)
    0 Erro(s)

Tempo Decorrido 00:00:02.15
2026-09-01 11:08:35 [OK] Build Release concluido com sucesso.
2026-09-01 11:08:35 [*] Iniciando C:\SPARC\src\NetworkDevice.UI\bin\Release\net8.0-windows\NetworkDevice.UI.exe
2026-09-01 11:19:23 [*] Atalho SPARC recriado/corrigido com icone oficial: C:\Users\User\Desktop\SPARC.lnk
2026-09-01 11:19:23 [*] Modo local: Git nÃ£o sincronizado automaticamente (backup eventual apenas).
2026-09-01 11:19:23 [*] Codigo fonte mais recente que os binarios (PasswordAuthDialog.g.cs 09/01/2026 11:08:35 > 09/01/2026 09:58:58). Recompilando...
2026-09-01 11:19:23 [*] Compilando Release (dotnet build -c Release)...
  Determinando os projetos a serem restaurados...
  Todos os projetos est├úo atualizados para restaura├º├úo.
  NetworkDevice.Core -> C:\SPARC\src\NetworkDevice.Core\bin\Release\net8.0\NetworkDevice.Core.dll
  NetworkDevice.Protocols -> C:\SPARC\src\NetworkDevice.Protocols\bin\Release\net8.0\NetworkDevice.Protocols.dll
  NetworkDevice.Cisco -> C:\SPARC\src\NetworkDevice.Cisco\bin\Release\net8.0\NetworkDevice.Cisco.dll
  NetworkDevice.Tests -> C:\SPARC\tests\NetworkDevice.Tests\bin\Release\net8.0\NetworkDevice.Tests.dll
  NetworkDevice.UI -> C:\SPARC\src\NetworkDevice.UI\bin\Release\net8.0-windows\NetworkDevice.UI.dll
  NetworkDevice.Cli -> C:\SPARC\src\NetworkDevice.Cli\bin\Release\net8.0\NetworkDevice.Cli.dll

Compila├º├úo com ├¬xito.
    0 Aviso(s)
    0 Erro(s)

Tempo Decorrido 00:00:01.45
2026-09-01 11:19:29 [OK] Build Release concluido com sucesso.
2026-09-01 11:19:29 [*] Iniciando C:\SPARC\src\NetworkDevice.UI\bin\Release\net8.0-windows\NetworkDevice.UI.exe
2026-09-01 11:24:39 [*] Atalho SPARC recriado/corrigido com icone oficial: C:\Users\User\Desktop\SPARC.lnk
2026-09-01 11:24:39 [*] Modo local: Git nÃ£o sincronizado automaticamente (backup eventual apenas).
2026-09-01 11:24:39 [*] Codigo fonte mais recente que os binarios (PasswordAuthDialog.g.cs 09/01/2026 11:24:11 > 09/01/2026 09:58:58). Recompilando...
2026-09-01 11:24:39 [*] Compilando Release (dotnet build -c Release)...
  Determinando os projetos a serem restaurados...
  Todos os projetos est├úo atualizados para restaura├º├úo.
C:\SPARC\src\NetworkDevice.Core\Provisioning\HostNetworkManager.cs(199,39): warning CA1416: Este site de chamada pode ser acessado em todas as plataformas. S├│ h├í suporte para 'WindowsBuiltInRole.Administrator' em: 'windows'. (https://learn.microsoft.com/dotnet/fundamentals/code-analysis/quality-rules/ca1416) [C:\SPARC\src\NetworkDevice.Core\NetworkDevice.Core.csproj]
C:\SPARC\src\NetworkDevice.Core\Provisioning\HostNetworkManager.cs(198,29): warning CA1416: Este site de chamada pode ser acessado em todas as plataformas. S├│ h├í suporte para 'WindowsPrincipal' em: 'windows'. (https://learn.microsoft.com/dotnet/fundamentals/code-analysis/quality-rules/ca1416) [C:\SPARC\src\NetworkDevice.Core\NetworkDevice.Core.csproj]
C:\SPARC\src\NetworkDevice.Core\Provisioning\HostNetworkManager.cs(197,28): warning CA1416: Este site de chamada pode ser acessado em todas as plataformas. S├│ h├í suporte para 'WindowsIdentity.GetCurrent()' em: 'windows'. (https://learn.microsoft.com/dotnet/fundamentals/code-analysis/quality-rules/ca1416) [C:\SPARC\src\NetworkDevice.Core\NetworkDevice.Core.csproj]
C:\SPARC\src\NetworkDevice.Core\Provisioning\HostNetworkManager.cs(199,20): warning CA1416: Este site de chamada pode ser acessado em todas as plataformas. S├│ h├í suporte para 'WindowsPrincipal.IsInRole(WindowsBuiltInRole)' em: 'windows'. (https://learn.microsoft.com/dotnet/fundamentals/code-analysis/quality-rules/ca1416) [C:\SPARC\src\NetworkDevice.Core\NetworkDevice.Core.csproj]
  NetworkDevice.Core -> C:\SPARC\src\NetworkDevice.Core\bin\Release\net8.0\NetworkDevice.Core.dll
  NetworkDevice.Protocols -> C:\SPARC\src\NetworkDevice.Protocols\bin\Release\net8.0\NetworkDevice.Protocols.dll
  NetworkDevice.Cisco -> C:\SPARC\src\NetworkDevice.Cisco\bin\Release\net8.0\NetworkDevice.Cisco.dll
  NetworkDevice.Tests -> C:\SPARC\tests\NetworkDevice.Tests\bin\Release\net8.0\NetworkDevice.Tests.dll
  NetworkDevice.Cli -> C:\SPARC\src\NetworkDevice.Cli\bin\Release\net8.0\NetworkDevice.Cli.dll
  NetworkDevice.UI -> C:\SPARC\src\NetworkDevice.UI\bin\Release\net8.0-windows\NetworkDevice.UI.dll

Compila├º├úo com ├¬xito.

C:\SPARC\src\NetworkDevice.Core\Provisioning\HostNetworkManager.cs(199,39): warning CA1416: Este site de chamada pode ser acessado em todas as plataformas. S├│ h├í suporte para 'WindowsBuiltInRole.Administrator' em: 'windows'. (https://learn.microsoft.com/dotnet/fundamentals/code-analysis/quality-rules/ca1416) [C:\SPARC\src\NetworkDevice.Core\NetworkDevice.Core.csproj]
C:\SPARC\src\NetworkDevice.Core\Provisioning\HostNetworkManager.cs(198,29): warning CA1416: Este site de chamada pode ser acessado em todas as plataformas. S├│ h├í suporte para 'WindowsPrincipal' em: 'windows'. (https://learn.microsoft.com/dotnet/fundamentals/code-analysis/quality-rules/ca1416) [C:\SPARC\src\NetworkDevice.Core\NetworkDevice.Core.csproj]
C:\SPARC\src\NetworkDevice.Core\Provisioning\HostNetworkManager.cs(197,28): warning CA1416: Este site de chamada pode ser acessado em todas as plataformas. S├│ h├í suporte para 'WindowsIdentity.GetCurrent()' em: 'windows'. (https://learn.microsoft.com/dotnet/fundamentals/code-analysis/quality-rules/ca1416) [C:\SPARC\src\NetworkDevice.Core\NetworkDevice.Core.csproj]
C:\SPARC\src\NetworkDevice.Core\Provisioning\HostNetworkManager.cs(199,20): warning CA1416: Este site de chamada pode ser acessado em todas as plataformas. S├│ h├í suporte para 'WindowsPrincipal.IsInRole(WindowsBuiltInRole)' em: 'windows'. (https://learn.microsoft.com/dotnet/fundamentals/code-analysis/quality-rules/ca1416) [C:\SPARC\src\NetworkDevice.Core\NetworkDevice.Core.csproj]
    4 Aviso(s)
    0 Erro(s)

Tempo Decorrido 00:00:05.57
2026-09-01 11:24:48 [OK] Build Release concluido com sucesso.
2026-09-01 11:24:48 [*] Iniciando C:\SPARC\src\NetworkDevice.UI\bin\Release\net8.0-windows\NetworkDevice.UI.exe
2026-09-01 11:25:44 [*] Atalho SPARC recriado/corrigido com icone oficial: C:\Users\User\Desktop\SPARC.lnk
2026-09-01 11:25:44 [*] Modo local: Git nÃ£o sincronizado automaticamente (backup eventual apenas).
2026-09-01 11:25:44 [*] Codigo fonte mais recente que os binarios (PasswordAuthDialog.g.cs 09/01/2026 11:24:46 > 09/01/2026 11:24:45). Recompilando...
2026-09-01 11:25:44 [*] Compilando Release (dotnet build -c Release)...
  Determinando os projetos a serem restaurados...
  Todos os projetos est├úo atualizados para restaura├º├úo.
  NetworkDevice.Core -> C:\SPARC\src\NetworkDevice.Core\bin\Release\net8.0\NetworkDevice.Core.dll
  NetworkDevice.Protocols -> C:\SPARC\src\NetworkDevice.Protocols\bin\Release\net8.0\NetworkDevice.Protocols.dll
  NetworkDevice.Cisco -> C:\SPARC\src\NetworkDevice.Cisco\bin\Release\net8.0\NetworkDevice.Cisco.dll
  NetworkDevice.Tests -> C:\SPARC\tests\NetworkDevice.Tests\bin\Release\net8.0\NetworkDevice.Tests.dll
  NetworkDevice.UI -> C:\SPARC\src\NetworkDevice.UI\bin\Release\net8.0-windows\NetworkDevice.UI.dll
  NetworkDevice.Cli -> C:\SPARC\src\NetworkDevice.Cli\bin\Release\net8.0\NetworkDevice.Cli.dll

Compila├º├úo com ├¬xito.
    0 Aviso(s)
    0 Erro(s)

Tempo Decorrido 00:00:01.36
2026-09-01 11:25:49 [OK] Build Release concluido com sucesso.
2026-09-01 11:25:49 [*] Iniciando C:\SPARC\src\NetworkDevice.UI\bin\Release\net8.0-windows\NetworkDevice.UI.exe
2026-09-01 11:26:00 [*] Atalho SPARC recriado/corrigido com icone oficial: C:\Users\User\Desktop\SPARC.lnk
2026-09-01 11:26:00 [*] Modo local: Git nÃ£o sincronizado automaticamente (backup eventual apenas).
2026-09-01 11:26:00 [*] Codigo fonte mais recente que os binarios (PasswordAuthDialog.g.cs 09/01/2026 11:24:46 > 09/01/2026 11:24:45). Recompilando...
2026-09-01 11:26:00 [*] Compilando Release (dotnet build -c Release)...
  Determinando os projetos a serem restaurados...
  Todos os projetos est├úo atualizados para restaura├º├úo.
  NetworkDevice.Core -> C:\SPARC\src\NetworkDevice.Core\bin\Release\net8.0\NetworkDevice.Core.dll
  NetworkDevice.Protocols -> C:\SPARC\src\NetworkDevice.Protocols\bin\Release\net8.0\NetworkDevice.Protocols.dll
  NetworkDevice.Cisco -> C:\SPARC\src\NetworkDevice.Cisco\bin\Release\net8.0\NetworkDevice.Cisco.dll
  NetworkDevice.Tests -> C:\SPARC\tests\NetworkDevice.Tests\bin\Release\net8.0\NetworkDevice.Tests.dll
  NetworkDevice.Cli -> C:\SPARC\src\NetworkDevice.Cli\bin\Release\net8.0\NetworkDevice.Cli.dll
  NetworkDevice.UI -> C:\SPARC\src\NetworkDevice.UI\bin\Release\net8.0-windows\NetworkDevice.UI.dll

Compila├º├úo com ├¬xito.
    0 Aviso(s)
    0 Erro(s)

Tempo Decorrido 00:00:01.45
2026-09-01 11:26:05 [OK] Build Release concluido com sucesso.
2026-09-01 11:26:05 [*] Iniciando C:\SPARC\src\NetworkDevice.UI\bin\Release\net8.0-windows\NetworkDevice.UI.exe
2026-09-01 11:26:30 [*] Atalho SPARC recriado/corrigido com icone oficial: C:\Users\User\Desktop\SPARC.lnk
2026-09-01 11:26:30 [*] Modo local: Git nÃ£o sincronizado automaticamente (backup eventual apenas).
2026-09-01 11:26:30 [*] Codigo fonte mais recente que os binarios (PasswordAuthDialog.g.cs 09/01/2026 11:24:46 > 09/01/2026 11:24:45). Recompilando...
2026-09-01 11:26:30 [*] Compilando Release (dotnet build -c Release)...
  Determinando os projetos a serem restaurados...
  Todos os projetos est├úo atualizados para restaura├º├úo.
  NetworkDevice.Core -> C:\SPARC\src\NetworkDevice.Core\bin\Release\net8.0\NetworkDevice.Core.dll
  NetworkDevice.Protocols -> C:\SPARC\src\NetworkDevice.Protocols\bin\Release\net8.0\NetworkDevice.Protocols.dll
  NetworkDevice.Cisco -> C:\SPARC\src\NetworkDevice.Cisco\bin\Release\net8.0\NetworkDevice.Cisco.dll
  NetworkDevice.UI -> C:\SPARC\src\NetworkDevice.UI\bin\Release\net8.0-windows\NetworkDevice.UI.dll
  NetworkDevice.Cli -> C:\SPARC\src\NetworkDevice.Cli\bin\Release\net8.0\NetworkDevice.Cli.dll
  NetworkDevice.Tests -> C:\SPARC\tests\NetworkDevice.Tests\bin\Release\net8.0\NetworkDevice.Tests.dll

Compila├º├úo com ├¬xito.
    0 Aviso(s)
    0 Erro(s)

Tempo Decorrido 00:00:01.41
2026-09-01 11:26:35 [OK] Build Release concluido com sucesso.
2026-09-01 11:26:35 [*] Iniciando C:\SPARC\src\NetworkDevice.UI\bin\Release\net8.0-windows\NetworkDevice.UI.exe
2026-09-01 11:27:32 [*] Atalho SPARC recriado/corrigido com icone oficial: C:\Users\User\Desktop\SPARC.lnk
2026-09-01 11:27:32 [*] Modo local: Git nÃ£o sincronizado automaticamente (backup eventual apenas).
2026-09-01 11:27:32 [*] Codigo fonte mais recente que os binarios (PasswordAuthDialog.g.cs 09/01/2026 11:24:46 > 09/01/2026 11:24:45). Recompilando...
2026-09-01 11:27:32 [*] Compilando Release (dotnet build -c Release)...
  Determinando os projetos a serem restaurados...
  Todos os projetos est├úo atualizados para restaura├º├úo.
  NetworkDevice.Core -> C:\SPARC\src\NetworkDevice.Core\bin\Release\net8.0\NetworkDevice.Core.dll
  NetworkDevice.Protocols -> C:\SPARC\src\NetworkDevice.Protocols\bin\Release\net8.0\NetworkDevice.Protocols.dll
  NetworkDevice.Cisco -> C:\SPARC\src\NetworkDevice.Cisco\bin\Release\net8.0\NetworkDevice.Cisco.dll
  NetworkDevice.Tests -> C:\SPARC\tests\NetworkDevice.Tests\bin\Release\net8.0\NetworkDevice.Tests.dll
  NetworkDevice.UI -> C:\SPARC\src\NetworkDevice.UI\bin\Release\net8.0-windows\NetworkDevice.UI.dll
  NetworkDevice.Cli -> C:\SPARC\src\NetworkDevice.Cli\bin\Release\net8.0\NetworkDevice.Cli.dll

Compila├º├úo com ├¬xito.
    0 Aviso(s)
    0 Erro(s)

Tempo Decorrido 00:00:01.45
2026-09-01 11:27:37 [OK] Build Release concluido com sucesso.
2026-09-01 11:27:37 [*] Iniciando C:\SPARC\src\NetworkDevice.UI\bin\Release\net8.0-windows\NetworkDevice.UI.exe
2026-09-01 12:09:12 [*] Atalho SPARC recriado/corrigido com icone oficial: C:\Users\User\Desktop\SPARC.lnk
2026-09-01 12:09:12 [*] Modo local: Git nÃ£o sincronizado automaticamente (backup eventual apenas).
2026-09-01 12:09:12 [*] Codigo fonte mais recente que os binarios (PasswordAuthDialog.g.cs 09/01/2026 11:30:38 > 09/01/2026 11:24:45). Recompilando...
2026-09-01 12:09:12 [*] Compilando Release (dotnet build -c Release)...
  Determinando os projetos a serem restaurados...
  Todos os projetos est├úo atualizados para restaura├º├úo.
C:\SPARC\src\NetworkDevice.Core\Provisioning\HostNetworkManager.cs(198,29): warning CA1416: Este site de chamada pode ser acessado em todas as plataformas. S├│ h├í suporte para 'WindowsPrincipal' em: 'windows'. (https://learn.microsoft.com/dotnet/fundamentals/code-analysis/quality-rules/ca1416) [C:\SPARC\src\NetworkDevice.Core\NetworkDevice.Core.csproj]
C:\SPARC\src\NetworkDevice.Core\Provisioning\HostNetworkManager.cs(197,28): warning CA1416: Este site de chamada pode ser acessado em todas as plataformas. S├│ h├í suporte para 'WindowsIdentity.GetCurrent()' em: 'windows'. (https://learn.microsoft.com/dotnet/fundamentals/code-analysis/quality-rules/ca1416) [C:\SPARC\src\NetworkDevice.Core\NetworkDevice.Core.csproj]
C:\SPARC\src\NetworkDevice.Core\Provisioning\HostNetworkManager.cs(199,39): warning CA1416: Este site de chamada pode ser acessado em todas as plataformas. S├│ h├í suporte para 'WindowsBuiltInRole.Administrator' em: 'windows'. (https://learn.microsoft.com/dotnet/fundamentals/code-analysis/quality-rules/ca1416) [C:\SPARC\src\NetworkDevice.Core\NetworkDevice.Core.csproj]
C:\SPARC\src\NetworkDevice.Core\Provisioning\HostNetworkManager.cs(199,20): warning CA1416: Este site de chamada pode ser acessado em todas as plataformas. S├│ h├í suporte para 'WindowsPrincipal.IsInRole(WindowsBuiltInRole)' em: 'windows'. (https://learn.microsoft.com/dotnet/fundamentals/code-analysis/quality-rules/ca1416) [C:\SPARC\src\NetworkDevice.Core\NetworkDevice.Core.csproj]
  NetworkDevice.Core -> C:\SPARC\src\NetworkDevice.Core\bin\Release\net8.0\NetworkDevice.Core.dll
  NetworkDevice.Protocols -> C:\SPARC\src\NetworkDevice.Protocols\bin\Release\net8.0\NetworkDevice.Protocols.dll
  NetworkDevice.Cisco -> C:\SPARC\src\NetworkDevice.Cisco\bin\Release\net8.0\NetworkDevice.Cisco.dll
  NetworkDevice.UI -> C:\SPARC\src\NetworkDevice.UI\bin\Release\net8.0-windows\NetworkDevice.UI.dll
  NetworkDevice.Tests -> C:\SPARC\tests\NetworkDevice.Tests\bin\Release\net8.0\NetworkDevice.Tests.dll
  NetworkDevice.Cli -> C:\SPARC\src\NetworkDevice.Cli\bin\Release\net8.0\NetworkDevice.Cli.dll

Compila├º├úo com ├¬xito.

C:\SPARC\src\NetworkDevice.Core\Provisioning\HostNetworkManager.cs(198,29): warning CA1416: Este site de chamada pode ser acessado em todas as plataformas. S├│ h├í suporte para 'WindowsPrincipal' em: 'windows'. (https://learn.microsoft.com/dotnet/fundamentals/code-analysis/quality-rules/ca1416) [C:\SPARC\src\NetworkDevice.Core\NetworkDevice.Core.csproj]
C:\SPARC\src\NetworkDevice.Core\Provisioning\HostNetworkManager.cs(197,28): warning CA1416: Este site de chamada pode ser acessado em todas as plataformas. S├│ h├í suporte para 'WindowsIdentity.GetCurrent()' em: 'windows'. (https://learn.microsoft.com/dotnet/fundamentals/code-analysis/quality-rules/ca1416) [C:\SPARC\src\NetworkDevice.Core\NetworkDevice.Core.csproj]
C:\SPARC\src\NetworkDevice.Core\Provisioning\HostNetworkManager.cs(199,39): warning CA1416: Este site de chamada pode ser acessado em todas as plataformas. S├│ h├í suporte para 'WindowsBuiltInRole.Administrator' em: 'windows'. (https://learn.microsoft.com/dotnet/fundamentals/code-analysis/quality-rules/ca1416) [C:\SPARC\src\NetworkDevice.Core\NetworkDevice.Core.csproj]
C:\SPARC\src\NetworkDevice.Core\Provisioning\HostNetworkManager.cs(199,20): warning CA1416: Este site de chamada pode ser acessado em todas as plataformas. S├│ h├í suporte para 'WindowsPrincipal.IsInRole(WindowsBuiltInRole)' em: 'windows'. (https://learn.microsoft.com/dotnet/fundamentals/code-analysis/quality-rules/ca1416) [C:\SPARC\src\NetworkDevice.Core\NetworkDevice.Core.csproj]
    4 Aviso(s)
    0 Erro(s)

Tempo Decorrido 00:00:08.63
2026-09-01 12:09:25 [OK] Build Release concluido com sucesso.
2026-09-01 12:09:25 [*] Iniciando C:\SPARC\src\NetworkDevice.UI\bin\Release\net8.0-windows\NetworkDevice.UI.exe
2026-09-01 12:26:38 [*] Atalho SPARC recriado/corrigido com icone oficial: C:\Users\User\Desktop\SPARC.lnk
2026-09-01 12:26:38 [*] Modo local: Git nÃ£o sincronizado automaticamente (backup eventual apenas).
2026-09-01 12:26:38 [*] Codigo fonte mais recente que os binarios (PasswordAuthDialog.g.cs 09/01/2026 12:25:42 > 09/01/2026 12:09:22). Recompilando...
2026-09-01 12:26:38 [*] Compilando Release (dotnet build -c Release)...
  Determinando os projetos a serem restaurados...
  Todos os projetos est├úo atualizados para restaura├º├úo.
C:\SPARC\src\NetworkDevice.Core\Provisioning\HostNetworkManager.cs(199,20): warning CA1416: Este site de chamada pode ser acessado em todas as plataformas. S├│ h├í suporte para 'WindowsPrincipal.IsInRole(WindowsBuiltInRole)' em: 'windows'. (https://learn.microsoft.com/dotnet/fundamentals/code-analysis/quality-rules/ca1416) [C:\SPARC\src\NetworkDevice.Core\NetworkDevice.Core.csproj]
C:\SPARC\src\NetworkDevice.Core\Provisioning\HostNetworkManager.cs(198,29): warning CA1416: Este site de chamada pode ser acessado em todas as plataformas. S├│ h├í suporte para 'WindowsPrincipal' em: 'windows'. (https://learn.microsoft.com/dotnet/fundamentals/code-analysis/quality-rules/ca1416) [C:\SPARC\src\NetworkDevice.Core\NetworkDevice.Core.csproj]
C:\SPARC\src\NetworkDevice.Core\Provisioning\HostNetworkManager.cs(199,39): warning CA1416: Este site de chamada pode ser acessado em todas as plataformas. S├│ h├í suporte para 'WindowsBuiltInRole.Administrator' em: 'windows'. (https://learn.microsoft.com/dotnet/fundamentals/code-analysis/quality-rules/ca1416) [C:\SPARC\src\NetworkDevice.Core\NetworkDevice.Core.csproj]
C:\SPARC\src\NetworkDevice.Core\Provisioning\HostNetworkManager.cs(197,28): warning CA1416: Este site de chamada pode ser acessado em todas as plataformas. S├│ h├í suporte para 'WindowsIdentity.GetCurrent()' em: 'windows'. (https://learn.microsoft.com/dotnet/fundamentals/code-analysis/quality-rules/ca1416) [C:\SPARC\src\NetworkDevice.Core\NetworkDevice.Core.csproj]
  NetworkDevice.Core -> C:\SPARC\src\NetworkDevice.Core\bin\Release\net8.0\NetworkDevice.Core.dll
  NetworkDevice.Protocols -> C:\SPARC\src\NetworkDevice.Protocols\bin\Release\net8.0\NetworkDevice.Protocols.dll
  NetworkDevice.Cisco -> C:\SPARC\src\NetworkDevice.Cisco\bin\Release\net8.0\NetworkDevice.Cisco.dll
  NetworkDevice.Cli -> C:\SPARC\src\NetworkDevice.Cli\bin\Release\net8.0\NetworkDevice.Cli.dll
  NetworkDevice.UI -> C:\SPARC\src\NetworkDevice.UI\bin\Release\net8.0-windows\NetworkDevice.UI.dll
  NetworkDevice.Tests -> C:\SPARC\tests\NetworkDevice.Tests\bin\Release\net8.0\NetworkDevice.Tests.dll

Compila├º├úo com ├¬xito.

C:\SPARC\src\NetworkDevice.Core\Provisioning\HostNetworkManager.cs(199,20): warning CA1416: Este site de chamada pode ser acessado em todas as plataformas. S├│ h├í suporte para 'WindowsPrincipal.IsInRole(WindowsBuiltInRole)' em: 'windows'. (https://learn.microsoft.com/dotnet/fundamentals/code-analysis/quality-rules/ca1416) [C:\SPARC\src\NetworkDevice.Core\NetworkDevice.Core.csproj]
C:\SPARC\src\NetworkDevice.Core\Provisioning\HostNetworkManager.cs(198,29): warning CA1416: Este site de chamada pode ser acessado em todas as plataformas. S├│ h├í suporte para 'WindowsPrincipal' em: 'windows'. (https://learn.microsoft.com/dotnet/fundamentals/code-analysis/quality-rules/ca1416) [C:\SPARC\src\NetworkDevice.Core\NetworkDevice.Core.csproj]
C:\SPARC\src\NetworkDevice.Core\Provisioning\HostNetworkManager.cs(199,39): warning CA1416: Este site de chamada pode ser acessado em todas as plataformas. S├│ h├í suporte para 'WindowsBuiltInRole.Administrator' em: 'windows'. (https://learn.microsoft.com/dotnet/fundamentals/code-analysis/quality-rules/ca1416) [C:\SPARC\src\NetworkDevice.Core\NetworkDevice.Core.csproj]
C:\SPARC\src\NetworkDevice.Core\Provisioning\HostNetworkManager.cs(197,28): warning CA1416: Este site de chamada pode ser acessado em todas as plataformas. S├│ h├í suporte para 'WindowsIdentity.GetCurrent()' em: 'windows'. (https://learn.microsoft.com/dotnet/fundamentals/code-analysis/quality-rules/ca1416) [C:\SPARC\src\NetworkDevice.Core\NetworkDevice.Core.csproj]
    4 Aviso(s)
    0 Erro(s)

Tempo Decorrido 00:00:08.46
2026-09-01 12:26:50 [OK] Build Release concluido com sucesso.
2026-09-01 12:26:50 [*] Iniciando C:\SPARC\src\NetworkDevice.UI\bin\Release\net8.0-windows\NetworkDevice.UI.exe
2026-09-01 12:35:06 [*] Atalho SPARC recriado/corrigido com icone oficial: C:\Users\User\Desktop\SPARC.lnk
2026-09-01 12:35:06 [*] Modo local: Git nÃ£o sincronizado automaticamente (backup eventual apenas).
2026-09-01 12:35:06 [*] Codigo fonte mais recente que os binarios (PasswordAuthDialog.g.cs 09/01/2026 12:26:48 > 09/01/2026 12:26:46). Recompilando...
2026-09-01 12:35:06 [*] Compilando Release (dotnet build -c Release)...
  Determinando os projetos a serem restaurados...
  Todos os projetos est├úo atualizados para restaura├º├úo.
  NetworkDevice.Core -> C:\SPARC\src\NetworkDevice.Core\bin\Release\net8.0\NetworkDevice.Core.dll
  NetworkDevice.Protocols -> C:\SPARC\src\NetworkDevice.Protocols\bin\Release\net8.0\NetworkDevice.Protocols.dll
  NetworkDevice.Cisco -> C:\SPARC\src\NetworkDevice.Cisco\bin\Release\net8.0\NetworkDevice.Cisco.dll
  NetworkDevice.Tests -> C:\SPARC\tests\NetworkDevice.Tests\bin\Release\net8.0\NetworkDevice.Tests.dll
  NetworkDevice.UI -> C:\SPARC\src\NetworkDevice.UI\bin\Release\net8.0-windows\NetworkDevice.UI.dll
  NetworkDevice.Cli -> C:\SPARC\src\NetworkDevice.Cli\bin\Release\net8.0\NetworkDevice.Cli.dll

Compila├º├úo com ├¬xito.
    0 Aviso(s)
    0 Erro(s)

Tempo Decorrido 00:00:01.48
2026-09-01 12:35:11 [OK] Build Release concluido com sucesso.
2026-09-01 12:35:11 [*] Iniciando C:\SPARC\src\NetworkDevice.UI\bin\Release\net8.0-windows\NetworkDevice.UI.exe
2026-09-01 12:38:53 [*] Atalho SPARC recriado/corrigido com icone oficial: C:\Users\User\Desktop\SPARC.lnk
2026-09-01 12:38:54 [*] Modo local: Git nÃ£o sincronizado automaticamente (backup eventual apenas).
2026-09-01 12:38:54 [*] Codigo fonte mais recente que os binarios (PasswordAuthDialog.g.cs 09/01/2026 12:26:48 > 09/01/2026 12:26:46). Recompilando...
2026-09-01 12:38:54 [*] Compilando Release (dotnet build -c Release)...
  Determinando os projetos a serem restaurados...
  Todos os projetos est├úo atualizados para restaura├º├úo.
  NetworkDevice.Core -> C:\SPARC\src\NetworkDevice.Core\bin\Release\net8.0\NetworkDevice.Core.dll
  NetworkDevice.Protocols -> C:\SPARC\src\NetworkDevice.Protocols\bin\Release\net8.0\NetworkDevice.Protocols.dll
  NetworkDevice.Cisco -> C:\SPARC\src\NetworkDevice.Cisco\bin\Release\net8.0\NetworkDevice.Cisco.dll
  NetworkDevice.Tests -> C:\SPARC\tests\NetworkDevice.Tests\bin\Release\net8.0\NetworkDevice.Tests.dll
  NetworkDevice.UI -> C:\SPARC\src\NetworkDevice.UI\bin\Release\net8.0-windows\NetworkDevice.UI.dll
  NetworkDevice.Cli -> C:\SPARC\src\NetworkDevice.Cli\bin\Release\net8.0\NetworkDevice.Cli.dll

Compila├º├úo com ├¬xito.
    0 Aviso(s)
    0 Erro(s)

Tempo Decorrido 00:00:01.43
2026-09-01 12:38:59 [OK] Build Release concluido com sucesso.
2026-09-01 12:38:59 [*] Iniciando C:\SPARC\src\NetworkDevice.UI\bin\Release\net8.0-windows\NetworkDevice.UI.exe
2026-09-01 12:43:55 [*] Atalho SPARC recriado/corrigido com icone oficial: C:\Users\User\Desktop\SPARC.lnk
2026-09-01 12:43:55 [*] Modo local: Git nÃ£o sincronizado automaticamente (backup eventual apenas).
2026-09-01 12:43:55 [*] Codigo fonte mais recente que os binarios (MainWindow.xaml.cs 09/01/2026 12:42:22 > 09/01/2026 12:26:46). Recompilando...
2026-09-01 12:43:55 [*] Compilando Release (dotnet build -c Release)...
  Determinando os projetos a serem restaurados...
  Todos os projetos est├úo atualizados para restaura├º├úo.
  NetworkDevice.Core -> C:\SPARC\src\NetworkDevice.Core\bin\Release\net8.0\NetworkDevice.Core.dll
  NetworkDevice.Protocols -> C:\SPARC\src\NetworkDevice.Protocols\bin\Release\net8.0\NetworkDevice.Protocols.dll
  NetworkDevice.Cisco -> C:\SPARC\src\NetworkDevice.Cisco\bin\Release\net8.0\NetworkDevice.Cisco.dll
  NetworkDevice.UI -> C:\SPARC\src\NetworkDevice.UI\bin\Release\net8.0-windows\NetworkDevice.UI.dll
  NetworkDevice.Cli -> C:\SPARC\src\NetworkDevice.Cli\bin\Release\net8.0\NetworkDevice.Cli.dll
  NetworkDevice.Tests -> C:\SPARC\tests\NetworkDevice.Tests\bin\Release\net8.0\NetworkDevice.Tests.dll

Compila├º├úo com ├¬xito.
    0 Aviso(s)
    0 Erro(s)

Tempo Decorrido 00:00:02.96
2026-09-01 12:44:02 [OK] Build Release concluido com sucesso.
2026-09-01 12:44:02 [*] Iniciando C:\SPARC\src\NetworkDevice.UI\bin\Release\net8.0-windows\NetworkDevice.UI.exe
2026-09-01 12:45:59 [*] Atalho SPARC recriado/corrigido com icone oficial: C:\Users\User\Desktop\SPARC.lnk
2026-09-01 12:45:59 [*] Modo local: Git nÃ£o sincronizado automaticamente (backup eventual apenas).
2026-09-01 12:45:59 [*] Codigo fonte mais recente que os binarios (MainWindow.xaml.cs 09/01/2026 12:42:22 > 09/01/2026 12:26:46). Recompilando...
2026-09-01 12:45:59 [*] Compilando Release (dotnet build -c Release)...
  Determinando os projetos a serem restaurados...
  Todos os projetos est├úo atualizados para restaura├º├úo.
  NetworkDevice.Core -> C:\SPARC\src\NetworkDevice.Core\bin\Release\net8.0\NetworkDevice.Core.dll
  NetworkDevice.Protocols -> C:\SPARC\src\NetworkDevice.Protocols\bin\Release\net8.0\NetworkDevice.Protocols.dll
  NetworkDevice.Cisco -> C:\SPARC\src\NetworkDevice.Cisco\bin\Release\net8.0\NetworkDevice.Cisco.dll
  NetworkDevice.UI -> C:\SPARC\src\NetworkDevice.UI\bin\Release\net8.0-windows\NetworkDevice.UI.dll
  NetworkDevice.Cli -> C:\SPARC\src\NetworkDevice.Cli\bin\Release\net8.0\NetworkDevice.Cli.dll
  NetworkDevice.Tests -> C:\SPARC\tests\NetworkDevice.Tests\bin\Release\net8.0\NetworkDevice.Tests.dll

Compila├º├úo com ├¬xito.
    0 Aviso(s)
    0 Erro(s)

Tempo Decorrido 00:00:01.41
2026-09-01 12:46:04 [OK] Build Release concluido com sucesso.
2026-09-01 12:46:04 [*] Iniciando C:\SPARC\src\NetworkDevice.UI\bin\Release\net8.0-windows\NetworkDevice.UI.exe
2026-09-01 12:51:59 [*] Atalho SPARC recriado/corrigido com icone oficial: C:\Users\User\Desktop\SPARC.lnk
2026-09-01 12:51:59 [*] Modo local: Git nÃ£o sincronizado automaticamente (backup eventual apenas).
2026-09-01 12:51:59 [*] Codigo fonte mais recente que os binarios (MainWindow.xaml.cs 09/01/2026 12:42:22 > 09/01/2026 12:26:46). Recompilando...
2026-09-01 12:51:59 [*] Compilando Release (dotnet build -c Release)...
  Determinando os projetos a serem restaurados...
  Todos os projetos est├úo atualizados para restaura├º├úo.
  NetworkDevice.Core -> C:\SPARC\src\NetworkDevice.Core\bin\Release\net8.0\NetworkDevice.Core.dll
  NetworkDevice.Protocols -> C:\SPARC\src\NetworkDevice.Protocols\bin\Release\net8.0\NetworkDevice.Protocols.dll
  NetworkDevice.Cisco -> C:\SPARC\src\NetworkDevice.Cisco\bin\Release\net8.0\NetworkDevice.Cisco.dll
  NetworkDevice.UI -> C:\SPARC\src\NetworkDevice.UI\bin\Release\net8.0-windows\NetworkDevice.UI.dll
  NetworkDevice.Cli -> C:\SPARC\src\NetworkDevice.Cli\bin\Release\net8.0\NetworkDevice.Cli.dll
  NetworkDevice.Tests -> C:\SPARC\tests\NetworkDevice.Tests\bin\Release\net8.0\NetworkDevice.Tests.dll

Compila├º├úo com ├¬xito.
    0 Aviso(s)
    0 Erro(s)

Tempo Decorrido 00:00:01.33
2026-09-01 12:52:05 [OK] Build Release concluido com sucesso.
2026-09-01 12:52:05 [*] Iniciando C:\SPARC\src\NetworkDevice.UI\bin\Release\net8.0-windows\NetworkDevice.UI.exe
2026-09-01 13:00:34 [*] Atalho SPARC recriado/corrigido com icone oficial: C:\Users\User\Desktop\SPARC.lnk
2026-09-01 13:00:34 [*] Modo local: Git nÃ£o sincronizado automaticamente (backup eventual apenas).
2026-09-01 13:00:34 [*] Codigo fonte mais recente que os binarios (MainWindow.xaml.cs 09/01/2026 12:53:29 > 09/01/2026 12:26:46). Recompilando...
2026-09-01 13:00:34 [*] Compilando Release (dotnet build -c Release)...
  Determinando os projetos a serem restaurados...
  Todos os projetos est├úo atualizados para restaura├º├úo.
  NetworkDevice.Core -> C:\SPARC\src\NetworkDevice.Core\bin\Release\net8.0\NetworkDevice.Core.dll
  NetworkDevice.Protocols -> C:\SPARC\src\NetworkDevice.Protocols\bin\Release\net8.0\NetworkDevice.Protocols.dll
  NetworkDevice.Cisco -> C:\SPARC\src\NetworkDevice.Cisco\bin\Release\net8.0\NetworkDevice.Cisco.dll
  NetworkDevice.UI -> C:\SPARC\src\NetworkDevice.UI\bin\Release\net8.0-windows\NetworkDevice.UI.dll
  NetworkDevice.Cli -> C:\SPARC\src\NetworkDevice.Cli\bin\Release\net8.0\NetworkDevice.Cli.dll
  NetworkDevice.Tests -> C:\SPARC\tests\NetworkDevice.Tests\bin\Release\net8.0\NetworkDevice.Tests.dll

Compila├º├úo com ├¬xito.
    0 Aviso(s)
    0 Erro(s)

Tempo Decorrido 00:00:02.96
2026-09-01 13:00:41 [OK] Build Release concluido com sucesso.
2026-09-01 13:00:41 [*] Iniciando C:\SPARC\src\NetworkDevice.UI\bin\Release\net8.0-windows\NetworkDevice.UI.exe
2026-09-01 13:07:33 [*] Atalho SPARC recriado/corrigido com icone oficial: C:\Users\User\Desktop\SPARC.lnk
2026-09-01 13:07:33 [*] Modo local: Git nÃ£o sincronizado automaticamente (backup eventual apenas).
2026-09-01 13:07:33 [*] Codigo fonte mais recente que os binarios (PasswordAuthDialog.g.cs 09/01/2026 13:03:40 > 09/01/2026 12:26:46). Recompilando...
2026-09-01 13:07:33 [*] Compilando Release (dotnet build -c Release)...
  Determinando os projetos a serem restaurados...
  Todos os projetos est├úo atualizados para restaura├º├úo.
  NetworkDevice.Core -> C:\SPARC\src\NetworkDevice.Core\bin\Release\net8.0\NetworkDevice.Core.dll
  NetworkDevice.Protocols -> C:\SPARC\src\NetworkDevice.Protocols\bin\Release\net8.0\NetworkDevice.Protocols.dll
  NetworkDevice.Cisco -> C:\SPARC\src\NetworkDevice.Cisco\bin\Release\net8.0\NetworkDevice.Cisco.dll
  NetworkDevice.UI -> C:\SPARC\src\NetworkDevice.UI\bin\Release\net8.0-windows\NetworkDevice.UI.dll
  NetworkDevice.Cli -> C:\SPARC\src\NetworkDevice.Cli\bin\Release\net8.0\NetworkDevice.Cli.dll
  NetworkDevice.Tests -> C:\SPARC\tests\NetworkDevice.Tests\bin\Release\net8.0\NetworkDevice.Tests.dll

Compila├º├úo com ├¬xito.
    0 Aviso(s)
    0 Erro(s)

Tempo Decorrido 00:00:02.77
2026-09-01 13:07:41 [OK] Build Release concluido com sucesso.
2026-09-01 13:07:41 [*] Iniciando C:\SPARC\src\NetworkDevice.UI\bin\Release\net8.0-windows\NetworkDevice.UI.exe
2026-09-01 13:12:12 [*] Atalho SPARC recriado/corrigido com icone oficial: C:\Users\User\Desktop\SPARC.lnk
2026-09-01 13:12:12 [*] Modo local: Git nÃ£o sincronizado automaticamente (backup eventual apenas).
2026-09-01 13:12:12 [*] Codigo fonte mais recente que os binarios (PasswordAuthDialog.g.cs 09/01/2026 13:07:40 > 09/01/2026 12:26:46). Recompilando...
2026-09-01 13:12:12 [*] Compilando Release (dotnet build -c Release)...
  Determinando os projetos a serem restaurados...
  Todos os projetos est├úo atualizados para restaura├º├úo.
  NetworkDevice.Core -> C:\SPARC\src\NetworkDevice.Core\bin\Release\net8.0\NetworkDevice.Core.dll
  NetworkDevice.Protocols -> C:\SPARC\src\NetworkDevice.Protocols\bin\Release\net8.0\NetworkDevice.Protocols.dll
  NetworkDevice.Cisco -> C:\SPARC\src\NetworkDevice.Cisco\bin\Release\net8.0\NetworkDevice.Cisco.dll
  NetworkDevice.Tests -> C:\SPARC\tests\NetworkDevice.Tests\bin\Release\net8.0\NetworkDevice.Tests.dll
  NetworkDevice.UI -> C:\SPARC\src\NetworkDevice.UI\bin\Release\net8.0-windows\NetworkDevice.UI.dll
  NetworkDevice.Cli -> C:\SPARC\src\NetworkDevice.Cli\bin\Release\net8.0\NetworkDevice.Cli.dll

Compila├º├úo com ├¬xito.
    0 Aviso(s)
    0 Erro(s)

Tempo Decorrido 00:00:01.45
2026-09-01 13:12:18 [OK] Build Release concluido com sucesso.
2026-09-01 13:12:18 [*] Iniciando C:\SPARC\src\NetworkDevice.UI\bin\Release\net8.0-windows\NetworkDevice.UI.exe
2026-09-01 13:19:42 [*] Atalho SPARC recriado/corrigido com icone oficial: C:\Users\User\Desktop\SPARC.lnk
2026-09-01 13:19:42 [*] Modo local: Git nÃ£o sincronizado automaticamente (backup eventual apenas).
2026-09-01 13:19:42 [*] Codigo fonte mais recente que os binarios (PasswordAuthDialog.g.cs 09/01/2026 13:07:40 > 09/01/2026 12:26:46). Recompilando...
2026-09-01 13:19:42 [*] Compilando Release (dotnet build -c Release)...
  Determinando os projetos a serem restaurados...
  Todos os projetos est├úo atualizados para restaura├º├úo.
  NetworkDevice.Core -> C:\SPARC\src\NetworkDevice.Core\bin\Release\net8.0\NetworkDevice.Core.dll
  NetworkDevice.Protocols -> C:\SPARC\src\NetworkDevice.Protocols\bin\Release\net8.0\NetworkDevice.Protocols.dll
  NetworkDevice.Cisco -> C:\SPARC\src\NetworkDevice.Cisco\bin\Release\net8.0\NetworkDevice.Cisco.dll
  NetworkDevice.UI -> C:\SPARC\src\NetworkDevice.UI\bin\Release\net8.0-windows\NetworkDevice.UI.dll
  NetworkDevice.Cli -> C:\SPARC\src\NetworkDevice.Cli\bin\Release\net8.0\NetworkDevice.Cli.dll
  NetworkDevice.Tests -> C:\SPARC\tests\NetworkDevice.Tests\bin\Release\net8.0\NetworkDevice.Tests.dll

Compila├º├úo com ├¬xito.
    0 Aviso(s)
    0 Erro(s)

Tempo Decorrido 00:00:01.33
2026-09-01 13:19:48 [OK] Build Release concluido com sucesso.
2026-09-01 13:19:48 [*] Iniciando C:\SPARC\src\NetworkDevice.UI\bin\Release\net8.0-windows\NetworkDevice.UI.exe
2026-09-01 13:27:18 [*] Atalho SPARC recriado/corrigido com icone oficial: C:\Users\User\Desktop\SPARC.lnk
2026-09-01 13:27:18 [*] Modo local: Git nÃ£o sincronizado automaticamente (backup eventual apenas).
2026-09-01 13:27:18 [*] Codigo fonte mais recente que os binarios (PasswordAuthDialog.g.cs 09/01/2026 13:24:33 > 09/01/2026 12:26:46). Recompilando...
2026-09-01 13:27:18 [*] Compilando Release (dotnet build -c Release)...
  Determinando os projetos a serem restaurados...
  Todos os projetos est├úo atualizados para restaura├º├úo.
C:\SPARC\src\NetworkDevice.Core\Provisioning\HostNetworkManager.cs(199,20): warning CA1416: Este site de chamada pode ser acessado em todas as plataformas. S├│ h├í suporte para 'WindowsPrincipal.IsInRole(WindowsBuiltInRole)' em: 'windows'. (https://learn.microsoft.com/dotnet/fundamentals/code-analysis/quality-rules/ca1416) [C:\SPARC\src\NetworkDevice.Core\NetworkDevice.Core.csproj]
C:\SPARC\src\NetworkDevice.Core\Provisioning\HostNetworkManager.cs(199,39): warning CA1416: Este site de chamada pode ser acessado em todas as plataformas. S├│ h├í suporte para 'WindowsBuiltInRole.Administrator' em: 'windows'. (https://learn.microsoft.com/dotnet/fundamentals/code-analysis/quality-rules/ca1416) [C:\SPARC\src\NetworkDevice.Core\NetworkDevice.Core.csproj]
C:\SPARC\src\NetworkDevice.Core\Provisioning\HostNetworkManager.cs(197,28): warning CA1416: Este site de chamada pode ser acessado em todas as plataformas. S├│ h├í suporte para 'WindowsIdentity.GetCurrent()' em: 'windows'. (https://learn.microsoft.com/dotnet/fundamentals/code-analysis/quality-rules/ca1416) [C:\SPARC\src\NetworkDevice.Core\NetworkDevice.Core.csproj]
C:\SPARC\src\NetworkDevice.Core\Provisioning\HostNetworkManager.cs(198,29): warning CA1416: Este site de chamada pode ser acessado em todas as plataformas. S├│ h├í suporte para 'WindowsPrincipal' em: 'windows'. (https://learn.microsoft.com/dotnet/fundamentals/code-analysis/quality-rules/ca1416) [C:\SPARC\src\NetworkDevice.Core\NetworkDevice.Core.csproj]
  NetworkDevice.Core -> C:\SPARC\src\NetworkDevice.Core\bin\Release\net8.0\NetworkDevice.Core.dll
  NetworkDevice.Protocols -> C:\SPARC\src\NetworkDevice.Protocols\bin\Release\net8.0\NetworkDevice.Protocols.dll
  NetworkDevice.Cisco -> C:\SPARC\src\NetworkDevice.Cisco\bin\Release\net8.0\NetworkDevice.Cisco.dll
  NetworkDevice.UI -> C:\SPARC\src\NetworkDevice.UI\bin\Release\net8.0-windows\NetworkDevice.UI.dll
  NetworkDevice.Cli -> C:\SPARC\src\NetworkDevice.Cli\bin\Release\net8.0\NetworkDevice.Cli.dll
  NetworkDevice.Tests -> C:\SPARC\tests\NetworkDevice.Tests\bin\Release\net8.0\NetworkDevice.Tests.dll

Compila├º├úo com ├¬xito.

C:\SPARC\src\NetworkDevice.Core\Provisioning\HostNetworkManager.cs(199,20): warning CA1416: Este site de chamada pode ser acessado em todas as plataformas. S├│ h├í suporte para 'WindowsPrincipal.IsInRole(WindowsBuiltInRole)' em: 'windows'. (https://learn.microsoft.com/dotnet/fundamentals/code-analysis/quality-rules/ca1416) [C:\SPARC\src\NetworkDevice.Core\NetworkDevice.Core.csproj]
C:\SPARC\src\NetworkDevice.Core\Provisioning\HostNetworkManager.cs(199,39): warning CA1416: Este site de chamada pode ser acessado em todas as plataformas. S├│ h├í suporte para 'WindowsBuiltInRole.Administrator' em: 'windows'. (https://learn.microsoft.com/dotnet/fundamentals/code-analysis/quality-rules/ca1416) [C:\SPARC\src\NetworkDevice.Core\NetworkDevice.Core.csproj]
C:\SPARC\src\NetworkDevice.Core\Provisioning\HostNetworkManager.cs(197,28): warning CA1416: Este site de chamada pode ser acessado em todas as plataformas. S├│ h├í suporte para 'WindowsIdentity.GetCurrent()' em: 'windows'. (https://learn.microsoft.com/dotnet/fundamentals/code-analysis/quality-rules/ca1416) [C:\SPARC\src\NetworkDevice.Core\NetworkDevice.Core.csproj]
C:\SPARC\src\NetworkDevice.Core\Provisioning\HostNetworkManager.cs(198,29): warning CA1416: Este site de chamada pode ser acessado em todas as plataformas. S├│ h├í suporte para 'WindowsPrincipal' em: 'windows'. (https://learn.microsoft.com/dotnet/fundamentals/code-analysis/quality-rules/ca1416) [C:\SPARC\src\NetworkDevice.Core\NetworkDevice.Core.csproj]
    4 Aviso(s)
    0 Erro(s)

Tempo Decorrido 00:00:05.52
2026-09-01 13:27:27 [OK] Build Release concluido com sucesso.
2026-09-01 13:27:27 [*] Iniciando C:\SPARC\src\NetworkDevice.UI\bin\Release\net8.0-windows\NetworkDevice.UI.exe
2026-09-01 13:28:31 [*] Atalho SPARC recriado/corrigido com icone oficial: C:\Users\User\Desktop\SPARC.lnk
2026-09-01 13:28:31 [*] Modo local: Git nÃ£o sincronizado automaticamente (backup eventual apenas).
2026-09-01 13:28:32 [*] Codigo fonte mais recente que os binarios (PasswordAuthDialog.g.cs 09/01/2026 13:27:25 > 09/01/2026 13:27:23). Recompilando...
2026-09-01 13:28:32 [*] Compilando Release (dotnet build -c Release)...
  Determinando os projetos a serem restaurados...
  Todos os projetos est├úo atualizados para restaura├º├úo.
  NetworkDevice.Core -> C:\SPARC\src\NetworkDevice.Core\bin\Release\net8.0\NetworkDevice.Core.dll
  NetworkDevice.Protocols -> C:\SPARC\src\NetworkDevice.Protocols\bin\Release\net8.0\NetworkDevice.Protocols.dll
  NetworkDevice.Cisco -> C:\SPARC\src\NetworkDevice.Cisco\bin\Release\net8.0\NetworkDevice.Cisco.dll
  NetworkDevice.UI -> C:\SPARC\src\NetworkDevice.UI\bin\Release\net8.0-windows\NetworkDevice.UI.dll
  NetworkDevice.Cli -> C:\SPARC\src\NetworkDevice.Cli\bin\Release\net8.0\NetworkDevice.Cli.dll
  NetworkDevice.Tests -> C:\SPARC\tests\NetworkDevice.Tests\bin\Release\net8.0\NetworkDevice.Tests.dll

Compila├º├úo com ├¬xito.
    0 Aviso(s)
    0 Erro(s)

Tempo Decorrido 00:00:01.33
2026-09-01 13:28:37 [OK] Build Release concluido com sucesso.
2026-09-01 13:28:37 [*] Iniciando C:\SPARC\src\NetworkDevice.UI\bin\Release\net8.0-windows\NetworkDevice.UI.exe
2026-09-01 13:44:06 [*] Atalho SPARC recriado/corrigido com icone oficial: C:\Users\User\Desktop\SPARC.lnk
2026-09-01 13:44:06 [*] Modo local: Git nÃ£o sincronizado automaticamente (backup eventual apenas).
2026-09-01 13:44:06 [*] Codigo fonte mais recente que os binarios (PasswordAuthDialog.g.cs 09/01/2026 13:42:57 > 09/01/2026 13:27:23). Recompilando...
2026-09-01 13:44:06 [*] Compilando Release (dotnet build -c Release)...
  Determinando os projetos a serem restaurados...
  Todos os projetos est├úo atualizados para restaura├º├úo.
C:\SPARC\src\NetworkDevice.Core\Provisioning\HostNetworkManager.cs(199,39): warning CA1416: Este site de chamada pode ser acessado em todas as plataformas. S├│ h├í suporte para 'WindowsBuiltInRole.Administrator' em: 'windows'. (https://learn.microsoft.com/dotnet/fundamentals/code-analysis/quality-rules/ca1416) [C:\SPARC\src\NetworkDevice.Core\NetworkDevice.Core.csproj]
C:\SPARC\src\NetworkDevice.Core\Provisioning\HostNetworkManager.cs(197,28): warning CA1416: Este site de chamada pode ser acessado em todas as plataformas. S├│ h├í suporte para 'WindowsIdentity.GetCurrent()' em: 'windows'. (https://learn.microsoft.com/dotnet/fundamentals/code-analysis/quality-rules/ca1416) [C:\SPARC\src\NetworkDevice.Core\NetworkDevice.Core.csproj]
C:\SPARC\src\NetworkDevice.Core\Provisioning\HostNetworkManager.cs(198,29): warning CA1416: Este site de chamada pode ser acessado em todas as plataformas. S├│ h├í suporte para 'WindowsPrincipal' em: 'windows'. (https://learn.microsoft.com/dotnet/fundamentals/code-analysis/quality-rules/ca1416) [C:\SPARC\src\NetworkDevice.Core\NetworkDevice.Core.csproj]
C:\SPARC\src\NetworkDevice.Core\Provisioning\HostNetworkManager.cs(199,20): warning CA1416: Este site de chamada pode ser acessado em todas as plataformas. S├│ h├í suporte para 'WindowsPrincipal.IsInRole(WindowsBuiltInRole)' em: 'windows'. (https://learn.microsoft.com/dotnet/fundamentals/code-analysis/quality-rules/ca1416) [C:\SPARC\src\NetworkDevice.Core\NetworkDevice.Core.csproj]
  NetworkDevice.Core -> C:\SPARC\src\NetworkDevice.Core\bin\Release\net8.0\NetworkDevice.Core.dll
  NetworkDevice.Protocols -> C:\SPARC\src\NetworkDevice.Protocols\bin\Release\net8.0\NetworkDevice.Protocols.dll
  NetworkDevice.Cisco -> C:\SPARC\src\NetworkDevice.Cisco\bin\Release\net8.0\NetworkDevice.Cisco.dll
  NetworkDevice.Tests -> C:\SPARC\tests\NetworkDevice.Tests\bin\Release\net8.0\NetworkDevice.Tests.dll
  NetworkDevice.Cli -> C:\SPARC\src\NetworkDevice.Cli\bin\Release\net8.0\NetworkDevice.Cli.dll
  NetworkDevice.UI -> C:\SPARC\src\NetworkDevice.UI\bin\Release\net8.0-windows\NetworkDevice.UI.dll

Compila├º├úo com ├¬xito.

C:\SPARC\src\NetworkDevice.Core\Provisioning\HostNetworkManager.cs(199,39): warning CA1416: Este site de chamada pode ser acessado em todas as plataformas. S├│ h├í suporte para 'WindowsBuiltInRole.Administrator' em: 'windows'. (https://learn.microsoft.com/dotnet/fundamentals/code-analysis/quality-rules/ca1416) [C:\SPARC\src\NetworkDevice.Core\NetworkDevice.Core.csproj]
C:\SPARC\src\NetworkDevice.Core\Provisioning\HostNetworkManager.cs(197,28): warning CA1416: Este site de chamada pode ser acessado em todas as plataformas. S├│ h├í suporte para 'WindowsIdentity.GetCurrent()' em: 'windows'. (https://learn.microsoft.com/dotnet/fundamentals/code-analysis/quality-rules/ca1416) [C:\SPARC\src\NetworkDevice.Core\NetworkDevice.Core.csproj]
C:\SPARC\src\NetworkDevice.Core\Provisioning\HostNetworkManager.cs(198,29): warning CA1416: Este site de chamada pode ser acessado em todas as plataformas. S├│ h├í suporte para 'WindowsPrincipal' em: 'windows'. (https://learn.microsoft.com/dotnet/fundamentals/code-analysis/quality-rules/ca1416) [C:\SPARC\src\NetworkDevice.Core\NetworkDevice.Core.csproj]
C:\SPARC\src\NetworkDevice.Core\Provisioning\HostNetworkManager.cs(199,20): warning CA1416: Este site de chamada pode ser acessado em todas as plataformas. S├│ h├í suporte para 'WindowsPrincipal.IsInRole(WindowsBuiltInRole)' em: 'windows'. (https://learn.microsoft.com/dotnet/fundamentals/code-analysis/quality-rules/ca1416) [C:\SPARC\src\NetworkDevice.Core\NetworkDevice.Core.csproj]
    4 Aviso(s)
    0 Erro(s)

Tempo Decorrido 00:00:05.58
2026-09-01 13:44:17 [OK] Build Release concluido com sucesso.
2026-09-01 13:44:17 [*] Iniciando C:\SPARC\src\NetworkDevice.UI\bin\Release\net8.0-windows\NetworkDevice.UI.exe
2026-09-01 13:56:21 [*] Atalho SPARC recriado/corrigido com icone oficial: C:\Users\User\Desktop\SPARC.lnk
2026-09-01 13:56:21 [*] Modo local: Git nÃ£o sincronizado automaticamente (backup eventual apenas).
2026-09-01 13:56:21 [*] Codigo fonte mais recente que os binarios (PasswordAuthDialog.g.cs 09/01/2026 13:54:17 > 09/01/2026 13:44:15). Recompilando...
2026-09-01 13:56:21 [*] Compilando Release (dotnet build -c Release)...
  Determinando os projetos a serem restaurados...
  Todos os projetos est├úo atualizados para restaura├º├úo.
C:\SPARC\src\NetworkDevice.Core\Provisioning\HostNetworkManager.cs(199,39): warning CA1416: Este site de chamada pode ser acessado em todas as plataformas. S├│ h├í suporte para 'WindowsBuiltInRole.Administrator' em: 'windows'. (https://learn.microsoft.com/dotnet/fundamentals/code-analysis/quality-rules/ca1416) [C:\SPARC\src\NetworkDevice.Core\NetworkDevice.Core.csproj]
C:\SPARC\src\NetworkDevice.Core\Provisioning\HostNetworkManager.cs(199,20): warning CA1416: Este site de chamada pode ser acessado em todas as plataformas. S├│ h├í suporte para 'WindowsPrincipal.IsInRole(WindowsBuiltInRole)' em: 'windows'. (https://learn.microsoft.com/dotnet/fundamentals/code-analysis/quality-rules/ca1416) [C:\SPARC\src\NetworkDevice.Core\NetworkDevice.Core.csproj]
C:\SPARC\src\NetworkDevice.Core\Provisioning\HostNetworkManager.cs(198,29): warning CA1416: Este site de chamada pode ser acessado em todas as plataformas. S├│ h├í suporte para 'WindowsPrincipal' em: 'windows'. (https://learn.microsoft.com/dotnet/fundamentals/code-analysis/quality-rules/ca1416) [C:\SPARC\src\NetworkDevice.Core\NetworkDevice.Core.csproj]
C:\SPARC\src\NetworkDevice.Core\Provisioning\HostNetworkManager.cs(197,28): warning CA1416: Este site de chamada pode ser acessado em todas as plataformas. S├│ h├í suporte para 'WindowsIdentity.GetCurrent()' em: 'windows'. (https://learn.microsoft.com/dotnet/fundamentals/code-analysis/quality-rules/ca1416) [C:\SPARC\src\NetworkDevice.Core\NetworkDevice.Core.csproj]
  NetworkDevice.Core -> C:\SPARC\src\NetworkDevice.Core\bin\Release\net8.0\NetworkDevice.Core.dll
  NetworkDevice.Protocols -> C:\SPARC\src\NetworkDevice.Protocols\bin\Release\net8.0\NetworkDevice.Protocols.dll
  NetworkDevice.Cisco -> C:\SPARC\src\NetworkDevice.Cisco\bin\Release\net8.0\NetworkDevice.Cisco.dll
  NetworkDevice.Tests -> C:\SPARC\tests\NetworkDevice.Tests\bin\Release\net8.0\NetworkDevice.Tests.dll
  NetworkDevice.UI -> C:\SPARC\src\NetworkDevice.UI\bin\Release\net8.0-windows\NetworkDevice.UI.dll
  NetworkDevice.Cli -> C:\SPARC\src\NetworkDevice.Cli\bin\Release\net8.0\NetworkDevice.Cli.dll

Compila├º├úo com ├¬xito.

C:\SPARC\src\NetworkDevice.Core\Provisioning\HostNetworkManager.cs(199,39): warning CA1416: Este site de chamada pode ser acessado em todas as plataformas. S├│ h├í suporte para 'WindowsBuiltInRole.Administrator' em: 'windows'. (https://learn.microsoft.com/dotnet/fundamentals/code-analysis/quality-rules/ca1416) [C:\SPARC\src\NetworkDevice.Core\NetworkDevice.Core.csproj]
C:\SPARC\src\NetworkDevice.Core\Provisioning\HostNetworkManager.cs(199,20): warning CA1416: Este site de chamada pode ser acessado em todas as plataformas. S├│ h├í suporte para 'WindowsPrincipal.IsInRole(WindowsBuiltInRole)' em: 'windows'. (https://learn.microsoft.com/dotnet/fundamentals/code-analysis/quality-rules/ca1416) [C:\SPARC\src\NetworkDevice.Core\NetworkDevice.Core.csproj]
C:\SPARC\src\NetworkDevice.Core\Provisioning\HostNetworkManager.cs(198,29): warning CA1416: Este site de chamada pode ser acessado em todas as plataformas. S├│ h├í suporte para 'WindowsPrincipal' em: 'windows'. (https://learn.microsoft.com/dotnet/fundamentals/code-analysis/quality-rules/ca1416) [C:\SPARC\src\NetworkDevice.Core\NetworkDevice.Core.csproj]
C:\SPARC\src\NetworkDevice.Core\Provisioning\HostNetworkManager.cs(197,28): warning CA1416: Este site de chamada pode ser acessado em todas as plataformas. S├│ h├í suporte para 'WindowsIdentity.GetCurrent()' em: 'windows'. (https://learn.microsoft.com/dotnet/fundamentals/code-analysis/quality-rules/ca1416) [C:\SPARC\src\NetworkDevice.Core\NetworkDevice.Core.csproj]
    4 Aviso(s)
    0 Erro(s)

Tempo Decorrido 00:00:03.06
2026-09-01 13:56:29 [OK] Build Release concluido com sucesso.
2026-09-01 13:56:29 [*] Iniciando C:\SPARC\src\NetworkDevice.UI\bin\Release\net8.0-windows\NetworkDevice.UI.exe
2026-09-01 15:01:49 [*] Atalho SPARC recriado/corrigido com icone oficial: C:\Users\User\Desktop\SPARC.lnk
2026-09-01 15:01:49 [*] Modo local: Git nÃ£o sincronizado automaticamente (backup eventual apenas).
2026-09-01 15:01:49 [*] Codigo fonte mais recente que os binarios (PasswordAuthDialog.g.cs 09/01/2026 13:56:28 > 09/01/2026 13:56:27). Recompilando...
2026-09-01 15:01:49 [*] Compilando Release (dotnet build -c Release)...
  Determinando os projetos a serem restaurados...
  Todos os projetos est├úo atualizados para restaura├º├úo.
  NetworkDevice.Core -> C:\SPARC\src\NetworkDevice.Core\bin\Release\net8.0\NetworkDevice.Core.dll
  NetworkDevice.Protocols -> C:\SPARC\src\NetworkDevice.Protocols\bin\Release\net8.0\NetworkDevice.Protocols.dll
  NetworkDevice.Cisco -> C:\SPARC\src\NetworkDevice.Cisco\bin\Release\net8.0\NetworkDevice.Cisco.dll
  NetworkDevice.UI -> C:\SPARC\src\NetworkDevice.UI\bin\Release\net8.0-windows\NetworkDevice.UI.dll
  NetworkDevice.Tests -> C:\SPARC\tests\NetworkDevice.Tests\bin\Release\net8.0\NetworkDevice.Tests.dll
  NetworkDevice.Cli -> C:\SPARC\src\NetworkDevice.Cli\bin\Release\net8.0\NetworkDevice.Cli.dll

Compila├º├úo com ├¬xito.
    0 Aviso(s)
    0 Erro(s)

Tempo Decorrido 00:00:02.54
2026-09-01 15:01:55 [OK] Build Release concluido com sucesso.
2026-09-01 15:01:55 [*] Iniciando C:\SPARC\src\NetworkDevice.UI\bin\Release\net8.0-windows\NetworkDevice.UI.exe
2026-09-01 15:06:24 [*] Atalho SPARC recriado/corrigido com icone oficial: C:\Users\User\Desktop\SPARC.lnk
2026-09-01 15:06:24 [*] Modo local: Git nÃ£o sincronizado automaticamente (backup eventual apenas).
2026-09-01 15:06:24 [*] Codigo fonte mais recente que os binarios (PasswordAuthDialog.g.cs 09/01/2026 13:56:28 > 09/01/2026 13:56:27). Recompilando...
2026-09-01 15:06:24 [*] Compilando Release (dotnet build -c Release)...
  Determinando os projetos a serem restaurados...
  Todos os projetos est├úo atualizados para restaura├º├úo.
C:\SPARC\src\NetworkDevice.Core\Provisioning\HostNetworkManager.cs(197,28): warning CA1416: Este site de chamada pode ser acessado em todas as plataformas. S├│ h├í suporte para 'WindowsIdentity.GetCurrent()' em: 'windows'. (https://learn.microsoft.com/dotnet/fundamentals/code-analysis/quality-rules/ca1416) [C:\SPARC\src\NetworkDevice.Core\NetworkDevice.Core.csproj]
C:\SPARC\src\NetworkDevice.Core\Provisioning\HostNetworkManager.cs(199,39): warning CA1416: Este site de chamada pode ser acessado em todas as plataformas. S├│ h├í suporte para 'WindowsBuiltInRole.Administrator' em: 'windows'. (https://learn.microsoft.com/dotnet/fundamentals/code-analysis/quality-rules/ca1416) [C:\SPARC\src\NetworkDevice.Core\NetworkDevice.Core.csproj]
C:\SPARC\src\NetworkDevice.Core\Provisioning\HostNetworkManager.cs(199,20): warning CA1416: Este site de chamada pode ser acessado em todas as plataformas. S├│ h├í suporte para 'WindowsPrincipal.IsInRole(WindowsBuiltInRole)' em: 'windows'. (https://learn.microsoft.com/dotnet/fundamentals/code-analysis/quality-rules/ca1416) [C:\SPARC\src\NetworkDevice.Core\NetworkDevice.Core.csproj]
C:\SPARC\src\NetworkDevice.Core\Provisioning\HostNetworkManager.cs(198,29): warning CA1416: Este site de chamada pode ser acessado em todas as plataformas. S├│ h├í suporte para 'WindowsPrincipal' em: 'windows'. (https://learn.microsoft.com/dotnet/fundamentals/code-analysis/quality-rules/ca1416) [C:\SPARC\src\NetworkDevice.Core\NetworkDevice.Core.csproj]
  NetworkDevice.Core -> C:\SPARC\src\NetworkDevice.Core\bin\Release\net8.0\NetworkDevice.Core.dll
  NetworkDevice.Protocols -> C:\SPARC\src\NetworkDevice.Protocols\bin\Release\net8.0\NetworkDevice.Protocols.dll
  NetworkDevice.Cisco -> C:\SPARC\src\NetworkDevice.Cisco\bin\Release\net8.0\NetworkDevice.Cisco.dll
  NetworkDevice.UI -> C:\SPARC\src\NetworkDevice.UI\bin\Release\net8.0-windows\NetworkDevice.UI.dll
  NetworkDevice.Cli -> C:\SPARC\src\NetworkDevice.Cli\bin\Release\net8.0\NetworkDevice.Cli.dll
  NetworkDevice.Tests -> C:\SPARC\tests\NetworkDevice.Tests\bin\Release\net8.0\NetworkDevice.Tests.dll

Compila├º├úo com ├¬xito.

C:\SPARC\src\NetworkDevice.Core\Provisioning\HostNetworkManager.cs(197,28): warning CA1416: Este site de chamada pode ser acessado em todas as plataformas. S├│ h├í suporte para 'WindowsIdentity.GetCurrent()' em: 'windows'. (https://learn.microsoft.com/dotnet/fundamentals/code-analysis/quality-rules/ca1416) [C:\SPARC\src\NetworkDevice.Core\NetworkDevice.Core.csproj]
C:\SPARC\src\NetworkDevice.Core\Provisioning\HostNetworkManager.cs(199,39): warning CA1416: Este site de chamada pode ser acessado em todas as plataformas. S├│ h├í suporte para 'WindowsBuiltInRole.Administrator' em: 'windows'. (https://learn.microsoft.com/dotnet/fundamentals/code-analysis/quality-rules/ca1416) [C:\SPARC\src\NetworkDevice.Core\NetworkDevice.Core.csproj]
C:\SPARC\src\NetworkDevice.Core\Provisioning\HostNetworkManager.cs(199,20): warning CA1416: Este site de chamada pode ser acessado em todas as plataformas. S├│ h├í suporte para 'WindowsPrincipal.IsInRole(WindowsBuiltInRole)' em: 'windows'. (https://learn.microsoft.com/dotnet/fundamentals/code-analysis/quality-rules/ca1416) [C:\SPARC\src\NetworkDevice.Core\NetworkDevice.Core.csproj]
C:\SPARC\src\NetworkDevice.Core\Provisioning\HostNetworkManager.cs(198,29): warning CA1416: Este site de chamada pode ser acessado em todas as plataformas. S├│ h├í suporte para 'WindowsPrincipal' em: 'windows'. (https://learn.microsoft.com/dotnet/fundamentals/code-analysis/quality-rules/ca1416) [C:\SPARC\src\NetworkDevice.Core\NetworkDevice.Core.csproj]
    4 Aviso(s)
    0 Erro(s)

Tempo Decorrido 00:00:07.61
2026-09-01 15:06:35 [OK] Build Release concluido com sucesso.
2026-09-01 15:06:35 [*] Iniciando C:\SPARC\src\NetworkDevice.UI\bin\Release\net8.0-windows\NetworkDevice.UI.exe
